-- MySQL dump 10.16  Distrib 10.1.26-MariaDB, for debian-linux-gnu (x86_64)
--
-- Host: localhost    Database: dbvictimas
-- ------------------------------------------------------
-- Server version	10.1.26-MariaDB-0+deb9u1

/*!40101 SET @OLD_CHARACTER_SET_CLIENT=@@CHARACTER_SET_CLIENT */;
/*!40101 SET @OLD_CHARACTER_SET_RESULTS=@@CHARACTER_SET_RESULTS */;
/*!40101 SET @OLD_COLLATION_CONNECTION=@@COLLATION_CONNECTION */;
/*!40101 SET NAMES utf8mb4 */;
/*!40103 SET @OLD_TIME_ZONE=@@TIME_ZONE */;
/*!40103 SET TIME_ZONE='+00:00' */;
/*!40014 SET @OLD_UNIQUE_CHECKS=@@UNIQUE_CHECKS, UNIQUE_CHECKS=0 */;
/*!40014 SET @OLD_FOREIGN_KEY_CHECKS=@@FOREIGN_KEY_CHECKS, FOREIGN_KEY_CHECKS=0 */;
/*!40101 SET @OLD_SQL_MODE=@@SQL_MODE, SQL_MODE='NO_AUTO_VALUE_ON_ZERO' */;
/*!40111 SET @OLD_SQL_NOTES=@@SQL_NOTES, SQL_NOTES=0 */;

--
-- Table structure for table `asistencias`
--

DROP TABLE IF EXISTS `asistencias`;
/*!40101 SET @saved_cs_client     = @@character_set_client */;
/*!40101 SET character_set_client = utf8 */;
CREATE TABLE `asistencias` (
  `id` int(10) unsigned NOT NULL,
  `nombre` varchar(255) DEFAULT NULL
) ENGINE=InnoDB DEFAULT CHARSET=latin1;
/*!40101 SET character_set_client = @saved_cs_client */;

--
-- Dumping data for table `asistencias`
--

LOCK TABLES `asistencias` WRITE;
/*!40000 ALTER TABLE `asistencias` DISABLE KEYS */;
INSERT INTO `asistencias` VALUES (1,'Jurídica'),(2,'Psicológica '),(3,'Socioeconómica');
/*!40000 ALTER TABLE `asistencias` ENABLE KEYS */;
UNLOCK TABLES;

--
-- Table structure for table `caratulas`
--

DROP TABLE IF EXISTS `caratulas`;
/*!40101 SET @saved_cs_client     = @@character_set_client */;
/*!40101 SET character_set_client = utf8 */;
CREATE TABLE `caratulas` (
  `id` int(10) unsigned NOT NULL,
  `caso_id` int(11) DEFAULT NULL,
  `delito_id` int(11) DEFAULT NULL
) ENGINE=InnoDB DEFAULT CHARSET=latin1;
/*!40101 SET character_set_client = @saved_cs_client */;

--
-- Dumping data for table `caratulas`
--

LOCK TABLES `caratulas` WRITE;
/*!40000 ALTER TABLE `caratulas` DISABLE KEYS */;
/*!40000 ALTER TABLE `caratulas` ENABLE KEYS */;
UNLOCK TABLES;

--
-- Table structure for table `caso_cavaj`
--

DROP TABLE IF EXISTS `caso_cavaj`;
/*!40101 SET @saved_cs_client     = @@character_set_client */;
/*!40101 SET character_set_client = utf8 */;
CREATE TABLE `caso_cavaj` (
  `id` int(10) unsigned NOT NULL AUTO_INCREMENT,
  `caso_id` int(11) DEFAULT NULL,
  `cavaj_id` int(11) DEFAULT NULL,
  PRIMARY KEY (`id`)
) ENGINE=InnoDB DEFAULT CHARSET=latin1;
/*!40101 SET character_set_client = @saved_cs_client */;

--
-- Dumping data for table `caso_cavaj`
--

LOCK TABLES `caso_cavaj` WRITE;
/*!40000 ALTER TABLE `caso_cavaj` DISABLE KEYS */;
/*!40000 ALTER TABLE `caso_cavaj` ENABLE KEYS */;
UNLOCK TABLES;

--
-- Table structure for table `caso_organismos`
--

DROP TABLE IF EXISTS `caso_organismos`;
/*!40101 SET @saved_cs_client     = @@character_set_client */;
/*!40101 SET character_set_client = utf8 */;
CREATE TABLE `caso_organismos` (
  `id` int(10) unsigned NOT NULL AUTO_INCREMENT,
  `caso_id` int(10) DEFAULT NULL,
  `organismo_id` int(10) DEFAULT NULL,
  PRIMARY KEY (`id`)
) ENGINE=InnoDB DEFAULT CHARSET=latin1;
/*!40101 SET character_set_client = @saved_cs_client */;

--
-- Dumping data for table `caso_organismos`
--

LOCK TABLES `caso_organismos` WRITE;
/*!40000 ALTER TABLE `caso_organismos` DISABLE KEYS */;
/*!40000 ALTER TABLE `caso_organismos` ENABLE KEYS */;
UNLOCK TABLES;

--
-- Table structure for table `casos`
--

DROP TABLE IF EXISTS `casos`;
/*!40101 SET @saved_cs_client     = @@character_set_client */;
/*!40101 SET character_set_client = utf8 */;
CREATE TABLE `casos` (
  `id` int(10) unsigned NOT NULL AUTO_INCREMENT,
  `created_at` timestamp NULL DEFAULT NULL,
  `updated_at` timestamp NULL DEFAULT NULL,
  `nombre_referencia` varchar(255) DEFAULT NULL,
  `nro_carpeta` varchar(40) DEFAULT NULL,
  `delito` int(11) DEFAULT NULL,
  `otro_delito` varchar(255) DEFAULT NULL,
  `descripcion_caso` varchar(10000) DEFAULT NULL,
  `fecha_ingreso` varchar(20) DEFAULT NULL,
  `modalidad_ingreso` int(11) DEFAULT NULL,
  `organismo` int(11) DEFAULT NULL,
  `cual_otro_organismo` varchar(255) DEFAULT NULL,
  `cavaj` int(11) DEFAULT NULL,
  `comisaria` varchar(255) DEFAULT NULL,
  `denuncias_previas` int(11) DEFAULT NULL,
  `departamento_judicial` int(11) DEFAULT NULL,
  `estado` int(11) DEFAULT NULL,
  `motivospasivos` int(11) DEFAULT NULL,
  `cual_otro_motivospasivo` varchar(255) DEFAULT NULL,
  `nombre_y_apellido_de_la_victima` varchar(255) DEFAULT NULL,
  `persona_asistida` int(11) DEFAULT NULL,
  `fecha_delito` int(11) DEFAULT NULL,
  `fecha_hecho` varchar(20) DEFAULT NULL,
  `fecha_hecho_otro` varchar(100) DEFAULT NULL,
  `pais_hecho` int(11) DEFAULT NULL,
  `pais_hecho_otro` varchar(255) DEFAULT NULL,
  `provincia_hecho` int(11) DEFAULT NULL,
  `localidad_hecho` int(11) DEFAULT NULL,
  `usuarios` int(11) DEFAULT NULL,
  `userID_create` int(11) DEFAULT NULL,
  `userID_modify` int(11) DEFAULT NULL,
  `sede` varchar(255) DEFAULT NULL,
  `activo` int(11) DEFAULT NULL,
  PRIMARY KEY (`id`)
) ENGINE=InnoDB AUTO_INCREMENT=262 DEFAULT CHARSET=latin1;
/*!40101 SET character_set_client = @saved_cs_client */;

--
-- Dumping data for table `casos`
--

LOCK TABLES `casos` WRITE;
/*!40000 ALTER TABLE `casos` DISABLE KEYS */;
INSERT INTO `casos` VALUES (1,'2019-09-05 14:42:47','2019-09-05 16:39:24','BRAIAN QUIROGA',NULL,28,NULL,'AAA','2018-12-30',2,NULL,NULL,1,'Se desconoce',2,4,1,NULL,NULL,'BRAIAN QUIROGA',NULL,1,'2018-12-30',NULL,1,NULL,1,1,NULL,23,21,'LA PLATA',1),(2,'2019-09-05 15:39:38','2019-09-05 15:39:38','ABRIL BOGADO','7998',13,NULL,'ABRIL Y SU FAMILIA VOLVIAN DE UNA FIESTA Y CUANDO SE DISPONIAN A GUARDAR EL AUTO DOS HOMBRES LOS ABORDARON LE ROBARON LA BILLETERA AL PADRE Y DISPARARON CONTRA EL VIDRIO TRASERO PROVOCANDOLE LA MUERTE A LA NIÑA','2017-11-05',3,3,NULL,1,'Se desconoce',2,7,1,NULL,NULL,'ABRIL BOGADO',NULL,1,'2017-11-05',NULL,1,NULL,1,423,NULL,29,NULL,'LA PLATA',1),(3,'2019-09-05 15:51:14','2019-09-05 15:51:14','ORTIZ',NULL,37,NULL,'Los ninos ana y franco fueron abusados por la pareja de su madre sr nestor','2017-05-02',1,NULL,NULL,7,'Se desconoce',2,8,1,NULL,NULL,'ANA ORTIZ',NULL,3,NULL,NULL,1,NULL,1,742,NULL,11,NULL,'EZEIZA',1),(4,'2019-09-05 15:57:57','2019-09-05 15:57:57','ZOE MURIEL GERPE',NULL,37,NULL,'SE TRATA DE UNA SITUACION DE ABUSO SEXUAL INFANTIL MANIFESTADO POR LA NIÑA ZOE GERPE 12 EN PRIMERA INSTANCIA EN LA ESCUELA DONDE CONCURRIA DONDE EL AGRESOR SERIA LA ACTUAL PAREJA DE LA MADRE SR LEONARDO RIOS 40 POR DICHO MOTIVO LA ESCUELA ORIENTA A SU MADRE PARA QUE REALICE LA DENUNCIA CORRESPONDIENTE LA CUAL ES DEL AÑO 2017 AUNQUE SEGUN DICHOS DEL PADRE BIOLOGICO DICHA DENUNCIA NO ESPECIFICA AL AGRESOR YA QUE LA MADRE DESCREE DE LOS DICHOS DE LA NIÑA\r\nACTUALMENTE LA NIÑA SE ENCUENTRA VIVIENDO CON SU PADRE Y LA MADRE AUNQUE NO ESTA IMPOSIBILITADA DE VISITARLA NO LO ESTARIA HACIENDO AUN NO SE ENCUENTRA ESTABLECIDA UNA CUOTA ALIMENTARIA','2019-04-22',1,NULL,NULL,23,'Se desconoce',1,6,1,NULL,NULL,'ZOE MURIEL GERPE',NULL,2,NULL,'DESDE EL 2017',1,NULL,1,1,NULL,50,NULL,'LA PLATA',1),(5,'2019-09-05 16:07:19','2019-09-05 16:07:19','CASO ESCOBAR',NULL,37,NULL,'UNA MUJER DENUNCIA A SU EX PAREJA  CRISTIAN GASTON PALMIER POR ABUSAR SEXUALMENTE DE SUS DOS HIJOS MENORES 8 Y 2 AÑOS AL MOMENTO DEL HECHO DESDE QUE RADICO LA DENUNCIA ELLA Y SUS HIJOS CUENTAN CON MEDIDAS PERIMETRALES LAS CUALES EL SEÑOR LAS VIOLA ADEMAS RECIBE HOSTIGAMIENTOS Y AMENAZAS CONSTANTES','2018-02-24',2,NULL,NULL,1,'Se desconoce',3,19,1,NULL,NULL,'BRISA PALMIERI',NULL,3,NULL,NULL,1,NULL,1,1,NULL,44,NULL,'LA PLATA',1),(6,'2019-09-05 16:08:18','2019-09-05 21:15:59','BORRAR1',NULL,15,NULL,'UN JOVEN DE 27 AÑOS DE EDAD TRABAJADOR DE LA EMPRESA DELIVERY GLOVO FUE ABORDADO POR DOS DELINCUENTES EN LA PLATA QUE INTENTARON ROBARLE LE DISPARARON EN DOS OPORTUNIDADES PROVOCANDOLE UNA HERIDA DE BALA A LA ALTURA DEL TORAX Y OTRA EN UNO DE SUS BRAZOS A RAIZ DEL HECHO FUE INTERNADO EN EL HOSPITAL SAN MARTIN','2018-11-21',3,24,'OTRO ORGANISMO',1,'Se desconoce',2,7,1,NULL,NULL,'BORRAR1',NULL,3,NULL,NULL,1,NULL,1,423,NULL,17,111,'LA PLATA',1),(7,'2019-09-05 16:08:31','2019-09-05 16:08:31','CASO ESCOBAR',NULL,37,NULL,'UNA MUJER DENUNCIA A SU EX PAREJA  CRISTIAN GASTON PALMIER POR ABUSAR SEXUALMENTE DE SUS DOS HIJOS MENORES 8 Y 2 AÑOS AL MOMENTO DEL HECHO DESDE QUE RADICO LA DENUNCIA ELLA Y SUS HIJOS CUENTAN CON MEDIDAS PERIMETRALES LAS CUALES EL SEÑOR LAS VIOLA ADEMAS RECIBE HOSTIGAMIENTOS Y AMENAZAS CONSTANTES','2018-02-24',2,NULL,NULL,1,'Se desconoce',3,19,1,NULL,NULL,'BRISA PALMIERI Y BAUTISTA PALMIERI',NULL,3,NULL,NULL,1,NULL,1,1,NULL,44,NULL,'LA PLATA',1),(8,'2019-09-05 16:12:06','2019-09-05 16:12:06','LUDUEÑA LUCAS','8312',13,NULL,'UN JOVEN FUE ASESINADO A PUÑALADAS LUEGO DE UNA DISCUSIÓN EN LA VÍA PÚBLICA','2019-02-28',2,NULL,NULL,1,'Se desconoce',2,7,1,NULL,NULL,'LUDUEÑA LUCAS',NULL,1,'2019-01-19',NULL,1,NULL,1,4090,NULL,48,NULL,'LA PLATA',1),(9,'2019-09-05 16:13:05','2019-09-05 16:13:05','GISELLA SOLIS CALLE',NULL,10,NULL,'EL DÍA 19 DE ENERO DE 2019 NOS ANOTICIAMOS QUE GISELLA SOLÍS CALLE DE 47 AÑOS SE ENCONTRABA DESAPARECIDA DESDE EL MIÉRCOLES 16 DE ENERO\r\nSE SUPONE QUE GISELLA HABRÍA MANTENIDO UNA REUNIÓN CON QUIEN FUERA SU PAREJA EL SR CASIMIRO ABEL OCAMPO TRAS LA MISMA NO SE SUPO MÁS NADA DE GISELLA\r\nSU AUSENCIA EN SU LUGAR DE TRABAJO LLAMÓ LA ATENCIÓN DE SUS FAMILIARES QUIENES RADICARON LA DENUNCIA CORRESPONDIENTE \r\nEL DÍA 21 DE ENERO DE 2019 EL SR OCAMPO SE SUICIDÓ EN LA HABITACIÓN DEL HOTEL  CUANDO LA POLICÍA ESTABA A PUNTO DE INGRESAR\r\nFINALMENTE EL DÍA 29 DE ENERO DE 2019 FUE HALLADO SIN VIDA EL CUERPO DE GISELLA','2019-01-19',2,NULL,NULL,1,'COMISARIA 4 LA PLATA Y DDI LA PLATA',2,7,1,NULL,NULL,'GISELLA SOLIS CALLE',NULL,1,'2019-01-16',NULL,1,NULL,1,114,NULL,21,NULL,'LA PLATA',1),(10,'2019-09-05 16:14:27','2019-09-05 16:14:27','CASO KEVIN',NULL,15,NULL,'UN JOVEN DE 27 AÑOS DE EDAD TRABAJADOR DE LA EMPRESA DELIVERY GLOVO FUE ABORDADO POR DOS DELINCUENTES EN LA PLATA QUE INTENTARON ROBARLE LE DISPARARON EN DOS OPORTUNIDADES PROVOCANDOLE UNA HERIDA DE BALA A LA ALTURA DEL TORAX Y OTRA EN UNO DE SUS BRAZOS A RAIZ DEL HECHO FUE INTERNADO EN EL HOSPITAL SAN MARTIN','2018-11-21',2,NULL,NULL,1,'Se desconoce',2,7,1,NULL,NULL,'KEVIN SANHUEZA',NULL,3,NULL,NULL,1,NULL,1,423,NULL,17,NULL,'LA PLATA',1),(11,'2019-09-05 16:17:23','2019-09-05 16:17:23','CASO ESCOBAR',NULL,37,NULL,'UNA MUJER DENUNCIA A SU EX PAREJA  CRISTIAN GASTON PALMIER POR ABUSAR SEXUALMENTE DE SUS DOS HIJOS MENORES 8 Y 2 AÑOS AL MOMENTO DEL HECHO DESDE QUE RADICO LA DENUNCIA ELLA Y SUS HIJOS CUENTAN CON MEDIDAS PERIMETRALES LAS CUALES EL SEÑOR LAS VIOLA ADEMAS RECIBE HOSTIGAMIENTOS Y AMENAZAS CONSTANTES','2018-02-24',2,NULL,NULL,1,'Se desconoce',3,19,1,NULL,NULL,'BRISA PALMIERI Y BAUTISTA PALMIERI',NULL,3,NULL,NULL,1,NULL,1,1,NULL,44,NULL,'LA PLATA',1),(12,'2019-09-05 16:22:08','2019-09-05 16:22:08','CHOQUE VALLEJOS BERNAVE','8267',36,'CONFLICTO VECINAL','BERNAVE SE ENCUENTRA A CARGO DE SUS HIJOS DE 7 Y 5 AÑOS\r\n HACE SEIS MESES UN GRUPO DE PERSONAS USURPO PARTE DE LA VIVIENDA DONDE HABITABA JUNTO A SU FAMILIA \r\nREFIERE HABER SUFRIDO LESIONES Y AMENAZAS','2019-01-03',3,4,NULL,1,'Se desconoce',1,7,1,NULL,NULL,'CHOQUE VALLEJOS BERNAVE ALEX SADI',NULL,2,NULL,'DESDE EL SEGUNDO SEMESTRE DEL 2018',1,NULL,1,423,NULL,45,NULL,'LA PLATA',1),(13,'2019-09-05 16:26:10','2019-09-05 16:26:10','CACERES YOLANDA  ANDREA',NULL,15,NULL,'CASO DERIVADO POR CPV DE LA PLATA\r\nSE PRESENTA LA SRA CACERES MANIFESTANDO HABER SIDO VICTIMA DE LESIONES GRAVES  Y AMENAZAS EJERCIDOS POR VECINOS A PARTIR DE UNA DISCUSION POR UN CAÑO DE AGUA COMPARTIDO REFIERE QUE TAMBIEN HA SIDO AGREDIDO SU HIJO EZEQUIEL LINDER 19 \r\nSU HIJA PAOLA LINDER 25 Y SU NIETO AARON BENJAMIN CARDOZO 9 PUDIERON ESCONDERSE EN EL HOGAR SIN SUFRIR AGRESIONES\r\nSOLICITA ASESORAMIENTO JURIDICO Y AYUDA SOCIAL\r\nDOMICILIO CASA 8 PARCELA 2 EDIFICIO 17 CIUDAD EVITA  LA MATANZA','2019-02-04',3,15,NULL,23,'Se desconoce',3,6,1,NULL,NULL,'CACERES YOLANDA  ANDREA',NULL,2,NULL,'23 DE ENERO 2019',1,NULL,1,181,NULL,50,NULL,'LA PLATA',1),(14,'2019-09-05 16:28:34','2019-09-05 16:28:34','ROXANA CHAZARRETA','8263',32,NULL,'ROXANA SE ACERCA AL CPV ACOMPAÑADA DE SUS HIJAS ARIANA 20 AÑOS Y AGUSTINA 17 AÑOS QUIENES RELATAN LAS SITUACIONES DE VIOLENCIA SUFRIDAS POR PARTE DE SU PADRE CRISTIAN SICARI DESDE HACE 22 AÑOS\r\nMOTIVA LA ÚLTIMA DENUNCIA REALIZADA EL 12 DE DICIEMBRE DE 2018 DONDE OCURRE UN EPISODIO VIOLENTO DONDE RESULTÓ VÍCTIMA EL PADRE DE ROXANA RECIBIENDO GOLPES POR PARTE DE CRISTIAN Y AMENAZANDO A SUS HIJAS Y A ROXANA DE QUEMAR LA CASA Y DE TIRARLA POR LA ESCALERA A ELLA','2019-01-04',1,NULL,NULL,1,'COMISARIA 1 DE GUERNICA',2,7,1,NULL,NULL,'ROXANA CHAZARRETA',NULL,1,'2018-12-12',NULL,1,NULL,1,349,NULL,37,NULL,'LA PLATA',1),(15,'2019-09-05 16:36:14','2019-09-05 16:36:14','RODRIGO TORRES',NULL,13,NULL,'RODRIGO SALIA DE UNA FIESTA EL SABADO 13 DE OCTUBRE DE 2018 CUANDO FUE INTERCEPTADO POR 4 JOVENES CON QUIENES DISCUTIO APARENTEMENTE PORQUE QUERIAN ABUSAR DE UNA CHICA Y UNO DE ELLOS SE ENCONTRABA A CABALLO\r\nLAS CAMARAS DE SEGURIDAD MUESTRAN COMO UNO DE LOS AGRESORES LO MATA Y OTRO OBSERVA DESDE ARRIBA DEL CABALLO A LA VEZ QUE LE ROBAN SUS PERTENENCIAS','2018-10-13',2,NULL,NULL,1,'Se desconoce',2,7,2,1,NULL,'RODRIGO TORRES',NULL,1,'2018-10-13',NULL,1,NULL,1,1,NULL,23,NULL,'LA PLATA',1),(16,'2019-09-05 16:40:32','2019-09-05 16:40:32','ARIANA DAFNE ARIAS','8285',2,NULL,'ARIANA Y SU AMIGA AGUSTINA FUERON DROGADAS Y ABUSADAS SEXUALMENTE POR VARIOS HOMBRES CON QUIENES COMPARTIERON UNA REUNIÓN NO HAY DETENIDOS INTERVIENE EL GABINETE DE DELITOS CONTRA LA INTEGRIDAD SEXUAL DE LA PLATA','2019-02-04',1,NULL,NULL,1,'Se desconoce',2,7,1,NULL,NULL,'ARIANA DAFNE ARIAS',NULL,1,'2019-01-18',NULL,1,NULL,1,423,NULL,29,NULL,'LA PLATA',1),(17,'2019-09-05 16:41:10','2019-09-05 16:41:10','CARLOS FARFAN - MARINA TONTIGO','163',15,NULL,'SE ASALTO A LA FAMILIA COMPLETA UNO DE ELLOS RESULTO HERIDO','2019-09-04',2,NULL,NULL,10,'COMISARIA SEGUNDA DE FLORENCIO VARELA',3,15,1,NULL,NULL,'CARLOS FARFAN -MARINA TONTIGO',NULL,1,'2019-06-25',NULL,1,NULL,1,292,NULL,89,NULL,'QUILMES',1),(18,'2019-09-05 16:47:32','2019-09-05 16:47:32','YESICA GONZALEZ',NULL,2,NULL,'SE TRATA DE UN CASO DE ABUSO SEXUAL QUIEN TIENE COMO VICTIMA A LA SRA YESICA GONZALEZ CUANDO TENIA 7 AÑOS HASTA SUS 13 AÑOS EL ABUSADOR ES SU TIO MATERNO EL SR SIXTO MIGUEL GONZALEZ LA VICTIMA REALIZO DENUNCIA POLICIAL EN DICIEMBRE DEL 2018 POR LOS EPISODIOS DE ABUSO MANIFIESTA QUE ATRAVESO PERICIA PSICOLOGICA Y TESTIMONIAL PARALELAMENTE LA VICTIMA VIVENCIO EPISODIOS DE AMENAZAS POR PARTE DEL ABUSADOR POR LO CUAL SE PRESENTO EN LA COMISARIA DE LA MUJER Y RADICO DENUNCIA EN LA FISCALIA N 4\r\nLA SRA GONZALEZ SOLICITA ORIENTACON LEGAL','2019-05-03',3,15,NULL,23,'Se desconoce',3,6,1,NULL,NULL,'YESICA GONZALEZ',NULL,2,NULL,'DESDE LOS 7 AÑOS DE EDAD DE LA VICTIMA HASTA LOS 13 AÑOS',1,NULL,1,1,NULL,50,NULL,'LA PLATA',1),(19,'2019-09-05 16:50:10','2019-09-05 16:50:10','CRISTINA RODRIGUEZ',NULL,10,NULL,'EL DÍA 18-05-19 CRISTINA RODRÍGUEZ FUE ASESINADA POR PARTE DE SU EX PAREJA EL CUAL ES UN EX COMISARIO DE LA POLICÍA BONAERENSE CUANDO ESTE FUE A BUSCARLA A LA PUERTA DEL SALÓN DE FIESTAS DEL CUMPLEAÑOS DE 15 DE SU NIETA \r\nEL AGRESOR HUGO IBARRA EMPEZÓ A DISCUTIR CON LA VÍCTIMA Y A INSULTARLA HASTA QUE FINALMENTE LA ASESINÓ DE UN BALAZO EN LA CABEZA\r\n LUEGO DE ESTO EL SUJETO FUE DETENIDO EN EL MISMO LUGAR','2019-05-19',2,NULL,NULL,1,'COMISARIA 1 MARCOS PAZ',1,10,1,NULL,NULL,'NOEMI CRISTINA RODRIGUEZ',NULL,1,'2019-05-18',NULL,1,NULL,1,509,NULL,21,NULL,'LA PLATA',1),(20,'2019-09-05 16:50:48','2019-09-05 16:50:48','ROXANA CHAZARRETA','8263',32,NULL,'ROXANA SE ACERCA AL CPV ACOMPAÑADA DE SUS HIJAS ARIANA 20 AÑOS Y AGUSTINA 17 AÑOS QUIENES RELATAN LAS SITUACIONES DE VIOLENCIA SUFRIDAS POR PARTE DE SU PADRE CRISTIAN SICARI DESDE HACE 22 AÑOS\r\nMOTIVA LA ÚLTIMA DENUNCIA REALIZADA EL 12 DE DICIEMBRE DE 2018 DONDE OCURRE UN EPISODIO VIOLENTO DONDE RESULTÓ VÍCTIMA EL PADRE DE ROXANA RECIBIENDO GOLPES POR PARTE DE CRISTIAN Y AMENAZANDO A SUS HIJAS Y A ROXANA DE QUEMAR LA CASA Y DE TIRARLA POR LA ESCALERA A ELLA','2019-01-04',1,NULL,NULL,1,'COMISARIA 1 DE GUERNICA',2,7,1,NULL,NULL,'ROXANA CHAZARRETA',NULL,1,'2018-12-12',NULL,1,NULL,1,349,NULL,37,NULL,'LA PLATA',1),(21,'2019-09-05 16:58:01','2019-09-05 16:58:01','Miriam Graciela Sánchez',NULL,32,NULL,'Miriam es victima de violencia psicologica por parte de su ex marido por lo cual realizo la denuncia y posterior medida perimetral','2017-11-24',1,NULL,NULL,21,'Comisaría de la Mujer y la Familia de José C Paz',1,4,2,2,NULL,'Miriam Graciela Sánchez',NULL,2,NULL,'Los hechos de violencia psicológica que sufre la víctima son de larga data',1,NULL,1,383,NULL,12,NULL,'JOSE C. PAZ',1),(22,'2019-09-05 17:02:16','2019-09-05 17:02:16','ANGELA DE LOS SANTOS',NULL,22,NULL,'EL EQUIPO DEL CAVAJ TANDIL  ASISTE  EL 25 DE AGOSTO DE 2019 A ANGELA DE LOS SANTOS DE 45 ANOS DE EDAD VICTIMA DE ROBO EN LA LOCALIDAD DE TANDIL','2017-08-25',2,NULL,NULL,16,'Se desconoce',2,1,2,2,NULL,'ANGELA DE LOS SANTOS',NULL,1,'2017-08-24',NULL,1,NULL,1,719,NULL,102,NULL,'TANDIL',1),(23,'2019-09-05 17:07:29','2019-09-05 17:07:29','YESICA ESTHER PORCO CARLOS',NULL,37,NULL,'EL DIA 15 DE FEBRERO DE 2019 EL ETP CAVAJ LA MATANZA RECIBE DE FORMA ESPONTANEA Y DERIVADO DE LA COMISARIA DE LA MUJER EL PRESENTE CASO SE TRATA DE DOS DELITOS GRAVES HACIA LA SRA YESICA ESTHER PORCO CARLOS \r\nEL PRIMER DELITO DATA DEL AÑO 1990 CORRESPONDE AL ABUSO SEXUAL CON ACCESO CARNAL QUE VIVENCIO A LA EDAD DE 6 AÑOS POR PARTE DEL SR MIGUEL VELOSO QUIEN EN EL MOMENTO DEL HECHO TENIA 12 AÑOS ACTUALMENTE CON 41 AÑOS POR DICHO HECHO LA SRA PORCO CARLOS REALIZO LA DENUNCIA POLICIAL EN LA COMISARIA DE LA MUJER CON FECHA 14 DE FEBRERO 2019\r\nEL SEGUNDO DELITO CORRESPONDE A LAS AMENAZAS QUE RECIBIO LA SRA PORCO CARLOS A PRINCIPIOS DE FEBRERO DE 2019 POR PARTE DEL SR RICARDO BELOZO POR LO CUAL REALIZO DENUNCIA POLICIAL EN LA COMISARIA DE LAFERRERE CON FECHA 12 DE FEBRERO DE 2019 \r\nLA SRA PORCO CARLOS SOLICITA ASESORAMIENTO LEGAL','2019-04-05',1,NULL,NULL,23,'COMISARIA DE LA MUJER',2,6,1,NULL,NULL,'YESICA ESTHER PORCO CARLOS',NULL,2,NULL,'DESDE EL 1990',1,NULL,1,346,NULL,50,NULL,'LA PLATA',1),(24,'2019-09-05 17:09:21','2019-09-05 17:09:21','ADRIAN RUBEN SANDOVAL',NULL,15,NULL,'POLICIA DE LA BONAERENSE FUE HERIDO DE BALA EN EL CUELLO Y CARA TRAS SUFRIR UN ASALTO EN SU VIVIENDA','2019-02-08',2,NULL,NULL,23,'Se desconoce',2,6,2,2,NULL,'ADRIAN RUBEN SANDOVAL',NULL,3,NULL,NULL,1,NULL,1,1,NULL,28,NULL,'LA PLATA',1),(25,'2019-09-05 17:11:53','2019-09-05 17:11:53','BASTIAN COFFARO MENOR','8318',36,'ABUSO SEXUAL AGRAVADO','ANALIA DENUNCIA A SU EX PAREJA CRISTIAN TOBIO POR ABUSO SEXUAL DE SU HIJO BASTIAN','2019-03-15',2,NULL,NULL,1,'Se desconoce',1,7,1,NULL,NULL,'BASTIAN COFFARO',NULL,1,'2017-06-29',NULL,1,NULL,1,272,NULL,45,NULL,'LA PLATA',1),(26,'2019-09-05 17:14:28','2019-09-05 17:14:28','BERENICE BETANCOURT','162',37,NULL,'UNA JOVEN LOGRO REVELARLE A SUS TIOS Y ABUELOS QUE DURANTE VARIOS AÑOS FUE ABUSADA POR LA PAREJA DE SU MADRE - ESTA ULTIMA LOS ENCONTRO DURANTE UNO DE LOS EPISODIOS DE ABUSO Y ECHO AL AGRESOR DE LA CASA - SIN EMBARGO NUNCA RADICO LA DENUNCIA PENAL - EL HOMBRE ES MIEMBRO DE LA ARMADA ARGENTINA - POR EL MOMENTO NO HAY DENUNCIA - SIN EMBARGO BERENICE SE COMUNICO CON EL CPV PARA SOLICITAR EL ACOMPAÑAMIENTO INTERDISCIPLINARIO DE UN EQUIPO PARA QUE LA ORIENTE RESPECTO A LA CAUSA PENAL Y PODER AVANZAR CON ELLO','2019-09-03',2,NULL,NULL,10,'Se desconoce',3,15,1,NULL,NULL,'BERENICE BETANCOURT',NULL,3,NULL,NULL,1,NULL,1,111,NULL,89,NULL,'QUILMES',1),(27,'2019-09-05 17:16:11','2019-09-05 17:16:11','MARIA ESPERANZA HERNANDEZ',NULL,37,NULL,'MARÍA FUE VÍCTIMA DE ABUSO SEXUAL CON ACCESO CARNAL AGRAVADO POR PARTE DE SU GUARDADOR Y PADRE DE SU HERMANO DESDE QUE TENÍA 13 AÑOS\r\nPRODUCTO DE TALES VIOLACIONES NACE LUNA CANDELA ACTUALMENTE DE 2 AÑOS DE EDAD Y SE INVESTIGA SI LIZA MABEL DE DOS MESES','2017-10-20',3,12,NULL,1,'Se desconoce',2,5,2,1,NULL,'MARIA ESPERANZA HERNANDEZ',NULL,2,NULL,'LARGA DATA',1,NULL,1,1,NULL,23,NULL,'LA PLATA',1),(28,'2019-09-05 17:16:21','2019-09-05 17:16:21','BANCES SANTAMARIA ANA MARIA','8317',35,NULL,'ANA MARIA DICE HABER SIDO VÍCTIMA DE VIOLENCIA POR PARTE DE SU HERMANO QUIEN LE HABRIA PRENDIDO  FUEGO SUS PERTENENCIAS','2019-03-11',2,NULL,NULL,1,'Se desconoce',2,7,1,NULL,NULL,'BANCE SANTAMARIA ANA MARIA',NULL,3,NULL,NULL,1,NULL,1,4090,NULL,48,NULL,'LA PLATA',1),(29,'2019-09-05 17:17:43','2019-09-05 17:17:43','SARMIENTO LEONARDO GABRIEL','8223',13,NULL,'SARMIENTO ERA POLICIA SE ENCONTRABA INVESTIGANDO EN FORMA ENCUBIERTA JUNTO A UNA COMPAÑERA Y FUERON ASALTADOS POR VARIOS JOVENES QUIENES LES ROBARON LAS ARMAS REGLAMENTARIAS Y UNO DE ELLOS DE CATORCE AÑOS LE DISPARO EN EL PECHO CAUSANDOLE LA MUERTE','2018-10-31',2,NULL,NULL,1,'COMISARIA 1RA',2,8,1,NULL,NULL,'LEONARDO GABRIEL SARMIENTO',NULL,1,'2018-12-31',NULL,1,NULL,1,47,NULL,22,NULL,'LA PLATA',1),(30,'2019-09-05 17:18:06','2019-09-05 17:18:06','MARIANO GONZALEZ',NULL,9,NULL,'MARIANO GONZÁLEZ JOVEN DE 26 AÑOS QUE SE ENCUENTRA DESAPARECIDO DESDE EL 7-12-2017 MARIANO VIAJÓ A LA PLATA A RENDIR UN EXAMEN EN LA FACULTAD DE CIENCIAS ECONÓMICAS DEBIENDO REGRESAR ESA NOCHE A SU CASA EN CORONEL SUÁREZ PERO NO SE SUPO MÁS NADA DE ÉL','2017-12-21',2,NULL,NULL,1,'DDI LA PLATA',2,7,1,NULL,NULL,'MARIANO GONZALEZ SCHWINDT',NULL,1,'2017-12-07',NULL,1,NULL,1,423,NULL,21,NULL,'LA PLATA',1),(31,'2019-09-05 17:18:23','2019-09-05 17:18:23','Gabriela Lugo',NULL,10,NULL,'Gabriela Lugo de 26 años fue victima de femicidio en Jose C Paz','2018-02-12',1,NULL,NULL,21,'Comisaría 1era de Jose C Paz',2,4,1,NULL,NULL,'Gabriela Lugo',NULL,1,'2018-07-19',NULL,1,NULL,1,383,NULL,12,NULL,'JOSE C. PAZ',1),(32,'2019-09-05 17:20:00','2019-09-05 17:20:00','SARMIENTO LEONARDO GABRIEL','8223',13,NULL,'SARMIENTO ERA POLICIA SE ENCONTRABA INVESTIGANDO EN FORMA ENCUBIERTA JUNTO A UNA COMPAÑERA Y FUERON ASALTADOS POR VARIOS JOVENES QUIENES LES ROBARON LAS ARMAS REGLAMENTARIAS Y UNO DE ELLOS DE CATORCE AÑOS LE DISPARO EN EL PECHO CAUSANDOLE LA MUERTE','2018-10-31',2,NULL,NULL,1,'COMISARIA 1RA',2,8,1,NULL,NULL,'LEONARDO GABRIEL SARMIENTO',NULL,1,'2018-12-31',NULL,1,NULL,1,47,NULL,22,NULL,'LA PLATA',1),(33,'2019-09-05 17:28:16','2019-09-05 17:28:16','YANINA MIRANDA',NULL,32,NULL,'SE TRATA DE UN CASO DE VIOLENCIA DE GENERO QUIEN TIENE COMO VICTIMAS A LA SRA  YANINA MIRANDA Y A SU HIJA 13 AÑOS LA SRA MIRANDA ES VICTIMA DE VIOLENCIA DESDE HACE APROXIMADAMENTE DIEZ AÑOS POR PARTE DE SU EXPAREJA SR MATIAS EMANUEL ALE 34 AÑOS EL ACUSADO TAMBIEN EMPRENDIO CONDUCTAS VIOLENTAS HACIA SU HIJA LA SRA MIRANDA  SE SEPARO  HACE CUATRO AÑOS  ACTUALMENTE SOLICITA ORIENTACION PARA REALIZAR DENUNCIA POLICIAL Y EL PROCEDIMIENTO A SEGUIR','2019-05-20',1,NULL,NULL,23,'COMISARIA DE LA MUJER',1,6,1,NULL,NULL,'YANINA MIRANDA',NULL,2,NULL,'DESDE APROXIMADAMENTE 10 AÑOS',1,NULL,1,620,NULL,50,NULL,'LA PLATA',1),(34,'2019-09-05 17:30:30','2019-09-05 17:30:30','AGUSTINA SOFIA PAZ','8292',2,NULL,'AGUSTINA Y SU AMIGA ARIANA FUERON DROGADAS Y ABUSADAS SEXUALMENTE POR UN JOVEN DE 16 Y  OTRO DE 19 AÑOS EN UNA CASA DE BARRIO AEROPUERTO DURANTE UNA JUNTADA','2019-02-13',1,NULL,NULL,1,'Se desconoce',2,7,1,NULL,NULL,'AGUSTINA SOFIA PAZ',NULL,1,'2019-01-19',NULL,1,NULL,1,423,NULL,29,NULL,'LA PLATA',1),(35,'2019-09-05 17:30:39','2019-09-05 17:30:39','CASO',NULL,37,NULL,'EL DÍA 1 DE JUNIO DEL CORRIENTE AÑO TOMAMOS CONOCIMIENTO POR INTERMEDIO DE MÓNICA CORTÍNEZ PRESIDENTA DE LA ONG SOS NIÑOS EN RIESGO DE UNA SITUACIÓN PARTICULAR EN LA QUE UNA NIÑA DE NOMBRE BUSTAMANTE DENISSE DE 3 AÑOS DE EDAD DOMICILIADA EN FLORENCIO VARELA HABRÍA TENIDO EN EL ÚLTIMO TIEMPO CAMBIOS ABRUPTOS EN EL COMPORTAMIENTO QUE HARÍAN SOSPECHAR LA EXISTENCIA DE ABUSO SEXUAL INFANTIL\r\nNOS COMUNICAMOS CON BUSTAMANTE EMANUEL PADRE BIOLÓGICO DE LA NIÑA QUIEN MANIFIESTA QUE DESDE HACE ALREDEDOR DE 2 MESES OBSERVA EN SU HIJA CIERTAS CONDUCTAS LLAMATIVAS JUEGOS EXTRAÑOS TIMIDEZ EXCESIVA ANGUSTIA Y RETICENCIA CUANDO TIENE QUE PERMANECER EN LA CASA MATERNA Y QUE EN UNA OPORTUNIDAD REFIRIÓ A VENEDICTA SU ABUELA PATERNA  SENTIR DOLORES EN LA ZONA DE LOS GENITALES ANTE LA INTERROGACIÓN POR PARTE DE SU ABUELA SOBRE QUIEN LE HABRÍA CAUSADO ESE DOLOR LA NIÑA MANIFESTÓ FUE EL TÍO MIGUELITO TÍO MATERNO QUE CONVIVE EN EL MISMO HOGAR QUE LA MADRE\r\nASIMISMO EMANUEL NOS EXPLICA QUE SU EX PAREJA MADRE DE LA NIÑA HABRÍA REALIZADO UNA DENUNCIA EN CONTRA DE ÉL Y DE VENEDICTA SU MADRE DE LAS QUE HABRÍAN OTORGADO UNA MEDIDA DE PROTECCIÓN CON PROHIBICIÓN DE ACERCAMIENTO NO OBSTANTE TRAS HABER TOMADO CONOCIMIENTO DE LA SITUACIÓN PADECIDA POR SU HIJA EMANUEL DESOBEDECIÓ ESTA MEDIDA PRESERVANDO Y PROHIBIENDO QUE DENISSE REGRESE A LA CASA MATERNA EMANUEL REFIERE QUE DESDE QUE DENISSE CONVIVE CON ÉL SU COMPORTAMIENTO HA CAMBIADO VOLVIENDO A SER COMO ERA ANTES UNA NIÑA ALEGRE Y QUE YA NO PRESENTA LOS SÍNTOMAS ANTES DESCRITOS\r\nCABE DESTACAR QUE EMANUEL Y SU MADRE VENEDICTA TESTIFICARON ANTE LA FISCALÍA SOBRE ESTA SITUACIÓN E IMPLEMENTARON LAS MEDIDAS Y RECURSOS NECESARIOS PARA ACOMPAÑAR A DENISSE A QUE LE REALICEN LOS ESTUDIOS Y LAS PRUEBAS PERTINENTES PARA ESCLARECER LA SITUACIÓN DE ABUSO DE LA QUE DENISSE RESULTARÍA VÍCTIMA','2018-06-02',2,NULL,NULL,1,'Se desconoce',2,15,1,NULL,NULL,'DENISSE BUSTAMANTE',NULL,3,NULL,NULL,1,NULL,1,292,NULL,17,NULL,'LA PLATA',1),(36,'2019-09-05 17:34:24','2019-09-05 17:34:24','ESTEFANIA BARRETO',NULL,37,NULL,'DOS MENORES DE EDAD Y SU HERMANA MAYOR VICTIMAS DE ABUSO SEXUAL POR PARTE DE SU PADRASTRO LOS EPISODIOS DE ABUSO SON DE LARGA DATA EL IMPUTADO SE ENCUENTRA DETENIDO ACTUALMENTE NINGUNA DE LAS VICTIMAS SE ENCUENTRA EN TRATAMIENTO PSICOLOGICO','2019-03-11',2,NULL,NULL,1,'Se desconoce',3,7,1,NULL,NULL,'ESTEFANIA BARRETO AYLEN SUAREZ  NARA SUAREZ',NULL,3,NULL,NULL,1,NULL,1,1,NULL,44,NULL,'LA PLATA',1),(37,'2019-09-05 17:35:47','2019-09-05 17:35:47','JUAN IGNACIO QUIROGA',NULL,13,NULL,'EL 21-04-2018 IGNACIO FUE ASESINADO POR SU CUÑADO HEDER OLIVERA A PUÑALADAS EN LA LOCALIDAD DE ARRIBEÑOS CUANDO SALIO A BAILAR','2018-04-25',2,NULL,NULL,1,'Se desconoce',2,5,2,1,NULL,'JUAN IGNACIO QUIROGA',NULL,1,'2018-04-25',NULL,1,NULL,1,37,NULL,23,NULL,'LA PLATA',1),(38,'2019-09-05 17:38:24','2019-09-05 17:38:24','PAULA SAMMER','161',37,NULL,'LA SRA MARIANA LIPPI REFIERE TENER UNA HIJA DE 12 AÑOS - PAULA SAMMER - VICTIMA DE ASI POR PARTE DE SU PADRE A LA EDAD DE 4 ANOS - SEGUN REFIERE HACE DOS AÑOS SE LLEVO A CABO EL JUICIO CON UNA SENTENCIA DE 10 AÑOS Y NO SE ESTARIA CUMPLIENDO SU CONDENA-\r\nLA DEMANDA PRINCIPAL RADICA EN CONOCER LA SITUACION PROCESAL DE SU EX PAREJA- SI ESTA CUMPLIENDO CONDENA YA QUE ESTOS ULTIMOS DIAS FUE DE PUBLICO CONOCIMIENTO LA ESTAFA COMETIDA POR LA EMPRESA DE LA CUAL ES DUEÑO VIVIENDAS SOLANO Y PODRIA ENCONTRARSE PROFUGO-','2019-09-02',2,NULL,NULL,10,'Se desconoce',3,15,1,NULL,NULL,'PAULA SAMMER',NULL,3,NULL,NULL,1,NULL,1,1,NULL,89,NULL,'QUILMES',1),(39,'2019-09-05 17:42:21','2019-09-05 17:42:21','Alexis Gabriel Perren',NULL,13,NULL,'Alexis fue víctima de homicidio en la via publica en el Partido de Malvinas Argentinas','2019-04-09',2,NULL,NULL,21,'2da de Malvinas Argentinas',2,4,1,NULL,NULL,'Alexis Gabriel Perren',NULL,1,'2019-03-10',NULL,1,NULL,1,490,NULL,12,NULL,'JOSE C. PAZ',1),(40,'2019-09-05 17:49:09','2019-09-05 17:49:09','PAYE YESICA','8334',2,NULL,'YESICA DENUNCIA QUE  EN SU LUGAR DE TRABAJO COPPEL CONTRATARON UNA EMPRESA PARA QUE LOS EMPLEADOS SE REALIZARAN ESTUDIOS PARA LA LIBRETA SANITARIA Y EL RADIOLOGO ACOSO DE ELLA Y OTRAS COMPAÑERAS MAS','2019-04-08',1,NULL,NULL,1,'Se desconoce',2,7,1,NULL,NULL,'YESICA PAYE',NULL,3,NULL,NULL,1,NULL,1,423,NULL,48,NULL,'LA PLATA',1),(41,'2019-09-05 17:53:29','2019-09-05 17:53:29','GOBERNACION',NULL,13,NULL,'ESTELA SERRANO DNI 18036456 ES MAMÁ DE BENITO RICARDO QUE ES ASESINADO EN EL 2011 A MANOS DE LODOLA Y MADRE DE JAVIER DAVID VALLEJO QUIEN EN EL 2015 FALLECE EN UNA DISPUTA CON VECINOS','2018-05-07',3,15,NULL,1,'Se desconoce',3,15,1,NULL,NULL,'DAVID VALLEJOS',NULL,1,'2015-01-01',NULL,1,NULL,1,617,NULL,17,NULL,'LA PLATA',1),(42,'2019-09-05 17:54:22','2019-09-05 17:54:22','Avendaño Tiara',NULL,37,NULL,'la menor fue victima de abuso sexual por la pareja de su madre','2019-04-04',2,NULL,NULL,1,'Se desconoce',2,7,1,NULL,NULL,'Avendaño tiara',NULL,1,'2019-03-30',NULL,1,NULL,1,423,NULL,33,NULL,'LA PLATA',1),(43,'2019-09-05 17:54:27','2019-09-05 17:54:27','CANDELA AYELEN LEGUIZAMON',NULL,13,NULL,'NIÑA ASESINADA POR SU PADRASTRO EN EL AÑO 2016','2019-03-25',1,NULL,NULL,23,'Se desconoce',3,6,2,2,NULL,'CANDELA AYELEN LEGUIZAMON',NULL,3,NULL,NULL,1,NULL,1,1,NULL,28,NULL,'LA PLATA',1),(44,'2019-09-05 17:55:33','2019-09-05 17:55:33','VALENTÍN FERNÁNDEZ',NULL,37,NULL,'PRESENTACIÓN ESPONTÁNEA DE CASO DE ASI DENUNCIADO POR LA VÍCTIMA 10 AÑOS DESPUÉS\r\nVALENTÍN FERNÁNDEZ SE PRESENTA JUNTO A SU GRUPO FAMILIAR CONFORMADO POR SU MADRE  ANDREA LORENA RODRÍGUEZ DNI 20592668 FN16 DE FEBRERO DE 1969 PADRE HERMANO Y SU NOVIA LUCÍA REFIERE HABER PADECIDO DESDE SUS 6 AÑOS HASTA LOS  9 AÑOS ABUSO SEXUAL POR PARTE DE PABLO RAMÓN FERNÁNDEZ 39  PRIMO DE SU MADRE REFIERE QUE EL DENUNCIADO DESDE AQUEL MOMENTO Y EN LA ACTUALIDAD VIVE AL LADO DE LA VIVIENDA DE LA FAMILIA ESTA ÚLTIMA SE ENCUENTRA UBICADA SOBRE CALLE BERNA 2356 EN LA LOCALIDAD DE ISIDRO CASANOVA\r\nSOLICITAN INTERVENCIÓN DEL CAVAJ','2019-01-21',1,NULL,NULL,23,'Se desconoce',3,6,1,NULL,NULL,'VALENTÍN FERNÁNDEZ',NULL,2,NULL,'DE LOS 6 AÑOS A LOS 9 AÑOS DE EDAD',1,NULL,1,1,NULL,50,NULL,'LA PLATA',1),(45,'2019-09-05 17:55:44','2019-09-05 17:55:44','Carlos Valenzuela',NULL,13,NULL,'Carlos fue víctima de homicidio en Malvinas Argentinas el 28 de diciembre del 2018','2018-12-29',2,NULL,NULL,21,'1era de Malvinas Argentinas',2,4,1,NULL,NULL,'Carlos Valenzuela',NULL,1,'2018-12-29',NULL,1,NULL,1,490,NULL,12,NULL,'JOSE C. PAZ',1),(46,'2019-09-05 17:56:15','2019-09-05 17:56:15','MERCEDES VERA','8354',32,NULL,'MERCEDES DENUNCIA HABER SIDO VÍCTIMA DE VIOLENCIA VERBAL POR PARTE DE SU PAREJA DESDE HACE 2 AÑOS HASTA QUE HACE 9 DIAS SUFRIO UN ATAQUE DE MAYOR GRAVEDAD DONDE TUVO QUE LLAMAR AL 911','2019-05-02',2,NULL,NULL,1,'Se desconoce',1,7,1,NULL,NULL,'MERCEDES VERA',NULL,2,NULL,'HACE 9 DIAS',1,NULL,1,423,NULL,24,NULL,'LA PLATA',1),(47,'2019-09-05 17:57:02','2019-09-05 17:57:02','DANIEL ALBERTO JUAREZ','7',13,NULL,'SEÑOR FALLECIDO POR LOS GOLPES Y MALTRATO RECIBIDOS EN LA INSTITUCION DE ESTANCIAS DE PILAR FUE HOSPITALIZADO EN EL HOSPITAL DE PILAR Y LUEGO DERIVADO A LA CLÍNICA FATIMA DONDE FALLECE','2016-12-06',1,NULL,NULL,6,'COMISARIA 1era Pilar',2,16,1,NULL,NULL,'DANIEL ALBERTO JUAREZ',NULL,3,NULL,NULL,1,NULL,1,590,NULL,82,NULL,'PILAR',1),(48,'2019-09-05 17:57:53','2019-09-05 17:57:53','ANDREA VAZQUEZ',NULL,37,NULL,'ANDREA VAZQUEZ','2017-03-08',3,7,NULL,11,'Se desconoce',2,8,1,NULL,NULL,'ANDREA VAZQUEZ',NULL,3,NULL,NULL,1,NULL,1,466,NULL,58,NULL,'LOMAS Z.',1),(49,'2019-09-05 17:58:26','2019-09-05 17:58:26','AGUSTIN JIMENEZ',NULL,9,NULL,'EL 221218 VÍA MAIL SE TOMA CONOCIMIENTO POR PARTE SE LA SRA GRISELDA MOLINA DEL PRESENTECASO SE TRATA DE LA DESAPARICIÓN DE AGUSTÍN JIMÉNEZ CON FECHA 71218 LA SRA MOLINA MANIFIESTA QUE ES DERIVADA DEL SIFEBU SISTEMA DE BÚSQUEDA DE PERSONAS DEL MINISTERIODE SEGURIDAD AL CAVAJ PARA ASESORAMIENTO LEGAL Y CONTENCIÓN PSICOSOCIAL','2018-12-28',3,16,NULL,23,'Se desconoce',2,6,2,5,'AGUSTIN JIMENEZ RETORNO AL DOMICILIO','AGUSTÍN JIMENEZ',NULL,1,'2018-08-07',NULL,1,NULL,1,1,NULL,41,NULL,'LA PLATA',1),(50,'2019-09-05 18:02:12','2019-09-05 18:02:12','WENDY MICHELLE PISANO',NULL,37,NULL,'EL DIA 7 DE AGOSTO DE 2019 PISANO FERNANDO EZEQUIEL DE 23 AÑOS DE EDAD RETIRA A SU HIJA DE LA CASA DE LA MADRE DE LA NIÑA  AL REGRESO WENDY LE CUENTA A SU PROGENITORA QUE SU PADRE LE HABIA TOCADO LA COLA SE RADICA DENUNCIA PENAL POR SEGUNDA VEZ EL MEDICO DE POLICIA NO CONSTATA LESIONES \r\nIMPUTADO PISANO FERNANDO EZEQUIEL EN LIBERTAD','2019-08-29',3,2,NULL,4,'Comisaria de la Mujer de Pergamino',1,14,1,NULL,NULL,'WENDY MICHELLE PISANO',NULL,1,'2019-08-07',NULL,1,NULL,1,584,NULL,79,NULL,'PERGAMINO',1),(51,'2019-09-05 18:02:29','2019-09-05 18:02:29','ANTONELLA FARIAS','0',15,NULL,'victimas de violencias','2017-08-14',3,2,NULL,3,'Comisaria de la Mujer y la Familia',1,1,1,NULL,NULL,'ANTONELLA FARIAS',NULL,2,NULL,'Sies denuncias entre 2017 y 2018',1,NULL,1,51,NULL,5,NULL,'AZUL',1),(52,'2019-09-05 18:03:01','2019-09-05 18:03:01','ANOTONELLA SILVEYRA',NULL,26,NULL,'EL 16 DE DICIEMBRE DE 2016 EN LAS PRIMERAS HORAS DE LA TARDE SE PRODUJO UN GRAVE ACCIDENTE EN LA RUTA 51 EN CERCANIAS DE RAMALLO DONDE PERDIERON LA VIDA TRES MUJERES QUEDANDO UNA CUARTA OCUPANTE MUY GRAVE POR LO QUE DEBIO SER HOSPITALIZADA EN SAN NICOLAS','2017-07-10',3,6,NULL,1,'Se desconoce',2,17,2,2,NULL,'ANTONELLA SILVEYRA',NULL,1,'2016-12-16',NULL,1,NULL,1,622,NULL,21,NULL,'LA PLATA',1),(53,'2019-09-05 18:03:25','2019-09-05 18:03:25','MARIANA MACIEL',NULL,32,NULL,'MARIANA MACIEL  VICTIMA DE VIOLENCIA DE GENERO POR PARTE DE SU ESPOSO CON QUIEN ESTA HACE 16 AÑOS NO HA REALIZADO LA DENUNCIA','2019-07-25',2,NULL,NULL,1,'Se desconoce',3,6,1,NULL,NULL,'MARIANA MACIEL',NULL,3,NULL,NULL,1,NULL,1,346,NULL,44,NULL,'LA PLATA',1),(54,'2019-09-05 18:06:16','2019-09-05 18:06:16','AZUL CURCIO',NULL,37,NULL,'AZUL DEBIA IR DESDE LA CASA DE SU ABUELA A LA SUYA PARA RETIRAR UNA MEDICACION\r\nLA LLEVA LA PAREJA DE SU HERMANASTRA EN UNA CAMIONETA QUIEN EN EL TRAYECTO INTENTA ABUSAR DE AZUL','2019-07-23',3,12,NULL,17,'Se desconoce',1,10,1,NULL,NULL,'CURCIO AZUL',NULL,3,NULL,NULL,1,NULL,1,486,NULL,71,NULL,'MERECEDES',1),(55,'2019-09-05 18:06:23','2019-09-05 18:06:23','GLADYS BENITEZ',NULL,32,NULL,'GLADYS ES VÍCTIMA DE VIOLENCIA DE GÉNERO POR PARTE DE SU EX PAREJA QUIEN VIVE FRENTE A SU DOMICILIO CALLE 18 ENTRE 609 Y 610 BARRIO AEROPUERTO\r\n GLADYS ES VÍCTIMA DE VIOLENCIA DE GÉNERO POR PARTE DE SU EX PAREJA QUIEN VIVE FRENTE A SU DOMICILIO CALLE 18 ENTRE 609 Y 610 BARRIO AEROPUERTO','2019-01-02',1,NULL,NULL,1,'Se desconoce',1,7,1,NULL,NULL,'GLADYS BENITEZ',NULL,3,NULL,NULL,1,NULL,1,423,NULL,37,NULL,'LA PLATA',1),(56,'2019-09-05 18:08:51','2019-09-05 18:08:51','FABIANA JARA',NULL,5,NULL,'FABIANA JARA ESTUVO EN PAREJA CON EL SEÑOR TOMOSSI ENTRE DOS Y TRES MESES CUANDO DECIDE CONCLUIR CON LA RELACION DESDE ENTONCES EL LA HOSTIGA Y LA AMENAZA DE MANERA PERMANENTE\r\nFABIANA DECIDE DENUNCIAR A SU EX PAREJA EL DIA 24 DE JULIO DEL 2017','2019-07-24',1,NULL,NULL,17,'Comisaría de la Mujer de Mercedes',2,10,2,1,NULL,'FABIANA JARA',NULL,3,NULL,NULL,1,NULL,1,527,NULL,69,NULL,'MERCEDES',1),(57,'2019-09-05 18:09:09','2019-09-05 18:09:09','CARLOS EMANUEL RUOCOLO',NULL,13,NULL,'La victima fue arrojada a las vías de tren luego de lo cual falleció','2017-07-29',2,NULL,NULL,3,'Se desconoce',2,1,1,NULL,NULL,'CARLOS EMANUEL RUOCOLO',NULL,1,'2017-05-07',NULL,1,NULL,1,51,NULL,3,NULL,'AZUL',1),(58,'2019-09-05 18:09:23','2019-09-05 18:09:23','BASTIAN COFFARO','8318',36,'ABUSO SEXUAL AGRAVADO','ANALIA DENUNCIA A SU EX PAREJA CRISTIAN TOBIO POR ABUSO SEXUAL DE SU HIJO BASTIAN','2019-03-15',2,NULL,NULL,1,'Se desconoce',1,7,1,NULL,NULL,'BASTIAN COFFARO',NULL,1,'2017-06-29',NULL,1,NULL,1,272,NULL,45,NULL,'LA PLATA',1),(59,'2019-09-05 18:15:53','2019-09-05 18:15:53','TENTATIVA DE ABUSO',NULL,2,NULL,'000','2017-06-11',3,18,NULL,13,'Comisaria Comunal Los Toldos',3,5,2,2,NULL,'YANQUELEN YESICA',NULL,1,'2017-06-11',NULL,1,NULL,1,481,NULL,62,NULL,'LOS TOLDOS',1),(60,'2019-09-05 18:17:33','2019-09-05 18:17:33','PAOLA ROMERO','20',37,NULL,'NIÑAS ABUSADAS POR SU ABUELO PATERNO','2017-01-11',2,NULL,NULL,6,'COMISARIA DE LA MUJER PILAR',2,16,2,2,NULL,'PRISCILA FRANCO Y LEONELLA FRANCO',NULL,3,NULL,NULL,1,NULL,1,590,NULL,82,NULL,'PILAR',1),(61,'2019-09-05 18:17:35','2019-09-05 18:26:17','MARIA LIA CAMBRE',NULL,1,NULL,'EL DIA 03 DE AGOSTO DE 2017 MARIA LIA QUE SE ENCONTRABA INTERNADA EN EL HOSPITAL MUNICIPAL DE MAIPU FUE ENCONTRADA CON QUEMADURAS EN SU CUERPO\r\nNINGUNA AUTORIDAD LE AVISO A LA FAMILIA DE LO SUCEDIDO','2017-08-10',2,NULL,NULL,1,'Se desconoce',2,3,2,2,NULL,'MARIA LIA CAMBRE',NULL,1,'2017-08-03',NULL,1,NULL,1,489,NULL,21,21,'LA PLATA',1),(62,'2019-09-05 18:21:37','2019-09-05 18:21:37','ORTEGOZA LUCIA','8283',32,NULL,'LUCÍA SE ENCONTRABA EN SU DOMICILIO DURMIENDO JUNTO A SU BEBA DE 4 MESES Y SU EX PAREJA INGRESO A LA VIVIENDA AGREDIENDOLA A GOLPES','2019-02-04',2,NULL,NULL,1,'2 DE LA PLATA',2,7,1,NULL,NULL,'LUCIA ORTEGOZA',NULL,2,NULL,'UNOS DIAS ATRAS',1,NULL,1,423,NULL,24,NULL,'LA PLATA',1),(63,'2019-09-05 18:21:40','2019-09-05 18:21:40','Guagliarelo Rocio',NULL,28,NULL,'Cinco personas menores de edad viajaban en un fiat spazio que impactó contra un camión estacionado sobre la colectora luego de una persecución policial en San Miguel del Monte La única sobreviviente en estado crítico es Rocío','2019-05-21',2,NULL,NULL,1,'Se desconoce',3,7,1,NULL,NULL,'Guagliarelo',NULL,3,NULL,NULL,1,NULL,1,683,NULL,33,NULL,'LA PLATA',1),(64,'2019-09-05 18:22:35','2019-09-05 18:22:35','AZUL CIATEO','8366',2,NULL,'EL DIA 16 DE MAYO DE 2019  AZUL SALE DE LA CASA DE UNA AMIGA Y ES INTERCEPTADA EN LA CALLE POR UN DESCONOCIDO QUE LA VIOLA DENTRO DE UNA CASA DESHABITADA','2019-05-27',1,NULL,NULL,1,'Se desconoce',2,7,1,NULL,NULL,'AZUL CIATEO',NULL,3,NULL,NULL,1,NULL,1,423,NULL,37,NULL,'LA PLATA',1),(65,'2019-09-05 18:25:11','2019-09-05 18:25:11','AZUL CIATEO','8366',2,NULL,'EL DIA 16 DE MAYO DE 2019  AZUL SALE DE LA CASA DE UNA AMIGA Y ES INTERCEPTADA EN LA CALLE POR UN DESCONOCIDO QUE LA VIOLA DENTRO DE UNA CASA DESHABITADA','2019-05-27',1,NULL,NULL,1,'Se desconoce',2,7,1,NULL,NULL,'AZUL CIATEO',NULL,3,NULL,NULL,1,NULL,1,423,NULL,37,NULL,'LA PLATA',1),(66,'2019-09-05 18:30:18','2019-09-05 18:30:18','Ciro Peñalba','8249',32,NULL,'PASADAS LAS 7 DE LA MAÑANA EN UNA VIVIENDA UBICADA SOBRE LA CALLE 116 ENTRE 529 Y 530 JUAN CRUZ CHIRINO ATACÓ BRUTALMENTE A SU MUJER Y A SU HIJASTRO COMO CONSECUENCIA DEL HECHO CIRO MATIAS PEÑALVA FALLECE A CAUSA DE HERIDAS CON ARMA BLANCA MIENTRAS QUE ANDREA MARCO ESTUVO INTERNADA EN EL HOSPITAL SAN MARTÍN EN OBSERVACIÓN POR UNA HERIDA DE BALA EN EL ROSTRO Y EL PAPÁ DEL NIÑODAVID PEÑALBA ESTÁ  INTERNADO EN EL HOSPITAL DE GONNET A RAÍZ DE UN ACCIDENTE AUTOMOVILÍSTICO QUE TIENE AL MOMENTO DE ENTERARSE DE LO OCURRIDO CON SU HIJO','2018-11-27',2,NULL,NULL,1,'6ta',1,7,1,NULL,NULL,'ANDREA SOLEDAD MARCOS',NULL,1,'2018-11-27',NULL,1,NULL,1,423,NULL,36,NULL,'LA PLATA',1),(67,'2019-09-05 18:31:26','2019-09-05 18:31:26','ANZE','31',13,NULL,'JOVEN ASESINADO POR VECINOS DEL BARRIO','2017-01-17',2,NULL,NULL,6,'Se desconoce',2,16,2,4,NULL,'MARTIN PABLO ANZE',NULL,1,'2017-01-01',NULL,1,NULL,1,590,NULL,82,NULL,'PILAR',1),(68,'2019-09-05 18:32:41','2019-09-05 18:32:41','NADIA RICCI',NULL,37,NULL,'NADIA REFIERE HABER SIDO ABUSADA SEXUALMENTE DURANTE SU NIÑEZ Y ADOLESCENCIA POR LA EX PAREJA DE SU MADRE','2017-11-03',1,NULL,NULL,1,'DDI LA PLATA',3,7,2,3,NULL,'NADIA RICCI',NULL,2,NULL,'LARGA DATA',1,NULL,1,423,NULL,21,NULL,'LA PLATA',1),(69,'2019-09-05 18:33:24','2019-09-05 18:33:24','Modia Ciro Alejandro',NULL,37,NULL,'EL DIA 21 DE ENERO DE 2019 SE PRESENTA EN LA SEDE DEL CPV LA SEÑORA ALVAREZ CLAUDIA ALEJANDRA 48 AÑOS DNI 22132 777 ABUELA DE CIRO 4 AÑOS Y SANTINO 1 AÑO HIJOS DE HERNÁN QUIEN SE ENCUENTRA DETENIDO EN LA ALCAIDÍA N 2 DE LA PLATA DESDE HACE DOS MESES LOS MENORES NO LLEVAN EL APELLIDO DE SU PADRE Y ACTUALMENTE SE ENCUENTRAN AL CUIDADO DE CLAUDIA REFIRIENDO QUE CIRO HA SIDO ABUSADO POR SU ABUELASTRO MATERNO','2019-01-21',1,NULL,NULL,1,'Se desconoce',1,7,1,NULL,NULL,'Modia Ciro',NULL,3,NULL,NULL,1,NULL,1,423,NULL,33,NULL,'LA PLATA',1),(70,'2019-09-05 18:35:47','2019-09-05 18:35:47','BRONZATTI EMILIA','936',2,NULL,'LA SEÑORA EMILIA BRONZATTI FUE VICTIMA DE ABUSO SEXUAL EN VARIAS OPORTUNIDADES EN LA LOCALIDAD DE PINAMAR SIN ESPECIFICAR LUGAR SIN DAR FECHA ESPECÍFICA DURANTE EL ANO 2017 POR PARTE DEL SENOR  MIGUEL ANGEL BORDON COMPAÑERO DEL INSTITUTO AL QUE ASISTE','2017-07-01',3,2,NULL,8,'COMISARIA DE LA MUJER',2,3,1,NULL,NULL,'EMILIA BRONZATTI',NULL,2,NULL,'FUERON VARIOS SUCESOS DURANTE EL PRIMER SEMESTRE DEL 2017',1,NULL,1,591,NULL,85,NULL,'PINAMAR',1),(71,'2019-09-05 18:37:06','2019-09-05 18:37:06','AGOSTINA DE LA CRUZ',NULL,37,NULL,'EN EL AÑO 2012 AGOSTINA DENUNCIA JUNTO A SU HERMANA ABIGAIL QUE SU PROGENITOR ABUSABA SEXUALEMENTE DE ELLAS DESDE QUE TENIAN 13 AÑOS\r\nSI BIEN EN UN PRINCIPIO DENUNCIA QUE NO HABIA SIDO UN ABUSO CON ACCESO CARNAL  LUEGO EN EL CTA REFIERE QUE SI Y QUE PRODUCTO DEL MISMO HABIA TENIDO UN HIJO','2019-04-11',3,7,NULL,17,'Se desconoce',3,10,1,NULL,NULL,'AGOSTINA DE LA CRUZ',NULL,2,NULL,'LA DENUNCIA SURGE LUEGO DE AÑOS DE ABUSO SEXUAL',1,NULL,1,325,NULL,71,NULL,'MERECEDES',1),(72,'2019-09-05 18:38:26','2019-09-05 18:38:26','ANA MARIA MONTES',NULL,26,NULL,'EL 06 DE ABRIL DEL 2019 DOS AUTOS COLISIONARON EN LA RUTA NACIONAL 7 A LA ALTURA DE CARMEN DE ARECO INVOLUCRANDO A NUEVE PERSONAS EN EL SINIESTRO\r\nUNO DE LOS VEHICULOS SE INCENDIO EN EL ACTO\r\nDE LOS OCUPANTES DEL OTRO VEHICULO TRES MURIERON ENTRE ELLOS ANA MARIA MONTES Y SOLO UNA SOBREVIVE','2019-04-25',3,12,NULL,17,'Comisaría de Carmen de Areco',2,10,1,NULL,NULL,'ANA MARIA MONTES',NULL,1,'2019-04-06',NULL,1,NULL,1,157,NULL,69,NULL,'MERCEDES',1),(73,'2019-09-05 18:39:44','2019-09-05 18:39:44','Claudia Medina',NULL,32,NULL,'Claudia de 36 años fue victima de violencia psicologica durante muchos años por parte de su ex pareja','2019-04-11',1,NULL,NULL,21,'Comisaría de la Mujer y la Familia de José C Paz',1,4,2,1,NULL,'Claudia Medina',NULL,2,NULL,'Larga data',1,NULL,1,383,NULL,12,NULL,'JOSE C. PAZ',1),(74,'2019-09-05 18:40:18','2019-09-05 18:40:18','MATEO DEL VALLE Y CLARA LEGUIZAMON',NULL,37,NULL,'MATEO Y SU HERMANA CLARA HABRIAN SIDO ABUSADOS Y AGREDIDOS FISICAMENTE POR PARTE DE SU MADRE Y SU PAREJA','2017-08-29',1,NULL,NULL,1,'Se desconoce',3,6,2,3,NULL,'MATEO DEL VALLE',NULL,2,NULL,'LARGA DATA',1,NULL,1,678,NULL,21,NULL,'LA PLATA',1),(75,'2019-09-05 18:40:46','2019-09-05 18:40:46','ARIANA ELIZABETH AVELDAÑO',NULL,37,NULL,'VICTIMA DE DELITO','2019-05-27',3,2,NULL,4,'COMISARIA TERCERA',2,14,1,NULL,NULL,'ARIANA ELIZABETH AVELDAÑO',NULL,2,NULL,'MAYO 2019',1,NULL,1,584,NULL,81,NULL,'PERGAMINO',1),(76,'2019-09-05 18:41:14','2019-09-05 18:41:14','CECILIA BRAVO',NULL,32,NULL,'La Sra Cecilia Bravo realiza denuncia en Comisaria de la Mujer y la Familia por violencia de genero hacia su ex pareja progenitor de dos de los hijos de la Sra\r\n Los mismos residían en una chacra cercana a la localidad de Lamadrid','2017-08-07',3,2,NULL,3,'Comisaria de la Mujer y la Familia',1,1,1,NULL,NULL,'CECILIA BRAVO',NULL,3,NULL,NULL,1,NULL,1,51,NULL,3,NULL,'AZUL',1),(77,'2019-09-05 18:45:33','2019-09-05 18:45:33','Moreira Elicabe Maite y  Nahiara Jazmin',NULL,37,NULL,'EN EL AÑO 2016 MARIA BELEN REALIZA LA DENUNCIA PENAL CONTRA SU EX PAREJA CUANDO SE ENTERA QUE SUS HIJAS DE 5 Y 6 AÑOS FUERON ABUSADAS POR SU PADRE CUANDO ÉL MISMO ESTABA A SU CUIDADO LAS NIÑAS DECLARARON EN CÁMARA GESSEL EN JUNIO DEL CORRIENTE AÑO BELÉN NOS DICE QUE SE LIBRÓ LA ORDEN DE DETENCIÓN PERO HASTA EL MOMENTO NO TIENE NOVEDADES DE QUE ESTO SE EFECTIVIZÓ','2018-10-09',2,NULL,NULL,1,'Se desconoce',3,7,1,NULL,NULL,'Moreira Elicabe Maite',NULL,2,NULL,'año 2016',1,NULL,1,4090,NULL,33,NULL,'LA PLATA',1),(78,'2019-09-05 18:45:42','2019-09-05 18:45:42','SILVANA MARFETAN','8252',15,NULL,'SILVANA FUE ATACADA CON UN ARMA BLANCA CUANDO IBA CAMINANDO POR LA CALLE CON UNA COMPAÑERA POR UN HOMBRE EN BICICLETA SIN MOTIVO APARENTE SE ENCUENTRA INTERNADA EN EL HOSPITAL SAN MARTÍN DE LA PLATA','2018-12-17',2,NULL,NULL,1,'Se desconoce',3,7,2,1,NULL,'SILVANA MARFETAN',NULL,3,NULL,NULL,1,NULL,1,423,NULL,37,NULL,'LA PLATA',1),(79,'2019-09-05 18:46:21','2019-09-05 18:46:21','JULIANA MAGALI HEREDIA',NULL,32,NULL,'La joven Juliana Heredia es víctima de violenciaS por parte de su pareja con quien mantiene una relación de más de cinco años y tienen un hijo en común de tres años','2017-08-06',3,2,NULL,3,'Comisaria de la Mujer y la Familia',2,1,1,NULL,NULL,'JULIANA MAGALI HEREDIA',NULL,2,NULL,'VIOLENCIAS DE LARGA DATA',1,NULL,1,51,NULL,3,NULL,'AZUL',1),(80,'2019-09-05 18:50:37','2019-09-05 18:50:37','REQUEJO CLAUDIA','8309',4,NULL,'CLAUDIA DENUNCIA QUE HACE 3 AÑOS RASISING OSCAR ALBERTO QUIEN LLEVABA EL AGUA A SU TRABAJO LA ACOSO','2019-02-27',2,NULL,NULL,1,'Se desconoce',2,7,1,NULL,NULL,'CLAUDIA ROSANA REQUEJO',NULL,2,NULL,'HACE 3 AÑOS',1,NULL,1,423,NULL,24,NULL,'LA PLATA',1),(81,'2019-09-05 18:51:53','2019-09-05 18:51:53','MARIA DE LOS ANGELES MACIAS',NULL,32,NULL,'La Sra María de los Ángeles Macías relata haber realizado múltiples denuncias contra su ex pareja Sr Héctor Soria de 50 años de edad por situaciones de violencia y amenazas  El mismo se encuentra privado de la libertad desde el mes de Diciembre 2017','2017-10-30',3,12,NULL,3,'Se desconoce',1,1,1,NULL,NULL,'MARIA DE LOS ANGELES MACIAS',NULL,2,NULL,'VIOLENCIAS DE LARGA DATA',1,NULL,1,51,NULL,3,NULL,'AZUL',1),(82,'2019-09-05 18:52:48','2019-09-05 18:52:48','ORTIZ',NULL,37,NULL,'LOS MENORES ANA Y FRANCO FUERON ABUSADOS POR LA PAREJA DE SU MADRE NESTOR','2017-05-02',1,NULL,NULL,7,'Se desconoce',2,8,1,NULL,NULL,'ANA LIZ MAILEN ORTIZ',NULL,3,NULL,NULL,1,NULL,1,1,NULL,11,NULL,'EZEIZA',1),(83,'2019-09-05 18:53:07','2019-09-05 18:53:07','TAMARA MABEL VALDEZ',NULL,32,NULL,'EL DÍA 25 DE MARZO DE 2019 EL EQUIPO CAVAJ LA MATANZA RECIBE EL PRESENTE CASO VÍA CPV SEDE CENTRAL DE LA PLATA MODALIDAD DE INTERVENCIÓN DERIVACIÓN ASUNTOS INTERNOS DE LA POLICÍA BONAERENSE SE TRATA DE UN CASO DE VIOLENCIA DE GÉNERO DE LARGA DATA HACIA LA SRA TAMARA MABEL VALDEZ Y SU HIJO 6 PRODUCTO DEL MATRIMONIO CONTRAÍDO CON EL SR JOSÉ ALBERTO POSADAS 31 AÑOS QUIEN ES EL AGRESOR \r\nPOR EL HECHO INTERVIENE EL SERVICIO LOCAL DE SAN JUSTO ASUNTOS INTERNOS DE LA POLICÍA BONAERENSE LA DIRECCIÓN DE GÉNERO DE LA MATANZA Y LA FISCALÍA N 2 DE SAN JUSTO\r\nLA VÍCTIMA SOLICITA ORIENTACIÓN LEGAL Y ASISTENCIA PSICOSOCIAL AL EQUIPO DEL CAVAJ','2019-03-23',3,15,NULL,23,'Se desconoce',3,6,1,NULL,NULL,'TAMARA MABEL VALDEZ',NULL,2,NULL,'LARGA DATA',1,NULL,1,181,NULL,50,NULL,'LA PLATA',1),(84,'2019-09-05 18:55:25','2019-09-05 18:55:25','FAUSTINO AGUSTIN NAHUEL',NULL,13,NULL,'UN JOVEN IBA EN UNA MOTO COMO ACOMPAÑANTE Y UN POLICIA LE DISPARO POR LA ESPALDA A PRINCIPIOS DE 2018 LUEGO SE COMPROBO QUE LA VICTIMA VENIA HUYENDO DE LA POLICIA LUEGO DE  EFECTUAR UN ROBO','2018-03-09',1,NULL,NULL,23,'Se desconoce',3,6,2,5,'ATENTO A QUE LA VICTIMA ES EL IMPUTADO NO SERIAMOS COMPETENTES','FAUSTINO AGUSTIN NAHUEL',NULL,3,NULL,NULL,1,NULL,1,1,NULL,28,NULL,'LA PLATA',1),(85,'2019-09-05 18:58:04','2019-09-05 19:04:27','MASACRE DE VARELA',NULL,28,NULL,'EL DÍA 10 DE FEBRERO DE 2017 ATACARON A MAGALÍ Y SABRINA BARRIENTOS Y DENISE JUÁREZ EN UNA PARADA DE MICRO EN FLORENCIO VARELA \r\nBARRIENTOS Y JUAREZ  FALLECIERON  MIENTRAS QUE  MAGALÍ FUE HOSPITALIZADA ENCONTRÁNDOSE YA DADA DE ALTA','2017-03-13',2,NULL,NULL,1,'Se desconoce',2,15,2,2,NULL,'MAGALI PINEDA',NULL,1,'2017-02-11',NULL,1,NULL,1,292,NULL,21,21,'LA PLATA',1),(86,'2019-09-05 19:01:07','2019-09-05 19:01:07','MARÍA PAZ GUADALUPE BUGLIONE',NULL,37,NULL,'Victima de abuso sexual por parte de un primo José Luis Lujan Condena 19 años confirmado por Casación','2017-04-18',2,NULL,NULL,3,'Comisaria de la Mujer y la Familia',2,1,1,NULL,NULL,'MARÍA PAZ GUADALUPE BUGLIONE',NULL,2,NULL,'2013 - 2014',1,NULL,1,51,NULL,3,NULL,'AZUL',1),(87,'2019-09-05 19:01:21','2019-09-05 19:01:21','ENRIQUE CABRAL','8110',6,NULL,'ENRIQUE MANTENÍA UNA RELACIÓN CONFLICTIVA CON SU PAREJA SOLANGE POZZER SE SEPARARON Y A LOS DOS MESES SE SUICIDA','2018-12-14',1,NULL,NULL,1,'Se desconoce',1,7,1,NULL,NULL,'ENRIQUE FERNANDO CABRAL',NULL,3,NULL,NULL,1,NULL,1,423,NULL,36,NULL,'LA PLATA',1),(88,'2019-09-05 19:04:22','2019-09-05 19:04:22','AGUSTINA CENNI',NULL,2,NULL,'LUCÍA IBARRA MAMA DE AGUSTINA RELATA QUE EN EL AÑO 2016 SU HIJA DE 16 AÑOS FUE OBLIGADA POR QUIEN EN ESE MOMENTO ERA SU NOVIO A TENER RELACIONES SEXUALES  INMEDIATAMENTE LUCÍA REALIZA LA DENUNCIA','2018-10-29',1,NULL,NULL,1,'Se desconoce',3,7,2,2,NULL,'AGUSTINA CENNI',NULL,3,NULL,NULL,1,NULL,1,423,NULL,37,NULL,'LA PLATA',1),(89,'2019-09-05 19:04:44','2019-09-05 19:04:44','Claudio Emanuel Ortiz',NULL,13,NULL,'EL PERSONAL PERTENECIENTE DE LA COMISARÍA 4 DE BERAZATEGUI TOMAN CONOCIMIENTO MEDIANTE SERVICIO DE EMERGENCIA 911 QUE  EN LA FECHA 10 09 18  EN LA INTERSECCIÓN DE CALLES 57 ENTRE 148 Y 149 N 4834 UNA FAMILIA ENCONTRÓ SIN VIDA A CLAUDIO EMANUEL ORTIZ LA VÍCTIMA SE ENCONTRABA EN UN CUARTO TIRADO EN EL SUELO Y EN EL CUELLO TENÍA UNA ESPECIE DE CABLE COLOR NEGRO TODO DA LA PAUTA DE QUE SE TRATÓ DE UN SUICIDIO PERO LA FAMILIA TIENE DUDAS YA QUE ÉL NO DABA INDICIOS DE ESTAR MAL NI TAMPOCO ATRAVESANDO POR UNA DEPRESIÓN','2018-09-24',2,NULL,NULL,1,'Se desconoce',1,15,1,NULL,NULL,'Claudio Emanuel Ortiz',NULL,1,'2018-09-10',NULL,1,NULL,1,111,NULL,33,NULL,'LA PLATA',1),(90,'2019-09-05 19:06:23','2019-09-05 19:06:23','ELIANA CHAZARRETA',NULL,32,NULL,'ELIANA SE ENCUENTRA SEPARADA DE SU EX PAREJA DAMIAN DOLZ HACE DOS MESES CON LA CUAL TIENE UN HIJO EN COMÚN LUCCA FUE VICTIMA DE VIOLENCIA PSICOLOGICA Y FISICA POR PARTE DE EL DURANTE MUCHO TIEMPO HASTA QUE DECIDIO IRSE DE LA CASA EN LA QUE VIVIAN ACTUALMENTE REGRESO CON SU MADRE DONDE CONVIVEN CON EL NIÑO NO HAY DENUNCIA PENAL','2019-07-25',2,NULL,NULL,1,'Se desconoce',3,6,1,NULL,NULL,'ELIANA CHAZARRETA',NULL,3,NULL,NULL,1,NULL,1,346,NULL,44,NULL,'LA PLATA',1),(91,'2019-09-05 19:07:41','2019-09-05 19:07:41','SORIA JAQUELINE BELEN',NULL,13,NULL,'SE TRATA DE UN CASO DE HOMICIDIO DE UNA JOVEN ORIUNDA DE TUCUMÁN QUIEN SE HABÍA MUDADO A G DE LAFERRERE EN ENERO DE 2019  JUNTO CON SUS PADRES Y SE ENCONTRABA TRABAJANDO EN UN MAXIKIOSCO DEL KM 31 G CATÁN','2019-02-14',2,NULL,NULL,23,'Se desconoce',3,6,1,NULL,NULL,'SORIA JAQUELINE BELEN',NULL,3,NULL,NULL,1,NULL,1,346,NULL,50,NULL,'LA PLATA',1),(92,'2019-09-05 19:07:54','2019-09-05 19:07:54','MICAELA PEREZ',NULL,37,NULL,'MICAELA HABRIA SIDO ABUSADA POR SU PADRE','2017-11-06',1,NULL,NULL,1,'Se desconoce',2,6,2,5,'SE DERIVA AL CAVAJ LA MATANZA','MICAELA JENIFFER PEREZ',NULL,3,NULL,NULL,1,NULL,1,678,NULL,21,NULL,'LA PLATA',1),(93,'2019-09-05 19:11:43','2019-09-05 19:11:43','PRUEBA I','22',15,NULL,'MAAKALALALLAAJAJJAJA','2012-12-12',3,17,NULL,1,'Se desconoce',2,7,1,NULL,NULL,'PRUEBA',NULL,3,NULL,NULL,3,'OTRO PAIS',NULL,NULL,NULL,22,NULL,'LA PLATA',1),(94,'2019-09-05 19:14:54','2019-09-05 19:14:54','FIGUEROA JUAN JOSE','8368',28,NULL,'EN UN INTENTO DE ROBO HIEREN AL CUSTODIO DE UN SUPERMERCADO CHINO UBICADO EN LA CALLE 155 ENTRE 17 Y 18 EN LA LOCALIDAD DE BERAZATEGUI EL SEÑOR SE ENCUENTRA INTERNADO EN EL HOSPITAL EVITA PUEBLO EN ESTADO VEGETATIVO Y TUVO PERDIDA DE MASA ENCEFALICA','2019-06-03',2,NULL,NULL,1,'Se desconoce',2,15,1,NULL,NULL,'JUAN JOSE FIGUEROA',NULL,1,'2019-06-02',NULL,1,NULL,1,111,NULL,24,NULL,'LA PLATA',1),(95,'2019-09-05 19:18:11','2019-09-05 19:18:11','ANA MARIA GIMENEZ',NULL,37,NULL,'VICTIMA DE ABUSO SEXUAL POR PARTE DE SU PADRASTRO GASTON PARED LA JOVEN ARGUMENTA QUE LOS ABUSOS SON DE VIEJA DATA','2019-01-31',3,2,NULL,4,'DE LA MUJER',2,14,1,NULL,NULL,'ANA MARIA GIMENEZ',NULL,2,NULL,'LOS ABUSOS SEXUALES NO TIENEN FECHA DE INICIO DETERMINADA COMENZARON CUANDO LA VICTIMA ERA MUY CHICA',1,NULL,1,4090,NULL,81,NULL,'PERGAMINO',1),(96,'2019-09-05 19:18:42','2019-09-05 19:18:42','ZURITA CAROLINA',NULL,37,NULL,'EL CASO INGRESA AL CAVAJ A RAÍZ DE UNA DENUNCIA POR VIOLENCIA DE GÉNERO QUE NOS LLEGA DE LA COMISARÍA DE LA MUJER EL DÍA 14 11 2017\r\nEL EQUIPO ADMINISTRATIVO SE COMUNICA CON LA SEÑORA AL TELÉFONO QUE APARECE EN LA DENUNCIA SE LE OFRECE LA ASISTENCIA PSICOLOGICA SOCIAL Y LEGAL POR PARTE DEL ETP A LO QUE MANIFIESTA NO REQUERIR DE LOS SERVICIOS DEL CENTRO POR EL MOMENTO POR LO QUE SE PROCEDE A REALIZAR EL CIERRE ADMINISTRATIVO DEL CASO','2018-05-07',3,2,NULL,8,'COMISARIA DE LA MUJER',2,3,1,NULL,NULL,'SANDI JAZMIN',NULL,3,NULL,NULL,1,NULL,1,564,NULL,85,NULL,'PINAMAR',1),(97,'2019-09-05 19:19:22','2019-09-05 19:19:22','SARA AGUSTINA CABRAL',NULL,32,NULL,'SE TRATA DE UN CASO DE VIOLENCIA DE GÉNERO DE LARGA DATA AUNQUE EN LA ACTUALIDAD LA PAREJA SE HA DISUELTO CONTINUAN LAS SITUACIONES DE AMENAZAS Y  HOSTIGAMIENTO\r\nLA SRA CABRAL SE ENCONTRABA EN PAREJA CON EL AGRESOR AMBOS ERAN POLICÍAS Y ÉL EJERCÍA VIOLENCIA FÍSICA LEVE SEGÚN REFIERE NUNCA LE TOMARON LA DENUNCIA POR NO HABER EVIDENCIA DE LESIONES\r\nACTUALMENTE LA SRA CABRAL SE ENCUENTRA CONCURRIENDO A UN GRUPO DE APOYO A VÍCTIMAS DE VIOLENCIA ONG LAS MIRABAL DONDE LA ASESORAN PARA QUE REALICE DENUNCIA EN LA COMISARÍA DE LA MUJER DE SAN JUSTO DESDE ALLI TAMBIÉN ES DERIVADA AL CAVAJ','2019-03-25',2,NULL,NULL,23,'Se desconoce',3,6,1,NULL,NULL,'SARA AGUSTINA CABRAL',NULL,2,NULL,'25 DE MARZO DE 2019',1,NULL,1,1,NULL,50,NULL,'LA PLATA',1),(98,'2019-09-05 19:19:32','2019-09-05 19:19:32','Adriana Gónzales',NULL,35,NULL,'es agredida continuamente de forma física y verbal por su hija Micaela que tiene diagnóstico de personalidad límite esta medicada pero se niega a tomar la medicación','2017-08-17',1,NULL,NULL,18,'fiscalía-juzgado de paz',1,16,2,2,NULL,'Adriana Gónzales',NULL,1,'2017-08-08',NULL,1,NULL,1,758,NULL,105,NULL,'VICENTE LOPEZ',1),(99,'2019-09-05 19:22:36','2019-09-05 19:22:36','CARMEN PAULA ANGELO',NULL,35,NULL,'CARMEN SUFRE HACE VARIOS AÑOS VIOLENCIA POR SU EX PAREJA CLAUDIO ISLA QUIEN TIENE ANTECEDENTES Y UNA RESTRICCION PERIMETRAL A SU VEZ DE LA ENTREVISTA SURGE OTRO DELITO EL CUAL NO ESTARIA DENUNCIADO ABUSO SEXUAL AMBOS TIENEN UNA HIJA DE 5 AÑOS QUIEN ACTUALMENTE ESTARIA EN GUARDA DEL PADRE','2019-02-11',2,NULL,NULL,1,'COMISARIA DE LA MUJER Y COMISARIA SEPTIMA',2,7,1,NULL,NULL,'CARMEN ANGELO',NULL,3,NULL,NULL,1,NULL,1,423,NULL,44,NULL,'LA PLATA',1),(100,'2019-09-05 19:23:39','2019-09-05 19:40:15','GABRIELA AYELEN FLORES',NULL,37,NULL,'UNA NIÑA DE 5 AÑOS MANIFIESTA HABER SIDO ABUSADA POR EL CUÑADO DEL MARIDO DE SU MADRE EL HECHO OCURRIO EN DICIEMBRE DE 2016','2018-05-15',1,NULL,NULL,23,'Se desconoce',3,6,2,3,NULL,'GABRIELA AYELEN FLORES',NULL,3,NULL,NULL,1,NULL,1,1,NULL,28,28,'LA PLATA',1),(101,'2019-09-05 19:24:55','2019-09-05 19:24:55','GASTON AGUIRRE',NULL,26,NULL,'CASO GASTÓN AGUIRRE 27 VÍCTIMA DE SINIESTRO VIAL EN LA LOCALIDAD DE LA PLATA MODALIDAD DE INTERVENCIÓN DE OFICIO FECHA DEL HECHO 25 DE MAYO DE 2018 EL PASADO 25 DE MAYO GASTÓN CIRCULABA CON SU MOTOCICLETA POR LA CALLE 72 E 3 Y 4 DE LA CIUDAD DE LA PLATA CUANDO FUE ATROPELLADO POR OTRO VEHÍCULO QUE INMEDIATAMENTE SE DIO A LA FUGA LUEGO DE 8 DÍAS INTERNADO EN TERAPIA INTENSIVA FALLECIÓ COMO CONSECUENCIA DE LAS GRAVES LESIONES QUE TENÍA INTERVIENE LA UFI 14  DEL DEPARTAMENTO JUDICIAL LA PLATA IPP 2097518','2018-06-23',2,NULL,NULL,1,'Se desconoce',2,7,1,NULL,NULL,'GASTON AGUIRRE',NULL,1,'2018-05-25',NULL,1,NULL,1,423,NULL,41,NULL,'LA PLATA',1),(102,'2019-09-05 19:25:12','2019-09-05 19:25:12','Luz Jazmin Brizueña Cardozo',NULL,37,NULL,'aavvgtg','2018-11-06',3,15,NULL,22,'Se desconoce',2,8,2,2,NULL,'Luz Brizueña',NULL,3,NULL,NULL,1,NULL,1,4090,NULL,2,NULL,'ALTE. BROWN',1),(103,'2019-09-05 19:29:43','2019-09-05 19:29:43','CARLOS CESAR DE FRANCO',NULL,6,NULL,'EN FEBRERO 2016 EL SR DE FRANCO SE SOMETIÓ A UNA OPERACIÓN DE MENISCOS  CON\r\nANESTESIA LOCAL EN EL SANATORIO DE LA CIUDAD DE DOLORES\r\n TRAS RECIBIR EL ALTA MÉDICA EL MISMO DÍA  SE DESCOMPUSO Y FALLECIÓ\r\nSUS HIJOS CREEN QUE HUBO MALA PRAXIS YA QUE LOS EXÁMENES PREQUIRÚRGICOS LE HABÍAN SALIDO BIEN','2017-06-06',1,NULL,NULL,1,'Se desconoce',2,3,2,2,NULL,'CARLOS CESAR DE FRANCO',NULL,2,NULL,'FEBRERO DE 2017',1,NULL,1,239,NULL,21,NULL,'LA PLATA',1),(104,'2019-09-05 19:29:44','2019-09-05 19:29:44','Deidema Martin',NULL,2,NULL,'DEIDEMA MARTIN 54 AÑOS CONSULTA AL 144  POR CASO DE UN SUPUESTO ABUSO OCURRIDO EN EL MARCO DE UNA REVISACIÓN MÉDICA EN UN CENTRO DE IMAGENES EN VILLA ELISA LA SEÑORA NO HA RADICADO DENUNCIA','2019-05-10',3,9,NULL,1,'Se desconoce',3,7,2,5,'NO REQUIERE INTERVENCION','Deidema Martin',NULL,3,NULL,NULL,1,NULL,1,423,NULL,33,NULL,'LA PLATA',1),(105,'2019-09-05 19:30:20','2019-09-05 19:30:20','MARIBEL SOLER',NULL,32,NULL,'La Sra Maribel Soler es víctima de violencia de género por parte de su pareja y progenitor de sus dos hijos Sr FACUNDO AHETS ETCHEBERRY','2017-12-01',3,2,NULL,3,'Comisaria de la Mujer y la Familia',1,1,1,NULL,NULL,'MARIBEL SOLER',NULL,1,'2017-11-29',NULL,1,NULL,1,51,NULL,3,NULL,'AZUL',1),(106,'2019-09-05 19:30:51','2019-09-05 19:30:51','RITA KARINA PONCE',NULL,2,NULL,'EN EL  MARCO DEL PROGRAMA DEL CAVAJ EN TU BARRIO EN EL PARTIDO DE LA MATANZA BARRIO PUERTA DE HIERRO SE ACERCÓ LA SRA RITA KARINA PONCE LA CUAL RELATÓ QUE FUE ABUSADA SEXUALMENTE HACE 8 AÑOS APROXIMADAMENTE POR EL SR GUILLERMO FARIAS EN SU MOMENTO REALIZÓ LA DENUNCIA PENAL Y SE LE EFECTUARON LAS PERICIAS CORRESPONDIENTES\r\nLA SRA PONCE REALIZÓ TRATAMIENTO PSICOLÓGICO CON LA LIC CINTIA NO RECUERDA EL APELLIDO EN EL CPA DE SAN JUSTO LUEGO CONTINUÓ TRATAMIENTO CON LA LIC CELESTE PARACCHINI ACTUALMENTE NO SE ENCUENTRA EN TRATAMIENTO PSICOLÓGICO SOLICITA ORIENTACIÓN LEGAL Y ASISTENCIA PSICOLÓGICA','2019-04-08',2,NULL,NULL,23,'Se desconoce',3,6,1,NULL,NULL,'RITA KARINA PONCE',NULL,2,NULL,'LARGA DATA',1,NULL,1,1,NULL,50,NULL,'LA PLATA',1),(107,'2019-09-05 19:32:03','2019-09-05 19:32:03','ALICIA GARCIA',NULL,35,NULL,'VICTIMA DE VIOLENCIA FAMILIAR POR PARTE DE SU HIJA DE SU NIETO MAYOR DE EDAD Y DE SU YERNO NO HAY DENUNCIA PENAL AL RESPECTO','2019-07-15',3,2,NULL,4,'DE LA MUJER',2,14,1,NULL,NULL,'ALICIA GARCIA',NULL,2,NULL,'NO HAY FECHA DE INICIO DE LA VIOLENCIA QUE LA VICTIMA SUFRE LA MISMA NO PUEDE PRECISARLA',1,NULL,1,584,NULL,81,NULL,'PERGAMINO',1),(108,'2019-09-05 19:34:11','2019-09-05 19:34:11','MARTIN PLACHE','0',13,NULL,'El joven Martín Plaché ha sido víctima de homicidio y fue encontrado en su domicilio','2017-11-28',3,12,NULL,3,'Se desconoce',2,1,1,NULL,NULL,'Martín Plaché',NULL,1,'2017-10-22',NULL,1,NULL,1,51,NULL,3,NULL,'AZUL',1),(109,'2019-09-05 19:36:10','2019-09-05 19:36:10','MELINA  CRUZ','8390',32,NULL,'EL 25 DE JUNIO DEL CORRIENTE MES FUE GOLPEADA NUEVAMENTE POR SU EX PAREJA','2019-06-26',2,NULL,NULL,1,'Se desconoce',3,7,1,NULL,NULL,'MELINA NATALIA CRUZ',NULL,1,'2019-06-25',NULL,1,NULL,1,423,NULL,24,NULL,'LA PLATA',1),(110,'2019-09-05 19:36:27','2019-09-05 19:36:27','Claudio Sosa',NULL,5,NULL,'REFIERE AMENAZAS POR PARTE DE LA EX PAREJA DE SU PAREJA ACTUAL PRESENTÓ VARIAS DENUNCIAS POR LESIONES Y AMENAZAS','2018-07-25',1,NULL,NULL,1,'Se desconoce',1,3,2,1,NULL,'Claudia Sosa',NULL,3,NULL,NULL,1,NULL,1,239,NULL,33,NULL,'LA PLATA',1),(111,'2019-09-05 19:40:29','2019-09-05 19:40:29','MORENA GLORIOSO',NULL,37,NULL,'La víctima de abuso sexual infantil por parte del Imputado Claudio Adalberto Lujan \r\nFue condenado 16 años de prisión\r\nPor el hecho delictivo sufrido la joven Morena quedo embarazada habiendo decidido seguir adelante con el embarazo','2017-06-22',2,NULL,NULL,3,'Comisaria de la Mujer y la Familia',2,1,1,NULL,NULL,'MORENA GLORIOSO',NULL,2,NULL,'2016 -2017',1,NULL,1,51,NULL,3,NULL,'AZUL',1),(112,'2019-09-05 19:43:27','2019-09-05 19:43:27','DANIA AGUILAR VELAZQUEZ',NULL,37,NULL,'VICTIMA DE ABUSO SEXUAL POR PARTE DE SU PRIMO MENOR DE EDAD EMBARAZO PRODUCTO DEL ABUSO AL NO PODER ABORTAR DEBIDO AL ESTADO AVANZADO DE EMBARAZO SOLICITA DAR EN ADOPCION A SU HIJO','2019-08-22',3,2,NULL,4,'DE LA MUJER',2,14,1,NULL,NULL,'DANIA AGUILAR VELAZQUEZ',NULL,3,NULL,NULL,1,NULL,1,584,NULL,81,NULL,'PERGAMINO',1),(113,'2019-09-05 19:44:38','2019-09-05 19:44:38','FLORENCIA SOSA',NULL,9,NULL,'FLORENCIA SE ENCUENTRA DESAPARECIDA DE SU CASA EN BERISSO DESDE EL 12 DE SEPTIEMBRE DE 2017','2017-09-25',2,NULL,NULL,1,'DDI LA PLATA',1,7,2,2,NULL,'FLORENCIA AYELEN SOSA',NULL,1,'2017-09-12',NULL,1,NULL,1,114,NULL,21,NULL,'LA PLATA',1),(114,'2019-09-05 19:44:50','2019-09-05 19:44:50','REYES MARIA CRISTINA',NULL,35,NULL,'LA SRA REYES DENUNCIA HABER RECIBIDO LESIONES Y AMENAZAS POR PARTE DE SUS CUÑADAS GRACIELA MIRTA DORA SUSANA Y CLAUDIA CEJAS DADO QUE SEGÚN REFIERE QUIEREN QUEDARSE CON SU CASA DESDE QUE SU MARIDO ESTÁ INTERNADO POR CÁNCER SOLICITA ASESORAMIENTO LEGAL PARA MEDIDA PERIMETRAL','2019-03-01',1,NULL,NULL,23,'Se desconoce',3,6,1,NULL,NULL,'REYES MARIA CRISTINA',NULL,3,NULL,NULL,1,NULL,1,620,NULL,50,NULL,'LA PLATA',1),(115,'2019-09-05 19:47:59','2019-09-05 19:47:59','CLARA BENITEZ',NULL,32,NULL,'LA SRA BENITEZ ES VICTIMA DE VIOLENCIA POR PARTE DE EX PAREJA Y PADRE DEL HIJO POR NACER','2018-12-13',1,NULL,NULL,23,'Se desconoce',3,6,2,3,NULL,'CLARA BENITEZ',NULL,3,NULL,NULL,1,NULL,1,1,NULL,28,NULL,'LA PLATA',1),(116,'2019-09-05 19:52:52','2019-09-05 19:52:52','NICOLAS BAGAZETTE',NULL,13,NULL,'EL DÍA 22 DE SEPTIEMBRE DE 2018 EL SR BAGAZETTE FUE ASESINADO A GOLPES LUEGO DE SUFRIR UN ROBO POR PARTE DE  TRES DELINCUENTES QUE INGRESARON A SU VIVIENDA DONDE EL JUBILADO HABRÍA INTENTADO DEFENDERSE Y FUE GOLPEADO SALVAJEMENTE Y MANIATADO','2018-09-25',2,NULL,NULL,1,'Estación Policial Comunal de Balcarce',2,9,2,2,NULL,'NICOLAS BAGAZETTE',NULL,1,'2018-09-22',NULL,1,NULL,1,56,NULL,21,NULL,'LA PLATA',1),(117,'2019-09-05 19:53:59','2019-09-05 19:53:59','RAMONA IGNACIA ARANDA DE TAMAY',NULL,32,NULL,'CASO INGRESADO AL CAVAJ POR PRESENTACIÓN ESPONTÁNEA SE TRATA DE LA VÍCTIMA SR ARANDA DE TAMAY QUIEN PADECE VIOLENCIA DE GÉNERO DESDE  HACE APROXIMADAMENTE CINCO AÑOS POR PARTE DE SU PAREJA SR NATIVIDAD MINIO GALARZA 51 AÑOS LA VÍCTIMA NO REALIZÓ DENUNCIA POLICIAL SOLICITA ASESORAMIENTO LEGAL','2019-03-29',1,NULL,NULL,23,'Se desconoce',3,6,1,NULL,NULL,'RAMONA IGNACIA ARANDA DE TAMAY',NULL,2,NULL,'LARGA DATA',1,NULL,1,339,NULL,50,NULL,'LA PLATA',1),(118,'2019-09-05 19:55:12','2019-09-05 19:55:12','LUZ BRIZUEÑA',NULL,37,NULL,'LOS PADRES REFIEREN SITUACIONES COMPATIBLES CON ASI QUE LA NIÑA MANIFIESTA Y QUE HABRIAN SUCEDIDO CON UN EMPLEADO DEL JARDIN DE INFANTES AL CUAL CONCURRIA','2018-11-06',2,NULL,NULL,22,'comisaria de la mujer y la familia Temperley',2,8,2,5,'de archiva la causa por falta de pruebas','Luz Brizueña',NULL,3,NULL,NULL,1,NULL,1,466,NULL,2,NULL,'ALTE. BROWN',1),(119,'2019-09-05 20:07:53','2019-09-05 20:07:53','QUIMEY URZAGASTI',NULL,37,NULL,'EL DÍA 23 DE MARZO DE 2019 EL EQUIPO DEL CAVAJ TOMA CONOCIMIENTO DEL PRESENTE CASO POR MEDIO DEL CPV DE LA PLATA SE TRATA DE UN ABUSO SEXUAL INFANTIL SIMPLE A LA NIÑA QUIMEY URZAGASTI POR PARTE DEL PADRASTRO SR HUGO RAMON AQUINO VILLALBA 46 AÑOS QUIEN SE ENCUENTRA DETENIDO EN LA COMISARÍA 2 DEL PARTIDO DE MERLO POR EL HECHO INTERVINO LA COMISARÍA 5 EL GABINETE DE DELITOS SEXUALES DE LA DDI DE MERLO LA MADRE DE LA NIÑA SRA URZAGASTI SOLICITA ASISTENCIA PSICOSOCIAL PARA ELLA SU HIJA 6 AÑOS Y SU HIJO 4 AÑOS EN CUANTO AL ÁREA LEGAL SE ARTICULA CON EL CAVAJ DE MORÓN PARA EL ABORDAJE CORRESPONDIENTE','2019-03-26',2,NULL,NULL,23,'Se desconoce',3,6,1,NULL,NULL,'QUIMEY URZAGASTI',NULL,3,NULL,NULL,1,NULL,1,528,NULL,50,NULL,'LA PLATA',1),(120,'2019-09-05 20:09:47','2019-09-05 20:09:47','CATALINA CAMACHO','8294',2,NULL,'CATALINA ES VICTIMA DE ABUSO SEXUAL POR PARTE DE UN CONOCIDO EN LA PENSION DONDE SE ALOJABA AUN NO HA EFECTUADO LA DENUNCIA PENAL \r\nCATALINA ES DE LA CIUDAD DE BOGOTA COLOMBIA Y DESDE OCTUBRE QUE ESTÁ EN ARGENTINA ESTÁ ESTUDIANDO CIENCIAS ECONÓMICAS EN LA UNLP Y A RAÍZ DEL HECHO SUFRIDO Y POR SUGERENCIA DE SUS AMIGAS SE DIRIGIÓ A BUSCAR ASESORAMIENTO A LA DIRECCIÓN DE POLÍTICAS DE GÉNERO DE LA UNLP ORGANISMO QUE EFECTÚA LA DERIVACIÓN','2019-02-12',1,NULL,NULL,1,'Se desconoce',2,7,2,1,NULL,'CATALINA CAMACHO',NULL,2,NULL,'ENERO',1,NULL,1,423,NULL,36,NULL,'LA PLATA',1),(121,'2019-09-05 20:14:55','2019-09-05 20:14:55','LUZ BRIZUEÑA',NULL,37,NULL,'LOS PADRES DE LA NIÑA REFIEREN SITUACIONES COMPATIBLES CON ASI EN EL JARDIN DONDE CONCURRÍA LA NIÑA','2018-11-06',2,NULL,NULL,22,'COMISARIA DE LA MUJER Y LA FAMILIA TEMPERLEY',2,8,2,5,'LA CAUSA FUE ARCHIVADA','LUZ BRIZUEÑA',NULL,3,NULL,NULL,1,NULL,1,466,NULL,2,NULL,'ALTE. BROWN',1),(122,'2019-09-05 20:21:29','2019-09-05 20:21:29','DAMIAN FERNANDEZ',NULL,13,NULL,'DAMIAN DE 25 AÑOS DE EDAD FUE INCREPADO POR PARTE  DE SU CUÑADO JONATHAN DAVID ORTEGA QUIEN TRAS UNA DISCUSION LE PROPINO UN PUNTAZO CON UN ARMA BLANCA EN LA ZONA DEL TORAX CAUSANDOLE ASI LA MUERTE EL HECHO OCURRIO EN AGOSTO DE 2017 EN LA LOCALIDAD DE INGENIERO BUDGE LOMAS DE ZAMORA','2017-11-30',1,NULL,NULL,11,'Se desconoce',3,8,1,NULL,NULL,'DAMIAN FERNANDEZ',NULL,3,NULL,NULL,1,NULL,1,466,NULL,55,NULL,'LOMAS Z.',1),(123,'2019-09-05 20:44:59','2019-09-05 20:44:59','CARLOS ALEGRE','8352',36,'ROBO SIMPLE','EL DIA 08 DE MARZO CARLOS CAMINABA JUNTO A SU PAREJA POR LA ZONA DE PLAZA ALMIRANTE BROWN CUANDO FUERON ABORDADOS POR DOS DELINCUENTES QUIENES LO GOLPEARON Y ROBARON','2019-03-09',2,NULL,NULL,1,'Se desconoce',2,7,2,1,NULL,'CARLOS ALBERTO ALEGRE',NULL,1,'2019-03-08',NULL,1,NULL,1,423,NULL,36,NULL,'LA PLATA',1),(124,'2019-09-05 20:58:31','2019-09-05 20:58:31','NATALIA AMANDA GARCIA MOLINA','8338',37,NULL,'LA JOVEN NATALIA RELATO DURANTE SU TRATAMIENTO PSICOLOGICO EN EL AÑO 2018 QUE FUE ABUSADA POR LA EX PAREJA DE SU MADRE LOS HECHOS OCURRIERON ENTRE EL AÑO 2007 AL 2013','2019-04-10',1,NULL,NULL,1,'Se desconoce',3,7,1,NULL,NULL,'NATALIA GARCIA MOLINA',NULL,2,NULL,'ENTRE 2007 Y 2013',1,NULL,1,423,NULL,36,NULL,'LA PLATA',1),(125,'2019-09-06 06:13:58','2019-09-06 06:13:58','ACOSTA DANIEL',NULL,13,NULL,'DANIEL Y AGUSTIN PRIMOS ENTRE SI FUERON A JUGAR UN PARTIDO DE FUTBOL AL BARRIO SAN EDUARDO PARTIDO TRES DE FEBRERO LUEGO DEL CUAL TUVIERON UNA DISCUSIÓN CON UN JOVEN QUIEN TRAS PRESENCIAR LA PELEA VA A BUSCAR UN ARMA A SU CASA Y AL REGRESAR LES DISPARO PROVOCANDO LA MUERTE DE DANIEL Y HERIDAS DE GRAVEDAD A AGUSTIN','2018-07-24',2,NULL,NULL,14,'SEGUNDA DE CIUDADELA',2,4,1,NULL,NULL,'ACOSTA DANIEL Y LARROSA AGUSTIN',NULL,1,'2018-07-21',NULL,1,NULL,1,184,NULL,100,NULL,'SAN MARTIN',1),(126,'2019-09-06 14:35:25','2019-09-06 14:35:25','ACEVEDO  LIDIA LUCINA','377',32,NULL,'LA SRA NOS CUENTA QUE ESTUVO DE NOVIO POR UN AÑO CON EL SR CORREJIDOR QUIEN NO ENTIENDE QUE ELLA DESEA ESTAR SOLA SIN PAREJA EL FECHO DENUNCIADO FUE 14 DE FEBRERO DEL 2018 ACTUALMENTE VIVE CON SU NIETO','2018-02-14',3,2,NULL,8,'COMISARIA DE LA MUJER',2,3,2,2,NULL,'ACEVEDO  LIDIA LUCINA',NULL,1,'2018-02-14',NULL,1,NULL,1,591,NULL,86,NULL,'PINAMAR',1),(127,'2019-09-06 14:52:19','2019-09-06 14:52:19','Bastian Coffaro','8318',36,'ABUSO SEXUAL AGRAVADO','ANALIA DENUNCIA A SU EX PAREJA CRISTIAN TOBIO POR ABUSO SEXUAL DE SU HIJO BASTIAN','2019-03-15',2,NULL,NULL,1,'Se desconoce',1,7,1,NULL,NULL,'BASTIAN COFFARO',NULL,1,'2019-06-29',NULL,1,NULL,1,272,NULL,45,NULL,'LA PLATA',1),(128,'2019-09-06 15:01:22','2019-09-06 15:01:22','ADOLFO ANDRADA','0',35,NULL,'000','2017-07-05',1,NULL,NULL,3,'No hay denuncia',2,1,2,5,'Se articula la demanda con el Servicio Local por la situación de vulneración de los derechos del niño','ADOLFO ANDRADA',NULL,1,'1900-01-01',NULL,1,NULL,1,51,NULL,4,NULL,'AZUL',1),(129,'2019-09-06 15:06:13','2019-09-06 15:06:13','IRENE CUFRE','8335',32,NULL,'IRENE FUE VICTIMA DE VIOLENCIA Y DE TENTATIVA DE FEMICIDIO POR PARTE DE SU PAREJA JAVIER PEREIRA DE 37AÑOS QUIEN LE DISPARO PRIMERO A RAUL HERMANO DE IRENE SIN HERIRLO Y LUEGO A ELLA UNA BALA LE ROZA EL HOMBRO SIENDO TRASLADADA AL HOSPITAL SAN MARTIN DONDE LUEGO DE UNAS HORAS FUE DADA DE ALTA\r\n JAVIER PEREIRA ESTUVO ATRINCHERADO EN SU CASA EFECTUANDO DISPAROS A LA POLICIA QUE ACUDIO AL LUGAR HASTA QUE FUE DETENIDO','2019-04-06',2,NULL,NULL,1,'COMISARIA 3',1,7,1,NULL,NULL,'IRENE CUFRE',NULL,1,'2019-04-06',NULL,1,NULL,1,475,NULL,45,NULL,'LA PLATA',1),(130,'2019-09-06 15:10:49','2019-09-06 15:10:49','NAHIARA ABIGAIL VAZQUEZ','110',37,NULL,'COMPLETAR','2018-12-26',3,22,NULL,10,'Se desconoce',3,8,1,NULL,NULL,'NAHIARA ABIGAIL VAZQUEZ',NULL,3,NULL,NULL,1,NULL,1,1,NULL,89,NULL,'QUILMES',1),(131,'2019-09-06 15:22:19','2019-09-06 15:22:19','ALBORNOZ DALMIRA',NULL,37,NULL,'El 03 01 19 la madre de la menor se entera a través de un familiar de su actual pareja que su hija Dalmira fue abusada sexualmente desde hace 2 años aproximadamente por su progenitor Sr Regino Albornoz en ocasión de estar llevando a cabo las visitas  ya que la niña vivía con su madre','2019-01-09',2,NULL,NULL,15,'Comisaria  de la Mujer y la Familia',2,9,1,NULL,NULL,'ALBORNOZ DALMIRA',NULL,2,NULL,'desdse el 2017',1,NULL,1,505,NULL,64,NULL,'MAR DEL PLATA',1),(132,'2019-09-06 15:25:11','2019-09-06 15:25:11','AZUL SELENE GONZALEZ','111',37,NULL,'COMPLETAR','2019-01-10',3,15,NULL,22,'Se desconoce',3,15,1,NULL,NULL,'AZUL SELENE GONZALEZ',NULL,3,NULL,NULL,1,NULL,1,1,NULL,89,NULL,'QUILMES',1),(133,'2019-09-06 15:25:53','2019-09-06 15:25:53','AZUL SELENE GONZALEZ','111',37,NULL,'COMPLETAR','2019-01-10',3,15,NULL,22,'Se desconoce',3,15,1,NULL,NULL,'AZUL SELENE GONZALEZ',NULL,3,NULL,NULL,1,NULL,1,1,NULL,89,NULL,'QUILMES',1),(134,'2019-09-06 15:29:09','2019-09-06 15:29:09','JOHANA HAYDEE LÓPEZ',NULL,35,NULL,'LA SRA LOPEZ TIENE CONFLICTOS CON SU CONCUÑADA VIVEN EN EL MISMO TERRENO PERO EN CASA SEPARADAS SE AMENAZAN MUTUAMENTE POR LAS REDES SOCIALES','2019-02-04',1,NULL,NULL,23,'Se desconoce',3,6,2,1,NULL,'JOHANA HAYDEE LÓPEZ',NULL,3,NULL,NULL,1,NULL,1,1,NULL,28,NULL,'LA PLATA',1),(135,'2019-09-06 15:29:30','2019-09-06 15:29:30','VALENTIN SANTIAGO OSTOICH',NULL,37,NULL,'EL D1A  1 DE ABRIL DE 2019 VALENTIN SANTIAGO SE ENCONTRABA AL CUIDADO DE MATIAS EZEQUIEL SARE QUE ES SU PADRASTRO PAREJA DE LA MADRE SABRINA ELIANA LOPEZ MENDAT SARE PARA LEVANTARLE UNA PENITENCIA LE HIZO VER UNA PELICULA DONDE UNA MUJER LE TOCABA EL MIEMBRO A UN HOMBRE DICIÉNDOLE QUE TENIA QUE HACERLE LO MISMO SI QUERIA VER LA PELICULA DE SPIDERMAN LUEGO LO LLEVO AL BAÑO DONDE HACE QUE VALENTIN LO MASTURBE HASTA EYACULAR QUE LUEGO DE ESO LE DICE QUE ERA UN SECRETO ENTRE AMBOS Y QUE NO LE CONTARA A LA MAMA Y QUE AHORA  PODIA VER LA PELICULA','2019-04-04',3,2,NULL,4,'DE LA MUJER',2,14,1,NULL,NULL,'VALENTINA SANTIAGO OSTOICH',NULL,3,NULL,NULL,1,NULL,1,584,NULL,81,NULL,'PERGAMINO',1),(136,'2019-09-06 15:31:49','2019-09-06 15:31:49','JESICA VANINA GONZALEZ',NULL,36,'AVERIGUACION DE ILICITO','YANINA LEONOR POLIZZI QUIEN ES MADRE DE YESICA VANINA GONZALEZ Y MILAGROS ABIGAIL GONZALEZ DENUNCIO QUE CUANDO MILAGROS FUE AL ALMACEN DEL BARRIO UN HOMBRE SE ENCONTRABA PARADO EN LA ESQUINA Y AL VERLA SE METE LA MANO DENTRO DEL PANTALON Y SE TOCA SU MIEMBRO\r\nCUANDO SE LO CUENTA A JESICA ELLA LE DICE QUE ALGUIEN DE SIMILARES CARACTERISTICAS LA HABIA SEGUIDO Y LE HABIA SACADO FOTOS\r\nCUANDO YANINA SE ENCUENTRA CON VICTOR CASTILLO VECINO ESTE LE REFIERE QUE HABIA VISTO EN EL TELEFONO DE JAVIER ALEJANDRO RUIZ DIAZ FOTOS DE SUS HIJAS Y DE DAIANA SU HIJA','2019-09-05',3,2,NULL,4,'COMISARIA DE LA MUJER',3,14,1,NULL,NULL,'YESICA VANINA GONZALEZ',NULL,1,'2019-08-17',NULL,1,NULL,1,584,NULL,80,NULL,'PERGAMINO',1),(137,'2019-09-06 15:34:55','2019-09-06 15:34:55','PAOLA ANDREA VEGA','112',28,NULL,'COMPLETAR','2019-01-18',2,NULL,NULL,10,'Se desconoce',3,15,1,NULL,NULL,'PAOLA ANDREA VEGA',NULL,3,NULL,NULL,1,NULL,1,1,NULL,89,NULL,'QUILMES',1),(138,'2019-09-06 15:37:28','2019-09-06 15:37:28','SHEILA DALMA LOPEZ',NULL,5,NULL,'EL DIA 1 09 19  SHEILA DALMA LOPEZ 19 AÑOS DE EDAD FN 8 10 99 DNI 41926253 DOMICILIO BARBAZAN 1835 MANTUVO UNA DISCUSIÓN CON SU TIO LOPEZ DIEGO CARLOS 35 AÑOS DE EDAD Y ESTE SACA UN ARMA DE FUEGO Y EFECTÚA DISPAROS AL AIRE','2019-09-05',3,2,NULL,4,'Comisaria de la Mujer de Pergamino',3,14,1,NULL,NULL,'SHEILA DALMA LOPEZ',NULL,1,'2019-09-01',NULL,1,NULL,1,584,NULL,79,NULL,'PERGAMINO',1),(139,'2019-09-06 15:44:19','2019-09-06 15:44:19','MELINA SOLEDAD CORONEL',NULL,32,NULL,'LA JOVEN ES VICTIMA DE VIOLENCIA POR PARTE DE SU EX PAREJA LA MISMA TIENE DOS HIJOS A CARGO','2019-04-22',2,NULL,NULL,23,'Se desconoce',3,6,2,3,NULL,'MELINA SOLEDAD CORONEL',NULL,3,NULL,NULL,1,NULL,1,1,NULL,28,NULL,'LA PLATA',1),(140,'2019-09-06 15:46:01','2019-09-06 15:46:01','LEANDRO ADRIAN ARIEL MORA','113',13,NULL,'COMPLETAR','2019-01-25',2,NULL,NULL,10,'Se desconoce',3,15,1,NULL,NULL,'LEANDRO ADRIAN ARIEL MORA',NULL,3,NULL,NULL,1,NULL,1,1,NULL,89,NULL,'QUILMES',1),(141,'2019-09-06 15:48:13','2019-09-06 15:48:13','YASMIN GONZALEZ','8407',37,NULL,'YASMIN DE 2 AÑOS COMENZO A PRESENTAR CAMBIOS DE CONDUCTAS QUE LLEVARON A LA MADRE A SOSPECHAR DE UNA SITUACIÓN DE ABUSO PUDIENDO SER EL PROGENITOR DE LA NIÑA EL ABUSADOR','2019-09-02',2,NULL,NULL,1,'Se desconoce',2,7,1,NULL,NULL,'YASMIN FRANCESCA GONZALEZ LEDESMA',NULL,2,NULL,'HACE APROXIMADAMENTE DOS MESES',1,NULL,1,423,NULL,24,NULL,'LA PLATA',1),(142,'2019-09-06 15:48:31','2019-09-06 15:48:31','Delia Aleja Álvarez',NULL,2,NULL,'delia trabajaba en un taller de costura en el que fue abusada por el dueno del mismo demanda acompanamiento asistencial y asesoramiento legal','2017-10-30',1,NULL,NULL,11,'Se desconoce',2,8,1,NULL,NULL,'Delia Aleja Alvarez',NULL,1,'1900-01-01',NULL,1,NULL,1,466,NULL,57,NULL,'LOMAS Z.',1),(143,'2019-09-06 15:54:58','2019-09-06 15:54:58','ARBINI VALENTINA',NULL,37,NULL,'La pareja de la sra Arbini Yesica tía paterna de la víctima abusó sexualmente de las niñas Arbini Valentina y de Lucia Yael Zalazar hija de Arbini Yesica La sra Carolina Zalazar realizó la denuncia en el mes de noviembre de 2016','2019-07-10',1,NULL,NULL,15,'Comisaria de la Mujer y la Familia',2,9,1,NULL,NULL,'ARBINI VALENTINA',NULL,2,NULL,'noviembre 2016',1,NULL,1,505,NULL,64,NULL,'MAR DEL PLATA',1),(144,'2019-09-06 15:57:51','2019-09-06 15:57:51','MILAGROS ABIGAIL GONZALEZ',NULL,36,'AVERIGUACION DE ILICITO','YANINA LEONOR POLIZZI QUIEN ES MADRE DE YESICA VANINA GONZALEZ Y MILAGROS ABIGAIL GONZALEZ DENUNCIO QUE CUANDO MILAGROS FUE AL ALMACEN DEL BARRIO UN HOMBRE SE ENCONTRABA PARADO EN LA ESQUINA Y AL VERLA SE METE LA MANO DENTRO DEL PANTALON Y SE TOCA SU MIEMBRO\r\nCUANDO SE LO CUENTA A JESICA ELLA LE DICE QUE ALGUIEN DE SIMILARES CARACTERISTICAS LA HABIA SEGUIDO Y LE HABIA SACADO FOTOS\r\nCUANDO YANINA SE ENCUENTRA CON VICTOR CASTILLO VECINO ESTE LE REFIERE QUE HABIA VISTO EN EL TELEFONO DE JAVIER ALEJANDRO RUIZ DIAZ FOTOS DE SUS HIJAS Y DE DAIANA SU HIJA','2019-09-05',3,2,NULL,4,'COMISARIA DE LA MUJER',3,14,1,NULL,NULL,'MILAGROS ABIGAIL GONZALEZ',NULL,1,'2019-08-17',NULL,1,NULL,1,584,NULL,80,NULL,'PERGAMINO',1),(145,'2019-09-06 16:04:08','2019-09-06 16:04:08','NAHUEL NICOLAS PAMPIN',NULL,35,NULL,'EL JOVEN DE 20 AÑOS Y SU HIJO DE 2 SUFREN VIOLENCIA POR PARTE DE LA PAREJA DEL MISMO','2019-01-07',1,NULL,NULL,23,'Se desconoce',3,6,2,2,NULL,'NAHUEL NICOLAS PAMPIN',NULL,3,NULL,NULL,1,NULL,1,1,NULL,28,NULL,'LA PLATA',1),(146,'2019-09-06 16:07:01','2019-09-06 16:07:01','PIA AGOSTINA ARCE',NULL,4,NULL,'PIA FUE VICTIMA DE ABUSO SEXUAL POR PARTE DE LA PAREJA DE SU MAMA','2019-05-18',2,NULL,NULL,1,'Se desconoce',3,7,2,3,NULL,'PIA AGOSTINA ARCE',NULL,3,NULL,NULL,1,NULL,1,423,NULL,45,NULL,'LA PLATA',1),(147,'2019-09-06 16:10:02','2019-09-06 16:10:02','TIZIANA MAILEN FERREIRA',NULL,2,NULL,'EL 12 DE MARZO DE 2019 TIZIANA MAILEN FERREIRA  DENUNCIO QUE TRABAJA  DESDE EL MES DE ENERO  EN UN COMERCIO UBICADO EN CALLE DRAGO 154 CUYO DUEÑO ES CARLOS TECCO RELATA QUE HACE APROXIMADAMENTE 15 DIAS  SU EMPLEADOR SE LE ACERCA POR DETRAS Y LE APOYA SUS GENITALES EN LA COLA POR ENCIMA DE LA ROPA CUANDO ELLA LE RECLAMA ESTA ACTITUD EL LE DICE QUE ERA UNA BROMA','2019-04-01',3,2,NULL,4,'Comisaria de la Mujer de Pergamino',2,14,1,NULL,NULL,'TIZIANA MAILEN FERREYRA',NULL,2,NULL,'MARZO 2019',1,NULL,1,584,NULL,81,NULL,'PERGAMINO',1),(148,'2019-09-06 16:14:00','2019-09-06 16:14:00','ARIAS MENDEZ EVELYN',NULL,28,NULL,'El día 06 05 2019  Evelyn fue internada en el Hospital Privado de Comunidad de esta ciudad luego de que su pareja la hiriera con un cuchillo y le provocara lesiones de gravedad en la espalda  comprometiendo el pulmón El autor del hecho fue detenido y trasladado a la Unidad Penitenciaria N 44 de Batán','2019-05-10',2,NULL,NULL,15,'Comisaria de la Mujer y la Familia',2,9,1,NULL,NULL,'ARIAS MENDEZ EVELYN',NULL,1,'2019-05-06',NULL,1,NULL,1,505,NULL,64,NULL,'MAR DEL PLATA',1),(149,'2019-09-06 16:14:52','2019-09-06 16:14:52','MARTINA ALUMINE FIGUEROA','8345',9,NULL,'MARTINA DE 16 AÑOS FALTA DE SU HOGAR DESDE LA MADRUGADA DEL JUEVES 18-4-19 POR LA AVERIGUACIÓN DE PARADERO INTERVIENE LA COMISARÍA DE VILLA PONZATI BERISSO','2019-04-18',2,NULL,NULL,1,'COMISARIA 16 VILLA PONZATI LA PLATA',3,7,2,1,NULL,'MARTINA ALUMINE FIGUEROA',NULL,1,'2019-04-18',NULL,1,NULL,1,114,NULL,36,NULL,'LA PLATA',1),(150,'2019-09-06 16:16:22','2019-09-06 16:16:22','ACOSTA GRISELDA','8258',5,NULL,'GRISELDA DICE SER VICTIMA DE AMENAZAS POR PARTE DE UNOS VECINOS QUE USURPARON SU TERRENO','2018-12-27',1,NULL,NULL,1,'COMISARIA 8',1,7,1,NULL,NULL,'GRISELDA ISABEL ACOSTA',NULL,3,NULL,NULL,1,NULL,1,423,NULL,24,NULL,'LA PLATA',1),(151,'2019-09-06 16:20:25','2019-09-06 16:20:25','VALERIA SILVA',NULL,36,'VIOLENCIA DE GENERO','UNA MUJER SE MANTUVO FUERA DE SU DOMICILIO POR 48 HS DANDO LUGAR A QUE SU PAREJA RADICARA UNA DENUNCIA POR AVERIGUACION DE PARADERO\r\n NO OBSTANTE LA MUJER SE COMUNICO CON SU MADRE Y LE HIZO SABER QUE VENIA SUFRIENDO VIOLENCIA POR PARTE DE AQUEL','2019-06-29',2,NULL,NULL,1,'Se desconoce',3,7,1,NULL,NULL,'VALERIA SILVA',NULL,2,NULL,'LARGA DATA',1,NULL,1,423,NULL,45,NULL,'LA PLATA',1),(152,'2019-09-06 16:21:10','2019-09-06 16:21:10','SERGIO FILIBERTO',NULL,36,'ABANDONO DE PERSONA SEGUIDA DE MUERTE','EL 2 DE MARZO DE 2017 EN HORAS DE LA TARDECITA LA VICTIMA FALLECE A RAIZ DE UN INCENDIO ACAECIDO EN LAS INSTALACIONES DE LA COMISARIA PRIMERA DE PERGAMINO LUGAR EN EL QUE SE ENCONTRABA DETENIDO HABIENDO TRAGICAMENTE FALLECIDO TAMBIEN SEIS DE SUS COMPAÑEROS','2017-03-09',2,NULL,NULL,4,'COMISARIA PRIMERA',2,14,1,NULL,NULL,'SERGIO FILIBERTO',NULL,1,'2017-03-02',NULL,1,NULL,1,584,NULL,79,NULL,'PERGAMINO',1),(153,'2019-09-06 16:25:30','2019-09-06 16:25:30','RAMAYON NAILA BELEN',NULL,36,'AVERIGUACION DE ILICITO','EL 24 DE AGOSTO DE 2019 MARGARITA ESTER TEVES DENUNCIA LA DESAPARICION DE SU HIJA RAMAYO NAILA BELEN  DE 14 AÑOS DE EDAD  CUENTA QUE  LAS 07 HORAS SE RETIRA DE SU DOMICILIO Y SE DIRIGE AL COLEGIO SECUNDARIO NRO 10  UBICADO EN SCHUMACHER 1500 EN EL QUE CURSA EL 3ER AÑO A LAS 11 50 HORAS SALE DEL COLEGIO ACOMPAÑADA DE SANDY DUSTY CON LA QUE CAMINA HASTA LA CALLE R OBLIGADO Y SCHUMACHER Y SE SEPARAN LA NIÑA NO REGRESO A SU DOMICILIO EL DIA ANTERIOR HABIA TENIDO UNA FUERTE DISCUSION CON SU PROGENITORA YA QUE LA NIÑA SE AUTO FLAGELA CORTANDOSE EN LA ZONA DE LOS ANTEBRAZOS Y SU MADRE SE ENOJA POR ELLO FINALMENTE A LAS 20 HORAS NAILA BELEN RAMAYON FUE ENCONTRADA EN BUEN ESTADO DE SALUD Y ENTREGADA A SU PROGENITORA PREVIO EXAMEN MEDICO REALIZADO POR LA MEDICA DE POLICIA EN TURNO DRA ROBLAS','2019-08-09',3,2,NULL,4,'JEFATURA DEPARTAMENTAL',2,14,1,NULL,NULL,'NAILA BELEN RAMAYON',NULL,1,'2019-08-24',NULL,1,NULL,1,584,NULL,81,NULL,'PERGAMINO',1),(154,'2019-09-06 16:29:56','2019-09-06 16:29:56','MALENA CELIZ','8170',37,NULL,'EL 13 DE AGOSTO LA NIÑA HABRIA MANIFESTADO UN DOLOR EN SUS GENITALES LUEGO DE SALIR DEL JARDIN AL REVISAR  SU MADRE ENCONTRO MANCHAS DE SANGRE EN SU ROPA INTERIOR POR LO CUAL ACUDIO AL HOSPITAL DESDE DONDE LE SUGIRIERON QUE HAGA LA DENUNCIA','2018-08-23',3,11,NULL,1,'Se desconoce',2,7,1,NULL,NULL,'LUZ MALENA CELIZ',NULL,1,'2018-08-13',NULL,1,NULL,1,423,NULL,24,NULL,'LA PLATA',1),(155,'2019-09-06 16:32:02','2019-09-06 16:32:02','LAURA PAVON','8350',36,'LESIONES CULPOSAS','EL DIA 18042019 LAURA DE 43 AÑOS FUE VICTIMA DE UN ACCIDENTE VIAL JUNTO CON SU MARIDO EZEQUIEL TOLEDO 36 AÑOS Y SU HIJA DE 6 AÑOS CUANDO UN AUTO LOS EMBISTIO EN LA MOTO EN LA QUE CIRCULABAN','2019-04-18',2,NULL,NULL,1,'Se desconoce',3,7,1,NULL,NULL,'LAURA PAVON',NULL,1,'2019-04-18',NULL,1,NULL,1,423,NULL,45,NULL,'LA PLATA',1),(156,'2019-09-06 16:33:42','2019-09-06 16:33:42','ZOE BARRIONUEVO',NULL,37,NULL,'Claudia Miró vicedirectora de la Escuela n 59 nos solicita intervención por un caso de ASI entre dos alumnos de la escuela primos de 8 y 11 años','2019-08-12',3,22,NULL,22,'Se desconoce',2,8,1,NULL,NULL,'ZOE BARRIONUEVO',NULL,3,NULL,NULL,1,NULL,1,127,NULL,1,NULL,'ALTE. BROWN',1),(157,'2019-09-06 16:34:45','2019-09-06 16:34:45','ANTONELLA BELEN SOSA',NULL,32,NULL,'LA JOVEN SUFRE VIOLENCIA POR PARTE DE SU EXPAREJA CON EL QUE SIGUE COMPARTIENDO VIVIENDA','2019-05-23',1,NULL,NULL,23,'Se desconoce',3,6,1,NULL,NULL,'ANTONELLA BELEN SOSA',NULL,3,NULL,NULL,1,NULL,1,1,NULL,28,NULL,'LA PLATA',1),(158,'2019-09-06 16:35:17','2019-09-06 16:35:17','JULIAN SETRINI','8348',13,NULL,'EL DIA SABADO 20-4 JULIAN ES HERIDO DE ARMA BLANCA EN UNA SITUACION DE UN APARENTE INTENTO DE ROBO EN LA VIA PUBLICA MIENTRAS VOLVIA DE LA CASA DE SU MADRINA','2019-04-23',2,NULL,NULL,1,'Se desconoce',3,8,1,NULL,NULL,'JULIAN SANTIAGO SETRINI',NULL,1,'2019-04-23',NULL,1,NULL,1,47,NULL,36,NULL,'LA PLATA',1),(159,'2019-09-06 16:35:30','2019-09-06 16:35:30','ZOE BARRIONUEVO',NULL,37,NULL,'Claudia Miró vicedirectora de la Escuela n 59 nos solicita intervención por un caso de ASI entre dos alumnos de la escuela primos de 8 y 11 años','2019-08-12',3,22,NULL,22,'Se desconoce',2,8,1,NULL,NULL,'ZOE BARRIONUEVO',NULL,3,NULL,NULL,1,NULL,1,127,NULL,1,NULL,'ALTE. BROWN',1),(160,'2019-09-06 16:37:03','2019-09-06 16:37:03','PAZ DANIEL RAUL',NULL,36,'HOMICIDIO EN OCASION DE ROBO','SE TRATA DE UN CASO DE HOMICIDIO EN OCASIÓN DE ROBO DONDE LA VÍCTIMA SR DANIEL RAÚL PAZ FALLECE LUEGO DE RESISTIRSE A UN ASALTO EL 12 DE ABRIL DE 2019 EN LA LOCALIDAD DE G DE LAFERRERE HABRÍA OCURRIDO CUANDO VOLVÍA DEL TRABAJO DOS HOMBRES INTENTAN ROBARLE Y TERMINAN HIRIÉNDOLO CON ARMA DE FUEGO LUEGO FUE TRASLADADO AL HOSPITAL TERESA GERMANI PERO HABÍA LLEGADO FALLECIDO \r\nPOR EL HECHO HAY DOS IDENTIFICADOS UNO MENOR DE EDAD Y OTRO MAYOR AMBOS DETENIDOS EN LA ALCALDÍA DE LA PLATA DESDE EL 13 DE ABRIL DE 2019 Y EN LA COMISARÍA DE LOS PINOS DESDE EL 15 DE ABRIL DE 2019 RESPECTIVAMENTE  \r\nLA FAMILIA DE LA VÍCTIMA SOLICITA ORIENTACIÓN LEGAL Y ABOGADO PATROCINANTE','2019-05-10',3,12,NULL,23,'Se desconoce',2,6,1,NULL,NULL,'PAZ DANIEL RAUL',NULL,1,'2019-04-12',NULL,1,NULL,1,346,NULL,50,NULL,'LA PLATA',1),(161,'2019-09-06 16:38:14','2019-09-06 16:38:14','ACOSTA CAMILA',NULL,37,NULL,'LA JOVEN CAMILA ACOSTA CONCURRIO A UNA FIESTA DE AMIGOS CON UNA AMIGA Y SU PADRE QUIEN LAS DEJA EN LA ENTRADA DEL LUGAR EN UN MOMENTO DETERMINADO DE LA NOCHE LA AMIGA DE CAMILA NO LA ENCUNTRA POR NINGUN LADO Y CONCURRE PARA LAS HABITACIONES DE LA CASA CUANDO LLEGA OBSERVA MOVIEMINTOS EXTRAÑOS Y ES DONDE VE QUE SU AMIGA SE ENCONTRABA EN ROPA INTERIOR Y LOGRA RESCATARLA ACORDANDO AMBAS NO DECIR NADA LUEGO DE DOS AÑOS CAMILA DECIDE HABLAR CON SU MADRE DE LOS SUCEDIDO E IMPUTAN A UNO DE LOS AGRESORES QUE SIENDO MENOR DE EDAD QUE EN LIBERTAD SE INICIA PROCESO LEGAL','2019-08-09',1,NULL,NULL,19,'Se desconoce',2,11,1,NULL,NULL,'CAMILA ACOSTA',NULL,3,NULL,NULL,1,NULL,1,540,NULL,72,NULL,'MORENO',1),(162,'2019-09-06 16:38:48','2019-09-06 16:38:48','BECCARIA MARCELA GUADALUPE',NULL,32,NULL,'Marcela denuncia a su ex pareja por Violencia de Genero y Amenazas','2019-01-04',3,12,NULL,15,'Comisaria de la Mujer y la Familia',2,9,1,NULL,NULL,'BECCARIA MARCELA GUADALUPE',NULL,2,NULL,'aproximadamente agosto 2018',1,NULL,1,505,NULL,64,NULL,'MAR DEL PLATA',1),(163,'2019-09-06 16:43:38','2019-09-06 16:43:38','LORENA BLANCO',NULL,13,NULL,'EL 26 DE ENERO DEL AÑO 2017 LORENA BLANCO SE ENCONTRABA EN EL BAR DEL CLUB MITRE DE LA CIUDAD CUANDO EL IMPUTADO EMANUEL TURDARINI CONOCIDO DE LA VICTIMA UTILIZANDO UN ARMA DE FUEGO LE DISPARO CAUSANDOLE LA MUERTE Y DANDOSE A LA FUGA\r\nLA VÍCTIMA ERA MADRE DE SEIS HIJOS UNA MAYOR Y CINCO MENORES','2017-01-26',2,NULL,NULL,4,'Se desconoce',3,14,1,NULL,NULL,'LORENA NATALIA BLANCO',NULL,1,'2017-01-26',NULL,1,NULL,1,584,NULL,80,NULL,'PERGAMINO',1),(164,'2019-09-06 16:44:51','2019-09-06 16:44:51','ZOE BARRIONUEVO',NULL,37,NULL,'BABSBSB','2019-08-12',3,22,NULL,22,'Se desconoce',2,8,1,NULL,NULL,'ZOE BARRIONUEVO',NULL,3,NULL,NULL,1,NULL,1,127,NULL,1,NULL,'ALTE. BROWN',1),(165,'2019-09-06 16:45:06','2019-09-06 16:45:06','MORENA ZAMORA',NULL,37,NULL,'MORENA ZAMORA ES VICTIMA DE ABUSO SEXUAL POR PARTE DE LA EX PAREJA DE SU MADRE LA SRA JOSEFINA NOSTI  LOS ABUSOS SEXUALES SE HABRIAN COMETIDO CUANDO LA MENOR TENIA 7 U 8 AÑOS EN EL DOMICILIO FAMILIAR EN CIRCUNSTANCIAS EN LAS QUE LA MADRE DE LA NIÑA SE IBA A TRABAJAR','2019-03-27',3,2,NULL,4,'Comisaria de la Mujer de Pergamino',2,14,1,NULL,NULL,'MORENA ZAMORA',NULL,2,NULL,'LOS ABUSOS COMENZARON CUANDO LA VICTIMA TENIA 7 U 8 AÑOS',1,NULL,1,584,NULL,81,NULL,'PERGAMINO',1),(166,'2019-09-06 16:45:37','2019-09-06 16:45:37','DYLAN Y UCILA COMAN','8346',37,NULL,'MARIELA DENUNCIA QUE SUS HIJOS ESTAN SIENDO ABUSADOS EN EL INSTITUTO NEUROPSIQUIATRICO DONDE SE ENCUENTRAN ALOJADOS','2018-12-26',1,NULL,NULL,1,'Se desconoce',3,7,1,NULL,NULL,'DYLAN COMAN',NULL,2,NULL,'NO SABE ESPECIFICAR DESDE CUANDO PERO SI QUE ESTARIA SUCEDIENDO EN ESTE MOMENTO',1,NULL,1,423,NULL,24,NULL,'LA PLATA',1),(167,'2019-09-06 16:46:01','2019-09-06 16:46:01','Liliana Herrera',NULL,36,'ABUSO SEXUAL GRAVEMENTE ULTRAJANTE','Liliana refiere que es feriante y que el 2 de junio de 2016 en una zona anexa al denominado predio de compras La Salada luego de negarse a pagar una coima a la Comisaría 10 de Ingeniero Budge en concepto de protecciOn es secuestrada golpeada y abusada sexualmente en el interior de dicha ComisarIa por el subcomisario encargado y varios subalternos del mismo','2017-11-01',2,NULL,NULL,11,'Se desconoce',2,8,1,NULL,NULL,'LILIANA HERRERA',NULL,1,'2016-06-02',NULL,1,NULL,1,466,NULL,56,NULL,'LOMAS Z.',1),(168,'2019-09-06 16:50:26','2019-09-06 17:14:18','SOFIA ROJAS',NULL,2,NULL,'SOFIA DE 18 AÑOS REFIERE HABER SIDO ABUSADA POR SU PRIMO A LA EDAD DE 15 AÑOS CUANDO SE QUEDABA EN CASA DE SU ABUELA','2018-12-19',1,NULL,NULL,22,'SE REALIZA DIRECTAMENTE EN TRIBUNALES',2,8,1,NULL,NULL,'SOFIA ROJAS',NULL,2,NULL,'EL HECHO SUCEDE A LA EDAD DE 15 AÑOS DE SOFIA',1,NULL,1,7,NULL,2,2,'ALTE. BROWN',1),(169,'2019-09-06 16:51:26','2019-09-06 16:51:26','PAZ BIJARRA ZEGA',NULL,37,NULL,'Con fecha 03 12 2018 Silvana realiza denuncia por abuso sexual hacia su hija por parte del padre de la menor','2019-05-14',2,NULL,NULL,15,'Comisaria de la Mujer y la Familia',2,9,1,NULL,NULL,'PAZ BIJARRA ZEGA',NULL,2,NULL,'no especificada La denuncia se realiza el 03 12 18',1,NULL,1,505,NULL,64,NULL,'MAR DEL PLATA',1),(170,'2019-09-06 16:52:24','2019-09-06 16:52:24','SAUCEDO AYELEN','5',37,NULL,'LA NIÑA AYELEN SAUCEDO FUE ABUSADA POR SU TIO EN DOS OPORTUNIDADES','2017-04-28',1,NULL,NULL,7,'MUJER Y FAMILIA SUAREZ',1,8,1,NULL,NULL,'AYELEN SAUCEDO',NULL,1,'2016-06-28',NULL,1,NULL,1,742,NULL,11,NULL,'EZEIZA',1),(171,'2019-09-06 16:52:31','2019-09-06 16:52:31','SANABRIA LARA','675',37,NULL,'LARA SANABRIA FUE ABUSADA POR SU HERMANO GENARO SANABRIA 17 AÑOS CUANDO ELLA TENIA 5 AÑOS FECHA DEL HECHO MARZO 2018 LUGAR DEL HECHO SUCRE 2021 MERLO DOMICILIO FAMILIAR','2018-10-24',1,NULL,NULL,2,'Se desconoce',2,12,2,2,NULL,'LARA SANABRIA',NULL,2,NULL,'MARZO 2018',1,NULL,1,528,NULL,75,NULL,'MORON',1),(172,'2019-09-06 16:55:22','2019-09-06 16:55:22','ADA CRISTINA GAVILAN',NULL,37,NULL,'EL HECHO OCURRIO A PRINCIPIO DE AÑO LA VICTIMA QUEDABA AL CUIDADO DE LA PAREJA DE SU MADRE CUANDO ELLA SE IBA A TRABAJAR EN ESO MOMENTOS EL IMPUTADO PERPETRABA LOS ABUSOS A LA NIÑA QUIEN EN UN OPORTUNIDAD LOGRO ESCAPAR E IR LLORANDO A LO DE LA VECINA E INFORMAR TODO LO QUE VENIA SUCEDIENDO QUIEN INFORMO A SU MADRE Y PROCEDIO A HACER LA DENUNCIA','2019-06-03',2,NULL,NULL,19,'Se desconoce',2,11,1,NULL,NULL,'ADA CRISTINA GAVILAN',NULL,3,NULL,NULL,1,NULL,1,540,NULL,72,NULL,'MORENO',1),(173,'2019-09-06 16:57:26','2019-09-06 16:57:26','GONZÁLEZ OSCAR DANIEL',NULL,15,NULL,'SE TRATA DE UN CASO DE LESIONES LEVES PRODUCTO DE UN ROBO SUFRIDO POR EL SR GONZÁLEZ EL DIA 20 DE ABRIL DE 2019 EN LA ZONA DE G CATÁN CUANDO VOLVIA DEL TRABAJO EN EL MOMENTO EN QUE LE ROBAN LA MOTO LE GATILLAN EN SU CARA OCASIONALDOLE QUEMADURAS POR LA PÓLVORA Y UN DAÑO EN EL OIDO IZQUIERDO QUE ACTUALMENTE LIMITA SU AUDICIÓN SE ENCUENTRA EN EVALUACIÓN POR LA ART DE SU TRABAJO PROVINCIA ART\r\nSU PRINCIPAL INTERES ES DE ATENCIÓN PSICOLÓGICA','2019-04-25',2,NULL,NULL,23,'Se desconoce',2,6,1,NULL,NULL,'GONZÁLEZ OSCAR DANIEL',NULL,1,'2019-04-20',NULL,1,NULL,1,339,NULL,50,NULL,'LA PLATA',1),(174,'2019-09-06 16:58:39','2019-09-06 16:58:39','MARIA DEL ROSARIO ORTIZ','8381',32,NULL,'MARIA DEL ROSARIO DENUNCIO A SU EX ESPOSO FRANCO APUZZO POR AMENAZAS Y LESIONES TAMBIEN DENUNCIO AL PADRE DE SU EX RUBEN OMAR APUZZO POR ABUSO SEXUAL','2019-07-01',2,NULL,NULL,1,'Se desconoce',1,7,1,NULL,NULL,'ORTIZ MARIA DEL ROSARIO',NULL,2,NULL,'DENUNCIAS POR VIOLENCIA 2015 - 2016 - 2019',1,NULL,1,272,NULL,36,NULL,'LA PLATA',1),(175,'2019-09-06 17:01:38','2019-09-06 17:01:38','CAMILA SCANARO',NULL,2,NULL,'EN JULIO DEL 2018 MIENTRAS SE ENCONTRABA DE VACACIONES EN CORDOBA SUFRIO UN ABUSO SEXUAL POR PARTE DE QUIEN ENTONCES ERA SU PAREJA IVAN POSICK      LA RELACION CONTINUO DURANTE UNOS MESES LUEGO DEL EPISODIO Y LUEGO ELLA DECIDIO TERMINAR CON LA MISMA EN MARZO DEL 2019           CAMILA NO HA REALIZADO LA DENUNCIA POR MIEDO A LA REPRESALIA','2019-06-10',3,2,NULL,17,'Comisaría de la Mujer de Chivilcoy',2,10,1,NULL,NULL,'CAMILA SCANARO',NULL,1,'2018-07-10',NULL,1,NULL,6,1293,NULL,69,NULL,'MERCEDES',1),(176,'2019-09-06 17:01:44','2019-09-06 17:01:44','BURGOS MONICA PATRICIA',NULL,36,'conflicto familiar','La Sra Burgos se presenta a fin de exponer las distintas conflictivas de índole familiar con su ex pareja Sr Torres Rodrigo','2019-02-18',1,NULL,NULL,15,'Comisaria de la Mujer y la Familia',1,9,1,NULL,NULL,'BURGOS MONICA PATRICIA',NULL,2,NULL,'de larga data',1,NULL,1,505,NULL,64,NULL,'MAR DEL PLATA',1),(177,'2019-09-06 17:02:57','2019-09-06 17:02:57','ANDRES IVAN BRITEZ',NULL,37,NULL,'UN NIÑO DE 13 AÑOS FUE VICTIMA DE ABUSO SEXUAL EN UNA FIESTA POR PARTE DE UN HOMBRE DE 60 AÑOS','2019-04-25',1,NULL,NULL,23,'Se desconoce',2,6,1,NULL,NULL,'ANDRES IVAN BRITEZ',NULL,1,'2019-04-21',NULL,1,NULL,1,1,NULL,28,NULL,'LA PLATA',1),(178,'2019-09-06 17:04:33','2019-09-06 17:04:33','YESICA VARGAS',NULL,32,NULL,'YESICA ACTUALMENTE VIVE CON SU PAREJA Y TRES HIJOS DE 12 8 Y 3 AÑOS VICTIMA DE AGRESIONES Y VIOLENCIA DE HACE MUCHOS AÑOS','2019-03-14',1,NULL,NULL,22,'Se desconoce',1,8,1,NULL,NULL,'YESICA VARGAS',NULL,3,NULL,NULL,1,NULL,1,332,NULL,1,NULL,'ALTE. BROWN',1),(179,'2019-09-06 17:04:57','2019-09-06 17:04:57','MARIANO SANCHEZ','8257',36,'IMPEDIMENTO DE CONTACTO','DENUNCIA QUE SU EX MUJER NO LO DEJA VER A SUS HIJOS YA QUE LO DENUNCIO POR ABUSO SEXUAL Y VIOLENCIA DE GENERO Y SERIAN FALSAS DENUNCIAS','2018-12-19',3,7,NULL,1,'Se desconoce',1,16,1,NULL,NULL,'MARIANO SANCHEZ',NULL,3,NULL,NULL,1,NULL,1,675,NULL,24,NULL,'LA PLATA',1),(180,'2019-09-06 17:08:00','2019-09-06 17:08:00','MIA JAZMIN SPERA',NULL,37,NULL,'EL DÍA 25 DE JUNIO DE 2019 LA SEÑORA MARIA DEL LUJAN RETAMAL DENUNCIA QUE EL DIA 18 DE JUNIO JULIAN EZEQUIEL ABALLAY CON QUIEN ELLA CONVIVIO HASTA HACE 3 MESES RETIRA DE SU CASA A MIA JAZMIN SPERA PARA LLEVARLA A UN CUMPLEAÑOS CUANDO VUELVE LA NIÑA LE MANIFIESTA A SU MAMA QUE LE DOLIA LA COLA EL 21 DE JUNIO RECIBE UN AUDIO  DE WHATSAPP DE SILVANA GALLARDO SU MADRE QUIEN LE DICE QUE CUANDO LLEVO A MIA AL BAÑO LE CONTO QUE LE DOLIA LA COLA PORQUE SU PAPA SE LA TOCO CON LA MANO CUANDO LA SENTO A UPA EN EL CUMPLEAÑOS','2019-07-01',3,2,NULL,4,'Comisaria de la Mujer de Pergamino',2,14,1,NULL,NULL,'MIA JAZMIN SPERA',NULL,1,'2019-06-18',NULL,1,NULL,1,584,NULL,81,NULL,'PERGAMINO',1),(181,'2019-09-06 17:08:16','2019-09-06 17:08:16','ROMINA ALEJANDRA DÍAZ','114',5,NULL,'COMPLETAR','2019-02-11',2,NULL,NULL,10,'Se desconoce',3,15,1,NULL,NULL,'ROMINA ALEJANDRA DÍAZ',NULL,3,NULL,NULL,1,NULL,1,1,NULL,89,NULL,'QUILMES',1),(182,'2019-09-06 17:09:41','2019-09-06 17:09:41','ALMIRÓN BÁRBARA MILENA',NULL,35,NULL,'DENUNCIA VIOLENCIA PSICOLÓGICA POR PARTE DE SU EX PAREJA\r\nPADRE DE SUS HIJOS','2017-05-17',3,14,NULL,8,'COMISARIA DE LA MUJER',1,3,2,2,NULL,'ALMIRÓN BÁRBARA MILENA',NULL,1,'2017-05-17',NULL,1,NULL,1,591,NULL,87,NULL,'PINAMAR',1),(183,'2019-09-06 17:09:54','2019-09-06 17:09:54','JOHANA SORIA','8034',10,NULL,'JOHANA FUE ASESINADA POR SU EX PAREJA QUIEN LUEGO SE SUICIDA  ELLA TENIA UN HIJO DE 17 AÑOS AGUSTIN  DE UNA PAREJA ANTERIOR Y UNA NIÑA DE 9 AÑOS LUJAN HIJA DEL HOMICIDA','2018-02-26',2,NULL,NULL,1,'COMISARIA 15',3,7,1,NULL,NULL,'JOHANA SORIA',NULL,3,NULL,NULL,1,NULL,1,423,NULL,37,NULL,'LA PLATA',1),(184,'2019-09-06 17:10:16','2019-09-06 17:10:16','BERNARDITA CALLEGARI',NULL,2,NULL,'BERNARDITA SE CONTACTA POR FACEBOOK CON DAVID MELO CON QUIEN ACUERDA ENCONTRARSE EN LA ENTRADA DE UN HOTEL ALOJAMIENTO DE LUJAN\r\nUNA VEZ CONCRETADO EL ENCUENTRO Y YA EN LA HABITACION MELO SE DESVISTE Y LA DESVISTE A ELLA A PESAR QUE BERNARDITA EXPRESA QUE NO QUERIA HACERLO\r\nCABE DESTACAR QUE BERNARDITA PADECE SINDROME DE DAWN','2019-05-29',3,12,NULL,17,'COMISARIA DE LA MUJER Y LA FAMILIA DE LUJAN',2,10,1,NULL,NULL,'BERNARDITA CALLEGARI',NULL,1,'2019-05-24',NULL,1,NULL,1,486,NULL,71,NULL,'MERECEDES',1),(185,'2019-09-06 17:10:44','2019-09-06 17:10:44','ANA ROSA ZABALA',NULL,5,NULL,'REALIZA DENUNCIA CONTRA EX PAREJA Y PADRE DE SUS HIJOS POR AMENAZAS CONTRA SI INTEGRIDAD FÍSICA Y DE SU HIJA MENOR         AMENAZA CON DESALOJARLA DE LA HABITACIÓN DONDE VIVE QUE PERTENECE A TERRENO DE EL          ELLA ESTA VIVIENDO CON UNA CUÑADA PERO NO PUEDE RETIRAR SUS PERTENENCIAS PORQUE SU EX PAREJA NO LE PERMITE EL INGRESO','2019-06-29',3,12,NULL,17,'Comisaría de la Mujer de Mercedes',1,10,1,NULL,NULL,'ANA ROSA ZABALA',NULL,1,'2019-05-20',NULL,1,NULL,1,527,NULL,70,NULL,'MERCEDES',1),(186,'2019-09-06 17:12:11','2019-09-06 17:12:11','CANARIO MIA MAGALI',NULL,37,NULL,'El 02 01 19 la señora Marianela Barragán Madre de la víctima denuncia que la niña había sido abusada sexualmente por su pareja Gonzalo Zapata  desde hace un año a la fecha aproximadamente Se entera por intermedio de su hermana y madre  personas a quien les cuenta la niña con anterioridad','2019-01-10',1,NULL,NULL,15,'Comisaria de la Mujer y la Familia',2,9,1,NULL,NULL,'CANARIO MIA MAGALI',NULL,2,NULL,'aproximadamente desde hace un año',1,NULL,1,505,NULL,64,NULL,'MAR DEL PLATA',1),(187,'2019-09-06 17:14:28','2019-09-06 17:14:28','NICOL ARIANA ORELLANA',NULL,37,NULL,'EL DÍA 11 DE ENERO DE 2019 LA DIRECCIÓN DE CPV SEDE CENTRAL LA PLATA DERIVA EL PRESENTE CASO AL ETP DE LA MATANZA CASO QUE LES FUE DERIVADO POR LA ONG JUANITA\r\nSE TRATA DE LA NIÑA NICOL ARIANA ORELLANA VÍCTIMA DE ASI EN TRES OCASIONES  DURANTE EL PERÍODO DEL 2017 SIENDO EL AGRESOR SU PADRE SR JONATHAN GABRIEL ORELLANA 35 AÑOS EL HECHO OCURRIÓ EN EL DOMICILIO DEL ACUSADO ROJAS 941 CORRESPONDIENTE A LA LOCALIDAD DE TRISTÁN SUÁREZ EZEIZA CONTACTO 1531459681\r\nLA MADRE DE LA VÍCTIMA SRA  DÉBORA RIVEROS POTRERO REALIZÓ LA DENUNCIA EL 19 DE ENERO DE 2019 EN LA FISCALÍA N 2 DE SAN JUSTO EN LA ACTUALIDAD EL ACUSADO NO ESTÁ DETENIDO \r\nPARALELAMENTE  OTRA HIJA DEL ACUSADO Y DE OTRA PAREJA TAMBIÉN MANIFESTÓ QUE FUE ABUSADA AL MOMENTO NO HAN HECHO LA DENUNCIA AUNQUE ÉSTA OTRA VÍCTIMA SE HA OFRECIDO A PRESTAR DECLARACIÓN A FAVOR DE NICOL A LA FECHA ÉSTO AÚN NO OCURRIÓ\r\nPARALELAMENTE CURSA UNA DENUNCIA DE VIOLENCIA FAMILIAR LA SRA POTRERO SOLICITA ASESORAMIENTO LEGAL','2019-01-18',3,15,NULL,23,'Se desconoce',3,6,1,NULL,NULL,'NICOL ARIANA ORELLANA',NULL,2,NULL,'PERIODO 2017',1,NULL,1,678,NULL,50,NULL,'LA PLATA',1),(188,'2019-09-06 17:15:37','2019-09-06 17:15:37','MURO','8214',37,NULL,'JUAN FUE ABUSADO POR UN AMIGO DE LA FAMILIA CUANDO TENIA 12 AÑOS PUDO CONTARLES A SUS HERMANAS UN AÑO DESPUES EN FEBRERO DEL CORRIENTE AÑO   \r\nLE HICIERON CAMARA GESELL Y ACTUALMENTE EL IMPUTADO SE ENCUENTRA DETENIDO','2018-10-02',2,NULL,NULL,1,'Se desconoce',2,7,1,NULL,NULL,'JUAN ELVECIO MURO',NULL,2,NULL,'HACE UN AÑO',1,NULL,1,423,NULL,24,NULL,'LA PLATA',1),(189,'2019-09-06 17:20:39','2019-09-06 17:20:39','CARO LILIAN MARCELA',NULL,15,NULL,'El 10 05 2019 Lilian realiza denuncia por violencia de género contra su esposo Marcos Alejandro Ruzi de 40 años','2019-05-17',2,NULL,NULL,15,'Comisaria de la Mujer y la Familia',2,9,1,NULL,NULL,'CARO LILIAN MARCELA',NULL,2,NULL,'mayo 2019',1,NULL,1,505,NULL,64,NULL,'MAR DEL PLATA',1),(190,'2019-09-06 17:23:13','2019-09-06 17:23:13','BAGNERA',NULL,37,NULL,'ENTRE EL 2012 Y EL 2014 CELESTE ROSALES QUIEN ACTUALMENTE TIENE 14 AÑOS FUE ABUSADA SEXUALMENTE EN REITERADAS OCASIONES POR UN VECINO','2019-02-28',3,12,NULL,17,'Se desconoce',2,10,1,NULL,NULL,'CELESTE ROSALES',NULL,2,NULL,'ENTRE EL 2012 Y 2014',1,NULL,1,486,NULL,69,NULL,'MERCEDES',1),(191,'2019-09-06 17:26:38','2019-09-06 17:26:38','Matias Sebastian Zurita',NULL,6,NULL,'Matias de 21 años fue encontrado sin vida en el patio interno del complejo COFAVI de San Miguel el 30 de mayo del 2019 su muerte se produjo al caer al vacio desde el balcon de una de las torres del complejo','2019-06-05',2,NULL,NULL,21,'Comisaría 1era de San Miguel',2,4,1,NULL,NULL,'Matias Sebastian Zurita',NULL,1,'2019-05-30',NULL,1,NULL,1,682,NULL,12,NULL,'JOSE C. PAZ',1),(192,'2019-09-06 17:28:05','2019-09-06 17:28:05','ALICIA SEGOVIA',NULL,32,NULL,'LA JOVEN SUFRE EPISODIOS DE VIOLENCIA FÍSICA Y PSICOLÓGICA POR PARTE DE SU EX PAREJA','2019-05-20',1,NULL,NULL,23,'Se desconoce',2,6,2,3,NULL,'ALICIA SEGOVIA',NULL,3,NULL,NULL,1,NULL,1,1,NULL,28,NULL,'LA PLATA',1),(193,'2019-09-06 17:29:17','2019-09-06 17:29:17','MORAN MAGDALENA','585',4,NULL,'MAGDALENA TUVO UNA RELACION DE UN AÑO DE NOVIAZGO CON EL IMPUTADO ALAN MAXIMILIANO VILTES HASTA QUE ELLA TOMO LA DECISION DE SEPARARSE Y DESDE ESE MOMENTO EMPEZO EL HOSTIGAMIENTO SU PRIMER DENUNCIA FUE EL 30 DE OCTUBRE 2017','2017-11-03',1,NULL,NULL,2,'Comisaría de la Mujer y la Familia Morón',2,12,2,2,NULL,'MORAN MAGDALENA',NULL,1,'2017-10-30',NULL,1,NULL,1,541,NULL,77,NULL,'MORON',1),(194,'2019-09-06 17:29:41','2019-09-06 17:29:41','NELIDA ERMELINDA SAMPAYO',NULL,35,NULL,'SE TRATA DE UN CASO DE VIOLENCIA FAMILIAR QUIEN TIENE COMO VÍCTIMA A LA SRA  NELIDA ERMELINDA SAMPAYO Y A 2 DE SUS 3 HIJOS LEONEL 12 AÑOS Y  JOEL 7 AÑOS QUIENES SON HIJOS DEL ACUSADO  EXPAREJA  DE LA VÍCTIMA SR ALEJANDRO ANDRÉS  GUANCA LA HIJA MAYOR 21 AÑOS DE LA VÍCTIMA ES DE UN ANTERIOR MATRIMONIO Y SEGÚN LOS DICHOS DE LA SRA SAMPAYO NO HA PADECIDO  VIOLENCIA  \r\nLOS EPISODIOS DE VIOLENCIA FAMILIAR COMENZARON EN EL AÑO 2012  LA SRA  SAMPAYO REALIZÓ LA DENUNCIA EN EL AÑO 2016 Y 2018 EN LA COMISARÍA DE LA MUJER DE LAFERRERE POR LO CUAL SE INICIÓ UNA CAUSA PENAL QUE AL MOMENTO LA VÍCTIMA NO TIENE CONOCIMIENTO DEL NÚMERO DE CAUSA PARALELAMENTE EXISTE UNA CAUSA DE FAMILIA EN EL JUZGADO N 8 DE SAN JUSTO CON NÚMERO  LM 5036518 ACTUALMENTE EL ACUSADO ESTÁ EXCLUIDO DEL DOMICILIO EN EL CUAL VIVE LA VÍCTIMA JUNTO A SUS HIJOS POR UN PLAZO DE 180 DÍAS A CONTAR DEL 7 DE MAYO DE 2019\r\nLA VÍCTIMA SOLICITA ORIENTACIÓN LEGAL Y AYUDA ECONÓMICA AL MOMENTO ES RETICENTE A UN ESPACIO TERAPÉUTICO','2019-05-09',1,NULL,NULL,23,'SI EN EL 2016 Y 2019 EN LA COMISARIA DE LA MUJER DE LA FERRERE',3,6,1,NULL,NULL,'NELIDA ERMELINDA SAMPAYO',NULL,2,NULL,'LARGA DATA',1,NULL,1,346,NULL,50,NULL,'LA PLATA',1),(195,'2019-09-06 17:32:42','2019-09-06 17:32:42','MELANY ALDANA MALDONADO',NULL,37,NULL,'EL 5 DE MARZO DE 2019 LA SEÑORA VANINA LORENA LOPEZ DENUNCIO QUE A SU HIJA MELANY ALDANA MALDONADO  LE RELATO QUE HACE CUATRO MESES ATRAS APROXIMADAMENTE CUANDO SE ENCONTRABA SOLA EN SU DOMICILIO LLEGO ROBERTO NEUMAN MEDIO HERMANO POR PARTE DE SU PADRE ALCOHOLIZADO Y LA BESA LA DESVISTE LE MANOSEA SUS PECHOS PARA LUEGO PENETRARLA CON SUS DEDOS Y AMENAZARLA DE MUERTE','2019-04-01',3,2,NULL,4,'Comisaria de la Mujer de Pergamino',3,14,1,NULL,NULL,'MELANY ALDANA MALDONADO',NULL,2,NULL,'FINES DEL AÑO 2018 PRINCIPIO DEL 2019',1,NULL,1,584,NULL,81,NULL,'PERGAMINO',1),(196,'2019-09-06 17:33:40','2019-09-06 17:33:40','CASTILLO BIANCA MAYLEN',NULL,37,NULL,'El 28 01 2017 Débora  madre de la víctima  realiza denuncia de abuso hacia su hija por parte del padre de la niña  Cristian Maximiliano Castillo','2019-02-13',1,NULL,NULL,15,'Comisaria de la Mujer y la Familia',2,9,1,NULL,NULL,'CASTILLO BIANCA MAYLEN',NULL,3,NULL,NULL,1,NULL,1,505,NULL,64,NULL,'MAR DEL PLATA',1),(197,'2019-09-06 17:35:29','2019-09-06 17:35:29','REMISERO ASESINADO EN GLEW',NULL,13,NULL,'SERGIO ALMONACID DE 56 AÑOS DE PROFESION REMISERO RECIBE UN DISPARO DE ARMA DE FUEGO CUANDO SE DISPONIA A LLEVAR A UNA PASAJERA A SU TRABAJO','2018-01-11',3,5,NULL,22,'COMISARIA 7 GLEW',2,8,1,NULL,NULL,'SERGIO ALMONACID',NULL,1,'2018-01-11',NULL,1,NULL,1,332,NULL,2,NULL,'ALTE. BROWN',1),(198,'2019-09-06 17:36:20','2019-09-06 17:36:20','AMBULANCIA 107',NULL,32,NULL,'MABEL ES VICTIMA DE VIOLENCIA DE GENERO DE LARGA DATA VIVE CON SUS HIJAS DE 27 19 Y 8 AÑOS','2019-08-30',3,5,NULL,22,'COMISARIA DE LA MUJER Y LA FAMILIA DE BURZACO',1,8,1,NULL,NULL,'MABEL CASTILLO',NULL,2,NULL,'AGOSTO 2019',1,NULL,1,332,NULL,1,NULL,'ALTE. BROWN',1),(199,'2019-09-06 17:39:14','2019-09-06 17:39:14','DALMA YANINA BUSTAMANTE','115',37,NULL,'COMPLETAR','2019-02-14',3,8,NULL,10,'Se desconoce',3,15,1,NULL,NULL,'DALMA YANINA BUSTAMANTE',NULL,3,NULL,NULL,1,NULL,1,111,NULL,89,NULL,'QUILMES',1),(200,'2019-09-06 17:40:49','2019-09-06 17:40:49','Sabina Garcia',NULL,6,NULL,'Sabina Cursaba un embarazo de 38 semanas normal sin ningún indicio que fuera a cesarea\r\nen FEBRERO del año 2017 comienza con fuertes dolores abdominales por lo cual concurre al Hospital oñativia la atienden por guardia luego la llevan al quirofano donde le practican una cesárea Más tarde le  informan a su pareja Gonzalo que el bebé había fallecido','2017-10-18',3,5,NULL,11,'Se desconoce',2,8,1,NULL,NULL,'Garcia Sabina',NULL,1,'2017-02-18',NULL,1,NULL,1,466,NULL,59,NULL,'LOMAS Z.',1),(201,'2019-09-06 17:43:13','2019-09-06 17:43:13','OLGA SPROVIERI',NULL,13,NULL,'EL DIA 01 DE MARZO EN HORAS DE LA TARDE SE ENCUENTRA EN SU DOMICILIO A LA VICTIMA SIN VIDA DENTRO DEL MISMO\r\n SE ENTIENDE QUE LA MISMA HA FALLECIDO DE MANERA NATURAL PERO LUEGO DE REALIZADA LA AUTOPSIA SE CONSIDERA QUE LA MISMA  PRESENTARIA SIGNOS DE AHORCAMIENTO','2019-01-03',2,NULL,NULL,16,'Se desconoce',2,1,1,NULL,NULL,'OLGA SPROVIERI',NULL,3,NULL,NULL,1,NULL,1,719,NULL,101,NULL,'TANDIL',1),(202,'2019-09-06 17:43:14','2019-09-06 17:43:14','ANTONELLA ARIAS','8360',2,NULL,'ANTONELLA DE 9 AÑOS DE EDAD FUE VICTIMA HACE UN AÑO APROXIMADAMENTE DE ABUSO POR PARTE DE UN HOMBRE QUE TRABAJO COMO PEON EN UNA QUINTA DE PRODUCCION LOCAL DE LA QUE LOS PADRES DE ANTONELLA SON DUEÑOS  HACE UN MES PUDO RELATAR LOS HECHOS A UN PRIMO Y SU MADRE REALIZO LA DENUNCIA EN LA COMISARIA DE LA MUJER','2019-05-20',1,NULL,NULL,1,'Se desconoce',2,7,1,NULL,NULL,'ANTONELLA ARIAS',NULL,2,NULL,'HACE UN AÑO',1,NULL,1,25,NULL,24,NULL,'LA PLATA',1),(203,'2019-09-06 17:48:43','2019-09-06 17:48:43','NATALIA ZACCARDO',NULL,32,NULL,'CASO INGRESADO AL CAVAJ POR PRESENTACIÓN ESPONTÁNEA SE TRATA DE  LA SRA NATALIA ZACCARDO QUIEN ES VÍCTIMA DE VIOLENCIA DE GÉNERO POR PARTE DE SU EXPAREJA EL SR SERGIO LEONARDO GONZÁLEZ 39 DESDE EL AÑO 2012 LA MISMA REALIZÓ DENUNCIA POLICIAL EN LA COMISARÍA DE LA MUJER DE SAN JUSTO EL DÍA 5 DE ABRIL DE 2019 EN LA DENUNCIA ESTÁ MARCADA LA SOLICITUD SOBRE EL PERÍMETRO DE SEGURIDAD PERO LA VÍCTIMA NO LO PEDIRÁ  ACTUALMENTE LA SRA ZACCARDO RECIBE AMENAZAS TELEFÓNICAS DEL ACUSADO DICIÉNDOLE QUE VA A MATAR A SU AMIGO SR PATRICIO BARROSO ÉSTE RECIBIÓ GOLPES POR EL ACUSADO POR LO CUAL HARÁ DENUNCIA EN COMISARÍA \r\nLA SRA  ZACCARDO SOLICITA ASESORAMIENTO LEGAL','2019-04-08',1,NULL,NULL,23,'COMISARIA DE LA MUJER',3,6,1,NULL,NULL,'NATALIA ZACCARDO',NULL,2,NULL,'LARGA DATA',1,NULL,1,678,NULL,50,NULL,'LA PLATA',1),(204,'2019-09-06 17:53:30','2019-09-06 17:53:30','OTILIA LEONOR BALLESTERO',NULL,35,NULL,'EL DIA 2 DE ENERO EN TANDIL EL EQUIPO CAVAJ RECIBE UNA DERIVACION DEL CENTRO DE SALUD DEL BARRIO TUNITAS A FIN DE PODER ASISTIR A LA SENORA OTILIA VICTIMA VIOLENCIA FAMILIAR SOLICITANDO ASESORAMIENTO','2019-01-02',3,10,NULL,16,'Se desconoce',2,1,1,NULL,NULL,'OTILIA LEONOR BALLESTERO',NULL,3,NULL,NULL,1,NULL,1,719,NULL,102,NULL,'TANDIL',1),(205,'2019-09-06 17:58:33','2019-09-06 17:58:33','NATALIA VERON',NULL,32,NULL,'SE TRATA DE UN CASO DE VIOLENCIA DE GÉNERO DE LARGA DATA DONDE LA VÍCTIMA RESULTA SER LA SRA NATALIA VERON Y SUS HIJAS CONVIVIENTES Y EL AGRESOR SU EX PAREJA CRISTIAN HERNÁN DÍAZ \r\nA FECHA LA SRA MANIFIESTA QUE EL AGRESOR QUIEN SE ENCONTRABA DETENIDO POR VIOLAR UNA RESTRICCIÓN PERIMETRAL FUE LIBERADO EL 6 DE ENERO DE 2019 POR ESTE MOTIVO REFIERE MIEDO Y SOLICITA ASISTENCIA','2019-01-14',1,NULL,NULL,23,'Se desconoce',2,6,1,NULL,NULL,'NATALIA VERON',NULL,2,NULL,'DESDE EL 06 DE ENERO DE 2019',1,NULL,1,339,NULL,50,NULL,'LA PLATA',1),(206,'2019-09-06 17:59:34','2019-09-06 17:59:34','Rocio Belen López',NULL,17,NULL,'Belen de 24 años fue privada de su libertad durante un mes y victima de violencia de genero por parte de su pareja Kevin Hernandez El hecho se produjo en la localidad de avellaneda','2019-01-25',2,NULL,NULL,21,'Comisaria 1era de Jose C Paz',1,4,1,NULL,NULL,'Rocio Belen Lopez',NULL,2,NULL,'El hecho se lleva a cabo desde el 21 de diciembre hasta el 22 de enero',1,NULL,1,47,NULL,12,NULL,'JOSE C. PAZ',1),(207,'2019-09-06 18:03:43','2019-09-06 18:03:43','ACOSTA MARCELA','1475',15,NULL,'SE MANTIENE ENTREVISTA CON LA SEÑORA NORMA ANDRADE SUEGRA DE LA DENUNCIANTE Y CON MARCELA SOLEDAD ACOSTA QUIENES COMENTAN LA SITUACIÓN DE VIOLENCIA CON LA SEÑORA CLAUDIA ANDRADE TAMBIÉN DENUNCIANTE\r\nCOMENTAN QUE LA SEÑORA CLAUDIA GOLPEÓ A MARCELA JUNTO A SU NUERA MICAELA Y QUE A CAUSA DE ESTOS GOLPES MARCELA PERDIÓ SU EMBARAZO DE 7 MESES REALIZÁNDOLE UNA CESÁREA EN EL HOSPITAL YA QUE EL BEBÉ ESTABA SIN SIGNOS VITALES\r\nELLOS SON DE ALEJANDRO KORN Y VIENEN A VIVIR A PINAMAR PORQUE EL SEÑOR JUAN JOSE  PAREJA DE MARCELA VIENE A TRABAJAR EN LA TEMPORADA','2018-11-28',3,5,NULL,8,'COMISARIA DE LA MUJER',2,3,2,2,NULL,'ACOSTA MARCELA',NULL,1,'2018-11-28',NULL,1,NULL,1,591,NULL,86,NULL,'PINAMAR',1),(208,'2019-09-06 18:03:53','2019-09-06 18:03:53','SPERONI','13',37,NULL,'LA SRA PAOLA MADRE DE LA VÍCTIMA CANDELA DE 11 AÑOS DE EDAD NOS RELATA QUE SU HIJA SOFÍA  LE REFIRIÓ SU CUÑADO SR CIPRIANO CLEMENTE LE ESTABA TOCANDO LA COLA A SU HIJA CANDELA\r\nPROCEDE A CONSULTARLE A CANDELA QUIEN LE AFIRMA ESTOS HECHOS LLORANDO PIDIÉNDOLE DE IRSE CON SU PAPA Y AGREGANDO QUE EL SR CIPRIANO HABRÍA QUERIDO BAJARLE LOS PANTALONES\r\nLA MADRE DE LA MENOR PROCEDE A REALIZAR LA DENUNCIA PERTINENTE','2017-06-12',1,NULL,NULL,7,'MUJER Y FAMILIA TRISTAN SUAREZ',2,8,1,NULL,NULL,'CANDELA SPERONI',NULL,3,NULL,NULL,1,NULL,1,154,NULL,11,NULL,'EZEIZA',1),(209,'2019-09-06 18:08:11','2019-09-06 18:08:11','PAZ LUIS ALBERTO','586',5,NULL,'TIENE UN CONFLICTO FAMILIAR DE LARGA DATA  EN EL MISMO TERRENO CONVIVEN SU HIJA CON SUS HIJOS EN UNA CONSTRUCCION QUE SE HIZO DELANTE DEL TERRENO LUEGO DE HABER TENIDO CIERTOS ENTREDICHOS CON SU HIJA YA QUE ESTA BUSCA CONFLICTOS PARA QUEDARSE COMO UNICA DUEÑA DEL TERRENO Y LAS DOS CONSTRUCCIONES SE ENTERA QUE ELLA LO DENUNCIO POR VIOLENCIA FAMILIAR','2017-11-08',1,NULL,NULL,2,'COMISARIA DE LA MUJER DE ITUZAINGO',2,12,2,5,'SE DERIVA A OTRO ORGANISMO','LUIS ALBERTO PAZ',NULL,3,NULL,NULL,1,NULL,1,379,NULL,77,NULL,'MORON',1),(210,'2019-09-06 18:11:25','2019-09-06 18:11:25','ACCIDENTE GITANOS',NULL,26,NULL,'EL 24 DE MARZO DEL 2019 UNA CAMIONETA QUE TRANSPORTABA 15 PERSONAS DE DIVERSAS EDADES FUE COLISIONADA POR UN CAMION EN LA INTERSECCION DE RUTA 51 Y 7 A LA ALTURA DE CARMEN DE ARECO PRODUCTO DEL SINIESTRO 9 PERSONAS PERDIERON LA VIDA CUATRO ADULTOS Y CINCO NIÑOS   DOS NIÑAS DE 3 Y 10 AÑOS FUERON TRASLADADAS DE URGENCIA AL HOSPTAL DE SAN NICOLAS MIENTRAS QUE OTRAS 4 PERSONAS HERIDAS PERMANECIERON INTERNADAS EN EL HOSPITAL DE CARMEN DE ARECO','2019-04-08',3,12,NULL,17,'Comisaría de Carmen de Areco',2,10,2,3,NULL,'FRANCO BUSTOS',NULL,1,'2019-03-24',NULL,1,NULL,1,157,NULL,69,NULL,'MERCEDES',1),(211,'2019-09-06 18:14:02','2019-09-06 18:14:02','FLORENCIA PALACIOS',NULL,10,NULL,'FLORENCIA SE ENCONTRABA JUNTO A MAXIMILIANO GALLO SU EX PAREJA Y LA HIJA DE AMBOS DE DOS AÑOS DE EDAD EN EL VEHICULO DE MAXIMILIANO\r\nLUEGO DE UNA DISCUCION GALLO ESTACIONA EL AUTO EN UN DESCAMPADO SE BAJA Y SACA UNA SOGA DEL BAUL SE ACERCA A FLORENCIA Y LE PONE LA SOGA AL CUELLO INTENTANDO AHORCARLA\r\nFLORENCIA LOGRA ESCAPAR PERO AL SALIR DEL AUTO GALLO LOGRA INCREPARLA INTENTANDO AHORCARLA NUEVAMENTE CON SUS MANOS\r\nFLORENCIA ESCAPA CORRER HACIA EL DESCAMPADO PARA LOGRAR QUE MAXIMILIANO NO LA VEA\r\nLUEGO SE ACERCA A UNA VIVIENDA DONDE PIDE AYUDA','2019-06-29',3,12,NULL,17,'Se desconoce',3,10,1,NULL,NULL,'FLORENCIA PALACIOS',NULL,1,'2019-06-07',NULL,1,NULL,1,4090,NULL,71,NULL,'MERECEDES',1),(212,'2019-09-06 18:16:52','2019-09-06 18:16:52','Daniel Dacovich',NULL,35,NULL,'EL  SEÑOR DACOVICH  SE ACERCA DERIVADO DE LA SECRETARÍA DE PROTECCIÓN CIUDADANA  Y MANIFIESTA QUE ACTUALMENTE ESTÁ ATRAVESANDO UNA SEPARACIÓN  DE PAREJA CONFLICTIVA Y HA HABIDO HECHOS DE VIOLENCIA Y  AMENAZAS POR PARTE DE QUIEN FUERA SU EX MUJER','2019-06-28',3,5,NULL,16,'Comisaria de la Mujer y la Familia',2,1,1,NULL,NULL,'Daniel Dacovich',NULL,3,NULL,NULL,1,NULL,1,719,NULL,104,NULL,'TANDIL',1),(213,'2019-09-06 18:17:15','2019-09-06 18:17:15','ACCIDENTE GITANOS',NULL,26,NULL,'EL 24 DE MARZO DEL 2019 UNA CAMIONETA QUE TRANSPORTABA 15 PERSONAS DE DIVERSAS EDADES FUE COLISIONADA POR UN CAMION EN LA INTERSECCION DE RUTA 51 Y 7 A LA ALTURA DE CARMEN DE ARECO PRODUCTO DEL SINIESTRO 9 PERSONAS PERDIERON LA VIDA CUATRO ADULTOS Y CINCO NIÑOS   DOS NIÑAS DE 3 Y 10 AÑOS FUERON TRASLADADAS DE URGENCIA AL HOSPTAL DE SAN NICOLAS MIENTRAS QUE OTRAS 4 PERSONAS HERIDAS PERMANECIERON INTERNADAS EN EL HOSPITAL DE CARMEN DE ARECO','2019-04-08',3,12,NULL,17,'Comisaría de Carmen de Areco',2,10,2,3,NULL,'FRANCO BUSTOS',NULL,1,'2019-03-24',NULL,1,NULL,1,157,NULL,69,NULL,'MERCEDES',1),(214,'2019-09-06 18:21:45','2019-09-06 18:21:45','MARIA BELEN TORCIGLIANI',NULL,32,NULL,'EL 3 DE JULIO DE 2019 MARIA BELEN TORCIGLIANI DENUNCIO HABER SIDO VICTIMA DE VIOLENCIA DE GENERO POR PARTE DE LEONARDO GENES MANIFIESTA QUE ELLOS FUERON PAREJA DURANTE CINCO MESES Y QUE EL DIA ANTERIOR CUANDO SE FUE A BAÑAR PARA IR A TRABAJAR EL LE ROBO DINERO Y UN TELEFONO CELULAR CUANDO ELLA FUE A RECLAMARLE A SU CASA EL LA AGREDIO TIRANDOLA AL PISO Y LA GOLPEO EN LA ESPALDA CON UN PALO DETECTAN CUANDO LA ATIENDE EL MEDICO QUE ESTA CURSANDO UN EMBARAZO DE 6 SEMANAS','2019-07-19',1,NULL,NULL,4,'Comisaria de la Mujer de Pergamino',2,14,1,NULL,NULL,'MARIA BELEN TORCIGLIANI',NULL,1,'2019-07-03',NULL,1,NULL,1,584,NULL,81,NULL,'PERGAMINO',1),(215,'2019-09-06 18:34:37','2019-09-06 18:59:05','ALBORNOZ ESTER',NULL,37,NULL,'LUANA SUFRIO ABUSO SEXUAL SIN ACCESO CARNAL POR PARTE DE RAMON FERNANDO BRAVO EX PAREJA DE SU MADRE APARENTEMENTE EL ABUSO COMENZO HACE AÑOS Y SE PROLONGO EN EL TIEMPO Y LA NIÑA RECIEN AHORA PUDO CONTARLO','2019-07-12',3,23,NULL,14,'DE LA MUJER',2,4,1,NULL,NULL,'ALBORNOZ LUANA GUADALUPE',NULL,2,NULL,'LA DENUNCIA SE RADICO EL SIETE DE JULIO DEL DOS MIL DIECINUEVE',1,NULL,1,1089,NULL,100,100,'SAN MARTIN',1),(216,'2019-09-06 18:41:31','2019-09-06 18:41:31','NAHIR KAREN LOURDES MARTINEZ',NULL,2,NULL,'SE TRATA DE UN CASO DE ABUSO SEXUAL CON ACCESO CARNAL UNA JOVEN DE 19 AÑOS DENUNCIÓ HABER SIDO ABUSADA SEXUALMENTE POR UN CONDUCTOR DE UBER QUE LA LLEVÓ HASTA SU DOMICILIO EL HECHO OCURRIÓ EL 03 DE MARZO DE 2019 ASIMISMO EL CONDUCTOR DE 65 AÑOS FUE DETENIDO EL DÍA 04 DE MARZO 2019 EN RAMOS MEJÍA POR EL HECHO INTERVIENE LA UNIDAD FUNCIONAL DE INSTRUCCIÓN N 5 DEL DEPARTAMENTO JUDICIAL DE LA MATANZA  IPP N 1065819','2019-03-03',2,NULL,NULL,23,'Se desconoce',2,6,1,NULL,NULL,'NAHIR KAREN LOURDES MARTINEZ',NULL,1,'2019-03-03',NULL,1,NULL,1,428,NULL,50,NULL,'LA PLATA',1),(217,'2019-09-06 18:45:53','2019-09-06 18:45:53','CASO ANABELLA BUSTOS','153',37,NULL,'COMPLETAR','2019-08-09',2,NULL,NULL,10,'Se desconoce',3,8,1,NULL,NULL,'CASO ANABELLA BUSTOS',NULL,3,NULL,NULL,1,NULL,1,1,NULL,89,NULL,'QUILMES',1),(218,'2019-09-06 18:51:19','2019-09-06 18:51:19','MAITE YULIANA MAGALI POLOLA',NULL,37,NULL,'EL 19 DE ENERO DE 2019 VALLEJO CAROLINA MARICEL SE ENCONTRABA EN SU DOMICILIO JUNTO A SU HERMANA MAILEN VALLEJOS ESTA ULTIMA MIRANDO EL FACEBOOK MOMENTO EN QUE RECIBE UN MENSAJE DE OTRA HERMANA DE NOMBRE CATALINA DONDE SE VEIA UNA CAPTURA DE PANTALLA DE UN MENSAJE QUE YULIANA POLOLA  LE HABIA ENVIADO A ESTA Y QUE DECIA QUE SU PADRE POLOLA JOSE LUIS LA ABUSABA POR LO QUE CAROLINA JUNTO A MAILEN VAN AL DOMICILIO DE SU ABUELA DONDE SE ENCONTRABA YULIANA AL HABLAR CON ESTA ANGUSTIADA ROMPE EN LLANTO Y LE DICE QUE HACE DOS AÑOS DURANTE UN MES FUE ABUSADA POR SU PADRE TAMBIEN SE INVESTIGA EL POSIBLE ABUSO DE SU HERMANITO MENOR KEVIN POLOLA','2019-02-15',3,2,NULL,4,'Comisaria de la Mujer de Pergamino',2,14,1,NULL,NULL,'MAITE YULIANA MAGALI POLOLA',NULL,3,NULL,NULL,1,NULL,1,584,NULL,81,NULL,'PERGAMINO',1),(219,'2019-09-06 18:54:04','2019-09-06 18:54:04','MORA NINFA',NULL,15,NULL,'EL DÍA 10 DE FEBRERO DE 2019 CUANDO LA SRA NINFA VENDEDORA AMBULANTE ESTABA REALIZANDO SU TRABAJO DIARIO FUE AGREDIDA GRAVEMENTE POR OTROS DOS VENDEDORES AMBULANTES LA SRA FAMITA ELIZABETH Y EL SR SANDRO DUARTE EN EL TREN DE LA LÍNEA BELGRANO  LOS PASAJEROS CUIDARON POR LA INTEGRIDAD FÍSICA DE LA SRA NINFA Y COLABORARON EN LLAMAR A LA FUERZA POLICIAL \r\nLA VÍCTIMA SE PRESENTA SOLICITANDO ORIENTACIÓN LEGAL','2019-03-25',1,NULL,NULL,23,'Se desconoce',3,6,1,NULL,NULL,'MORA NINFA',NULL,1,'2019-02-10',NULL,1,NULL,1,339,NULL,50,NULL,'LA PLATA',1),(220,'2019-09-06 18:58:32','2019-09-06 18:58:32','MARCELA ALFARO',NULL,36,'VIOLENCIA','VIOLENCIA EN SU AMBITO LABORAL','2019-07-17',1,NULL,NULL,16,'NO INTERVIENE',2,1,1,NULL,NULL,'MARCELA ALFARO',NULL,3,NULL,NULL,1,NULL,1,719,NULL,104,NULL,'TANDIL',1),(221,'2019-09-06 18:59:28','2019-09-06 18:59:28','FLORENCIA ROCIO SANDEZ','134',37,NULL,'COMPLETAR','2019-04-22',3,14,NULL,10,'Se desconoce',3,15,1,NULL,NULL,'FLORENCIA ROCIO SANDEZ',NULL,3,NULL,NULL,1,NULL,1,1,NULL,89,NULL,'QUILMES',1),(222,'2019-09-06 19:13:29','2019-09-06 19:13:29','ROJAS JOSE LUIS',NULL,13,NULL,'ENCUENTRA SIN VIDA A VICTOR OMAR ARCE CON HERIDAS CORTANTES EN SU CUELLO EN EL BARRIO EJERCITO DE LOS ANDES FUERTE APACHE','2019-05-16',3,12,NULL,14,'6TA DE TRES DE FEBRERO',2,4,1,NULL,NULL,'ARCE VICTOR OMAR',NULL,1,'2019-02-03',NULL,1,NULL,1,184,NULL,98,NULL,'SAN MARTIN',1),(223,'2019-09-06 19:14:17','2019-09-06 19:14:17','MIA AYLEN ABIGAIL RIOS',NULL,37,NULL,'CON FECHA 7 DE FEBRERO DE 2019 EL EQUIPO RECIBE EL PRESENTE CASO POR PRESENTACIÓN ESPONTÁNEA\r\nSE TRATA DE UN ASI SIMPLE HACIA LA NIÑA  MÍA AYLEN ABIGAIL RÍOS A LA EDAD DE 6 AÑOS POR PARTE DE LA PAREJA DE SU ABUELA MATERNA SR HÉCTOR EDUARDO BARRAZA \r\nLA MADRE DE LA VÍCTIMA SANDRA MOYANO REALIZÓ LA DENUNCIA EN LA COMISARÍA DE LA MUJER DE SAN JUSTO EN FEBRERO DE 2017 A LA VEZ EL ACUSADO PRESENTA OTRAS DOS DENUNCIAS CON FECHA DE OCTUBRE DE 2017 DONDE SE LO ACUSA DE HABER ABUSADO SEXUALMENTE DE OTRAS DOS NIÑAS PRIMAS DE LA VÍCTIMA DE LAS CUALES UNA ERA MAYOR DE EDAD EN EL MOMENTO DEL HECHO\r\nSANDRA MOYANO SOLICITA ORIENTACIÓN LEGAL','2019-03-07',1,NULL,NULL,23,'COMISARIA DE LA MUJER',3,6,1,NULL,NULL,'MIA AYLEN ABIGAIL RIOS',NULL,2,NULL,'DESDE 2017',1,NULL,1,346,NULL,50,NULL,'LA PLATA',1),(224,'2019-09-06 19:14:19','2019-09-06 19:14:19','ARANA LORENA LETICIA',NULL,13,NULL,'TOMAMOS CONOCIMIENTO POR UNA  DERIVACION DE LA UFI 6 DE VILLA GESELL FECHA DEL HECHO 3 DE NOVIEMBRE DE 2018  SE ENCUENTRA UN CUERPO SEXO FEMENINO SE DA CON EL PARADERO DE VÍCTIMA LA MISMA TENÍA CUATRO HIJOS JOAQUÍN DE 23 AÑOS LUCIANO DE 17 AÑOS ALEJO DE 12 AÑOS Y MATEO DE 8 AÑOS','2018-11-03',3,12,NULL,8,'Se desconoce',3,3,1,NULL,NULL,'ARANA LORENA LETICIA',NULL,1,'2018-11-03',NULL,1,NULL,1,806,NULL,85,NULL,'PINAMAR',1),(225,'2019-09-06 19:19:49','2019-09-06 19:19:49','FLORENCIA MELANIE SAUCEDO','116',37,NULL,'COMPLETAR','2019-02-20',2,NULL,NULL,10,'Se desconoce',3,15,1,NULL,NULL,'FLORENCIA MELANIE SAUCEDO',NULL,3,NULL,NULL,1,NULL,1,1,NULL,89,NULL,'QUILMES',1),(226,'2019-09-06 19:22:23','2019-09-06 19:22:23','ZARNIK MELANY NICOLE',NULL,37,NULL,'SE TRATA DE UN CASO DE ASI DONDE LA VÍCTIMA ES ABUSADA EN REITERADAS OPORTUNIDADES POR EL SR SERGIO SANABRIA 46 UN AMIGO DE LA FAMILIA EL MISMO ES EL PADRE DE UNA COMPAÑERA DE LA HERMANA DE LA VÍCTIMA AMBAS FAMILIAS FRECUENTABAN SUS HOGARES \r\nEN EL MES DE OCTUBRE DE 2018 LA VÍCTIMA LE CUENTA A LA MADRE QUE ESTE SEÑOR EN CIERTAS OCASIONES DONDE ELLA SE ENCONTRABA JUGANDO SE LE ACERCABA LA TOCABA Y LA OBLIGABA A QUE LE PRACTIQUE SEXO ORAL','2019-03-25',1,NULL,NULL,23,'Se desconoce',3,6,1,NULL,NULL,'ZARNIK MELANY NICOLE',NULL,2,NULL,'OCTUBRE 2017',1,NULL,1,678,NULL,50,NULL,'LA PLATA',1),(227,'2019-09-06 19:26:40','2019-09-06 19:26:40','TRAGEDIA DE CASCALLARES',NULL,26,NULL,'EN NOVIEMBRE DE 2012 GUILLERMINA PERDIÓ LA VIDA JUNTO A 4 PERSONAS QUE CIRCULABAN EN UN AUTOMÓVIL CONDUCIDO SU NOVIO QUIEN SE VIO OBLIGADO A REALIZAR UNA BRUSCA MANIOBRA DEBIDO A QUE OTRO AUTOMÓVIL SE CRUZO DE CARRIL HACIÉNDOLOS IMPACTAR CONTRA UN COLECTIVO','2017-12-26',3,6,NULL,1,'Se desconoce',3,2,2,1,NULL,'GUILLERMINA CIRONE',NULL,1,'2012-11-26',NULL,1,NULL,1,738,NULL,21,NULL,'LA PLATA',1),(228,'2019-09-06 19:30:15','2019-09-06 19:30:15','CRUZ ROBERTO PRÓSPERO','999',34,NULL,'SE PRESENTA EL SEÑOR CRUZ ENVIADO DE LA UFI N 5  NOS COMENTA QUE TIENE UNA PROPIEDAD CON SU HERMANA QUIEN QUEDO VIUDA HACE UNOS AÑOS Y ACTUALMENTE ESTÁ EN PAREJA CON EL SEÑOR JOSE GARCIA EL MISMO NOS DICE QUE LA RELACION CON SU HERMANA SE VE AFECTADA DESDE LA CONVIVENCIA CON GARCIA YA QUE ESTA INTENTANDO VENDER LAS PERTENENCIA DE SU HERMANA Y ELLA LO DEFIENDE   EL SEÑOR GARCIA LO PROVOCA CONSTANTEMENTE Y LO AMENAZA CON SU HIJO POLICIA  EL SEÑOR CRUZ NOS COMENTA QUE EN AGOSTO VOLVIENDO DE CARILO  DECIDIO BAJAR EN LA COMISARIA   DE VALERIA DE MAR DONDE TRABAJA EL HIJO DE GARCÍA PARA HABLAR EN UN LUGAR PROTEGIDO SOBRE LA SITUACION QUE ESTÁ VIVIENDO CON SU PADRE CUANDO ÉL LLEGA NO ESTABA Y LO ESPERA   CUANDO LLEGA EL JOVEN SIN MEDIAR PALABRAS LO GOLPEA Y TODO SE PONE CONFUSO PARA ÉL','2018-09-27',3,12,NULL,8,'COMISARIA DE LA MUJER',1,3,1,NULL,NULL,'ROBERTO CRUZ',NULL,1,'2018-09-27',NULL,1,NULL,1,752,NULL,85,NULL,'PINAMAR',1),(229,'2019-09-06 19:30:20','2019-09-06 19:30:20','MÁXIMA ATHINA BERODIA',NULL,37,NULL,'EL DÍA 25 DE MARZO DE 2019 EL EQUIPO DEL CAVAJ  RECIBE DE MANERA ESPONTÁNEA EL PRESENTE CASO \r\nSE TRATA DE UN ASI CON ACCESO CARNAL HACIA LA NIÑA MÁXIMA ATHINA BERODIA POR PARTE DE UN PAI AMIGO DE LA FAMILIA SR RICARDO CÉSAR BARRIOS OCURRIDO EN EL AÑO 2017\r\nLA MADRE DE LA VÍCTIMA SOLICITA ASESORAMIENTO LEGAL Y ASISTENCIA PSICOLÓGICA','2019-03-25',1,NULL,NULL,23,'Se desconoce',2,6,1,NULL,NULL,'MÁXIMA ATHINA BERODIA',NULL,2,NULL,'OCURRIO EN EL 2017',1,NULL,1,181,NULL,50,NULL,'LA PLATA',1),(230,'2019-09-06 19:39:43','2019-09-06 19:48:01','MATÍAS EZEQUIEL DOMÍNGUEZ',NULL,36,'HOMICIDIO EN RIÑA','SE TRATA DE UN CASO DE HOMICIDIO EN RIÑA DONDE LA VÍCTIMA FALLECE POR DOS TIROS TRAS UNA DISPUTA BARRIAL EN LA ESQUINA DE SU CASA ÉSTE SE ENCONTRABA CON SU HERMANO Y HABÍA PRESENTES OTROS TESTIGOS QUE YA HAN SIDO LLAMADOS A DECLARAR EL IMPUTADO NICOLÁS MEDINA ACOSTA 20 SE ENCUENTRA DETENIDO EN LA UNIDAD PENITENCIARIA N 43 DE GONZÁLEZ CATÁN DESDE 11 DE MARZO 2019 LA DENUNCIA FUE REALIZADA EN LA COMISARÍA DE GONZÁLEZ CATÁN SOLICITAN ASESORAMIENTO LEGAL','2019-03-15',1,NULL,NULL,23,'Se desconoce',3,6,1,NULL,NULL,'MATÍAS EZEQUIEL DOMÍNGUEZ',NULL,3,NULL,NULL,1,NULL,1,620,NULL,50,50,'LA PLATA',1),(231,'2019-09-06 19:42:37','2019-09-06 19:42:37','PAOLA CABALLERO',NULL,32,NULL,'23-01-2018 PAOLA CABALLERO JOVEN DE 22 AÑOS QUE FUE SECUESTRADA GOLPEADA Y ABUSADA SEXUALMENTE POR PARTE DE SU EX PAREJA EN LA LOCALIDAD DE LA PLATA','2018-01-23',2,NULL,NULL,1,'DDI LA PLATA',3,7,2,1,NULL,'PAOLA CABALLERO',NULL,1,'2018-01-23',NULL,1,NULL,1,423,NULL,21,NULL,'LA PLATA',1),(232,'2019-09-06 19:55:47','2019-09-06 19:55:47','MARINA RODRIGUEZ',NULL,35,NULL,'19-10-2018 MARINA SE COMUNICA AL 0800 SUMAMENTE ANGUSTIADA MANIFESTANDO ENCONTRARSE DESBORDADA POR LA SITUACIÓN DE VIOLENCIA FAMILIAR QUE VIVE EN SU CASA EN LA LOCALIDAD DE EL PATO POR PARTE DE DOS DE SUS HIJOS MAYORES DE EDAD QUE TIENEN UN CONSUMO PROBLEMÁTICO DE SUSTANCIAS LA AMENAZAN INSULTAN Y QUIEREN ECHARLA DE SU CASA\r\n SU HIJO DE 14 AÑOS ESTÁ SIENDO MAL INFLUENCIADO POR ESTOS HERMANOS NO RESPETANDO A SU MADRE COMO FIGURA DE AUTORIDAD MARINA YA NO SABE QUÉ HACER VISUALIZANDO UN RIESGO INMINENTE EN SU HIJO ADOLESCENTE','2018-10-19',1,NULL,NULL,1,'Se desconoce',3,7,2,2,NULL,'MARINA RODRIGUEZ',NULL,2,NULL,'LARGA DATA',1,NULL,1,259,NULL,21,NULL,'LA PLATA',1),(233,'2019-09-06 19:56:37','2019-09-06 19:56:37','MARTINEZ YANINA ADRIANA',NULL,32,NULL,'SE TRATA DE UN CASO DE VIOLENCIA DE GÉNERO DONDE LA VÍCTIMA RESULTA SER MARTINEZ YANINA Y EL AGRESOR SU EX PAREJA EL SR DIEGO NAHUEL MERCADO 27 SEGÚN REFIERE YANINA HACE CUATRO AÑOS COMENZARON LAS AGRESIONES LUEGO DE QUE NAZCA EL PRIMER HIJO CON ESTA PAREJA MOTIVO POR EL QUE SE SEPARARON DESPUÉS DE ELLO LAS AGRESIONES CONTINÚAN SIENDO QUE YA SE HA REALIZADO UNA DENUNCIA PREVIA EN LA UFI N 2 Y EN EL JUZGADO DE FAMILIA N 6 EN EL AÑO 2018 POR LA QUE SE LE HABÍA OTORGADO UNA PERIMETRAL PERO LUEGO DE ESTO NO LA RENOVÓ NUEVAMENTE\r\nSE PRESENTA EN EL VAGÓN DE LA LÍNEA 144 SOLICITANDO ORIENTACIÓN GENERAL','2019-04-14',1,NULL,NULL,23,'Se desconoce',3,6,1,NULL,NULL,'MARTINEZ YANINA ADRIANA',NULL,2,NULL,'DESDE EL 2018',1,NULL,1,620,NULL,50,NULL,'LA PLATA',1),(234,'2019-09-06 20:07:31','2019-09-06 20:07:31','ALGARIN REYES JUANA',NULL,37,NULL,'PRESUNTO ABUSO SEXUAL DE PARTE DE LA PAREJA DE LA MADRE DE LA MENOR','2019-08-09',1,NULL,NULL,14,'Se desconoce',2,4,1,NULL,NULL,'REYES JUANA ALGARIN',NULL,3,NULL,NULL,1,NULL,1,2356,NULL,100,NULL,'SAN MARTIN',1),(235,'2019-09-06 20:12:29','2019-09-06 20:12:29','MAITA CELESTE MAGALI',NULL,37,NULL,'LA SRA CASTRO ELMA LUCIA CON DNI 18278926 MADRE DE LA VÍCTIMA REFIERE QUE SU HIJA HA SUFRIDO ABUSO SEXUAL SIMPLE POR PARTE DEL SR GUSTAVO ADRIÁN ORTEGA 3540 AÑOS APROXIMADAMENTE EL HECHO HABRÍA OCURRIDO EL 02 DE ENERO DE 2018 EN LA CASA DE UNA AMIGA DE LA NIÑA CUANDO SE QUEDÓ A DORMIR ALLÍ TAMBIÉN HABRÍA ABUSADO DE OTROS NIÑOS','2019-03-01',3,12,NULL,23,'Se desconoce',3,6,1,NULL,NULL,'MAITA CELESTE MAGALI',NULL,1,'2018-01-02',NULL,1,NULL,1,1,NULL,50,NULL,'LA PLATA',1),(236,'2019-09-06 20:34:15','2019-09-06 20:34:15','MAIDA DAIANA BOGARIN',NULL,6,NULL,'SE TRATA DE LA MUERTE DE LA SRA MAIDA DAIANA BOGARIN QUIEN FUERA HALLADA POR SUS PADRES EN SU DOMICILIO LUEGO DE UN APARENTE SUICIDIO LOS PADRES DE LA MISMA PONEN EN DUDA ESTA SITUACIÓN YA QUE MANIFIESTAN QUE MAIDA ERA VÍCTIMA DE VIOLENCIA DE GÉNERO POR PARTE DE SU EX PAREJA EL SR MIGUEL ANGEL LAZARTE DE QUIEN SE HABÍA SEPARADO POCOS DÍAS ANTES EL HECHO FUE DENUNCIADO EL 11 DE JULIO DE 2018 EN LA COMISARÍA SUR 2 DE VIRREY DEL PINO \r\nLA CAUSA FUE CARATULADA EN UN PRINCIPIO COMO SUICIDIO AUNQUE AÚN SE ENCUENTRA EN INVESTIGACIÓN\r\nLA MADRE DE LA MAIDA BOGARÍN SOLICITA ORIENTACIÓN LEGAL Y ABOGADO PATROCINANTE','2019-05-03',1,NULL,NULL,23,'COMISARÍA SUR 2 DE VIRREY DEL PINO',2,6,1,NULL,NULL,'MAIDA DAIANA BOGARIN',NULL,2,NULL,'11 DE JULIO DE 2018',1,NULL,1,339,NULL,50,NULL,'LA PLATA',1),(237,'2019-09-06 21:48:53','2019-09-06 21:48:53','MILAGROS PINTOS',NULL,13,NULL,'MILAGROS PINTOS FUE ABUSADA EN DISTINTAS OCASIONES POR JERONIMO ROSALES PAREJA DE SOPRANI LUZ QUIEN ES LA MADRE DE LA NIÑA LUEGO DE QUE MILAGROS CONTARA LO SUCEDIDO EL DIA 20 DE JUNIO ROSALES SE DIO A LA FUGA','2019-07-26',2,NULL,NULL,1,'Se desconoce',3,7,1,NULL,NULL,'MILAGROS PINTOS',NULL,3,NULL,NULL,1,NULL,1,1,NULL,44,NULL,'LA PLATA',1),(238,'2019-09-06 22:18:38','2019-09-06 22:18:38','PRUEBAII',NULL,36,'OTRO DELITO','JKDKDKSÑSÑS.LSLSÑ,SLSL.\r\nDKDLDL','2012-12-12',3,24,NULL,7,'Se desconoce',2,15,1,NULL,NULL,'PRUEBAII',NULL,3,NULL,NULL,2,NULL,NULL,NULL,NULL,11,NULL,'EZEIZA',1),(239,'2019-09-06 22:44:38','2019-09-06 22:44:38','PRUEBAIII','22',36,'OTRO DELITO','AJKDAKJADLKD.SKSLSLLSÑ,LAKJSKJSADJ.\r\nKSKDÑSÑSÑSÑ.','2012-12-12',3,24,NULL,1,'COMISARIA PRIMERA',3,12,1,NULL,NULL,'JOSE SUAREZ',NULL,1,'1900-01-01',NULL,1,NULL,1,3,NULL,34,NULL,'LA PLATA',1),(240,'2019-09-07 01:32:10','2019-09-07 01:32:10','PRUEBA','22',15,NULL,'JLADJLDLDÑÑSLS, OSOSOOS.\r\nKSJLADDAÑAM.','2012-12-12',3,24,NULL,5,'Se desconoce',2,2,1,NULL,NULL,'PRUEBA',NULL,3,NULL,NULL,1,NULL,1,52,NULL,7,NULL,'BAHIA BLANCA',1),(241,'2019-09-07 03:23:26','2019-09-07 03:23:26','PRUEBA',NULL,36,'OTRO DELITO','KLAKLLKÑDÑK.LKÑDKÑLDK,ALLAL123','2012-12-12',3,24,NULL,1,'Se desconoce',2,7,1,NULL,NULL,'PRUEBA',NULL,3,NULL,NULL,2,NULL,NULL,NULL,NULL,39,NULL,'LA PLATA',1),(242,'2019-09-08 01:23:49','2019-09-08 01:23:49','ARGUELLO MARIA LUCIA','496',13,NULL,'EL 27 DE DICIEMBRE DE 2016 MARIA LUCIA FUE ASESINADA EN UNA VIVIENDA DE HURLINGHAM POR IGNACIO GONZALEZ','2017-01-03',2,NULL,NULL,2,'HURLINGHAM SECCIONAL PRIMERA',2,12,1,NULL,NULL,'MARIA LUCIA ARGUELLO',NULL,1,'2016-12-27',NULL,1,NULL,1,361,NULL,76,NULL,'MORON',1),(243,'2019-09-08 01:59:37','2019-09-08 01:59:37','CORTINEZ MONICA MARCELA','498',2,NULL,'ES UN CASO CON MUCHAS VARIANTES YA QUE MONICA FUE ABUSADA POR SU ABUELO A SU VEZ TAMBIEN FUE VICTIMA DE ABUSO SU HIJA Y FINALMENTE LA PRIMERA ESTA IMPUTADA EN UNA CAUSA POR ESTAFA','2017-01-10',2,NULL,NULL,2,'Se desconoce',1,6,2,1,NULL,'MONICA CORTINEZ',NULL,3,NULL,NULL,1,NULL,1,4090,NULL,76,NULL,'MORON',1),(244,'2019-09-08 02:11:41','2019-09-08 02:11:41','DENISE HOURCADE','499',2,NULL,'DENISE FUE VICTIMA DE ABUSO SEXUAL SIMPLE EL DIA 12 DE ENERO DE 2017 EN ITUZAINGO POR OSCAR GONZALEZ QUIEN ERA SU KINESIOLOGO','2017-01-17',3,2,NULL,2,'COMISARIA DE LA MUJER Y LA FAMILIA ITUZAINGO',2,12,2,4,NULL,'DENISE HOURCADE',NULL,1,'2017-01-12',NULL,1,NULL,1,378,NULL,76,NULL,'MORON',1),(245,'2019-09-09 13:25:18','2019-09-09 13:25:18','ACOSTA SHEILA','1228',35,NULL,'SE MANTIENE ENTREVISTA CON LA SEÑORITA SHEILA NOS COMENTA QUE LA SITUACIÓN ES UNA PROBLEMÁTICA FAMILIAR DE TODA LA VIDA  HACE 8 AÑOS QUE EL SEÑOR NO ESTÁ EN TRATAMIENTO COMENTA QUE EN EL MES DE DICIEMBRE COMENZÓ A MALTRATAR A SU SOBRINA Y COMENZARON A VIVENCIAR DISTINTAS SITUACIONES DE VIOLENCIA\r\nEL DIA 21/01 EL SEÑOR LES MATO LA PERRA COMENZÓ A REALIZAR COSAS ABERRANTES ANTE LOS VECINOS DISFRAZARSE DE MUJER HISTORIAS LOCAS NUNCA RECIBIÓ TRATAMIENTO','2018-02-20',3,2,NULL,8,'COMISARIA DE LA MUJER',3,3,2,2,NULL,'ACOSTA SHEILA',NULL,1,'2018-01-21',NULL,1,NULL,1,591,NULL,86,NULL,'PINAMAR',1),(246,'2019-09-09 13:27:01','2019-09-09 13:27:01','ACOSTA SHEILA','1228',35,NULL,'SE MANTIENE ENTREVISTA CON LA SEÑORITA SHEILA NOS COMENTA QUE LA SITUACIÓN ES UNA PROBLEMÁTICA FAMILIAR DE TODA LA VIDA  HACE 8 AÑOS QUE EL SEÑOR NO ESTÁ EN TRATAMIENTO COMENTA QUE EN EL MES DE DICIEMBRE COMENZÓ A MALTRATAR A SU SOBRINA Y COMENZARON A VIVENCIAR DISTINTAS SITUACIONES DE VIOLENCIA\r\nEL DIA 21/01 EL SEÑOR LES MATO LA PERRA COMENZÓ A REALIZAR COSAS ABERRANTES ANTE LOS VECINOS DISFRAZARSE DE MUJER HISTORIAS LOCAS NUNCA RECIBIÓ TRATAMIENTO','2018-02-20',3,2,NULL,8,'COMISARIA DE LA MUJER',3,3,2,2,NULL,'ACOSTA SHEILA',NULL,1,'2018-01-21',NULL,1,NULL,1,591,NULL,86,NULL,'PINAMAR',1),(247,'2019-09-09 13:58:22','2019-09-09 13:58:22','AGUAYO   KARINA','1420',35,NULL,'RECIBIMOS DENUNCIA DE LA  AGUAYO KARINA QUIEN MANIFIESTA QUE EXISTE UNA SITUACIÓN DE VIOLENCIA INTRAFAMILIAR CON SU HIJA LUDMILA VELA DE 18 AÑOS\r\nLA DENUNCIA ES CONTRA SU EX PAREJA EL SR. VELA RUBÉN DARÍO QUIEN LUEGO DE UNA FUERTE DISCUSIÓN CON SU HIJA LUDMILA VELA SE PRESENTAN NUEVAMENTE ACTOS DE VIOLENCIA SEGUIDOS POR AMENAZAS DIRIGIDOS HACIA KARINA AGUAYO RESPECTO DE SU ACTUAL PAREJA DE NACIONALIDAD PARAGUAYA DE 24 AÑOS DE EDAD Y EL SOBRINO DE ESTE\r\nLA DENUNCIANTE PRESENTA UN PRECARIO MÉDICO DONDE NO SE OBSERVAN LESIONES\r\nSOLICITA MEDIDA CAUTELAR DE PROHIBICIÓN DE ACERCAMIENTO.','2018-10-05',3,2,NULL,8,'COMISARIA DE LA MUJER',3,3,2,2,NULL,'AGUAYO   KARINA',NULL,1,'2018-10-05',NULL,1,NULL,1,591,NULL,86,NULL,'PINAMAR',1),(248,'2019-09-09 14:13:01','2019-09-09 14:13:01','DANIEL ALBERTO ROCA',NULL,35,NULL,'EL SR ROCA, DANIEL CONVIVE CON SU HIJA LUDMILA ROCA (13), QUIEN DENUNCIA ABUSO SEXUAL POR PARTE DE SU PADRASTRO . A PARTIR DEL MISMO SE SUCEDEN SITUACIONES DE AMENAZAS A LA NIÑA Y A SU PROGENITOR E IMPEDIMENTO DE CONTACTO DE LA NIÑA CON SUS HERMANOS.','2019-06-14',3,23,NULL,16,'Se desconoce',1,1,1,NULL,NULL,'Daniel Roca',NULL,3,NULL,NULL,1,NULL,1,719,NULL,104,NULL,'TANDIL',1),(249,'2019-09-09 14:15:52','2019-09-09 14:15:52','AGUIRRE PERALTA  MILAGROS ZOE','1324',37,NULL,'SE REALIZA ENTREVISTA CON  LA MADRE DE ZOE  SILVIA PERLTA  NOS CUENTA QUE SU HIJA  HA SUFRIDO VIOLENCIA DE GÉNERO POR PARTE DE SU PAREJA SIENDO SOMETIDA A PALIZAS AMENAZAS A TOMA DE TÉ DE PEREJIL PARA PREVENIR EMBARAZOS A HACERSE TEST DE EMBARAZO A NO SALIR DE SU HOGAR POR CELOS ETC\r\nSU HIJA DE 14 AÑOS ES ABUSADA SEXUALMENTE POR SU PAREJA','2018-05-16',3,12,NULL,8,'COMISARIA DE LA MUJER',2,3,2,4,NULL,'AGUIRRE PERALTA  MILAGROS ZOE',NULL,2,NULL,'DE LARGA DATA',1,NULL,1,591,NULL,86,NULL,'PINAMAR',1),(250,'2019-09-09 14:20:41','2019-09-09 14:20:41','ANDRADA ADOLFO','0',35,NULL,'El Sr. es el progenitor de dos niños, quienes residen en el domicilio con su progenitora. El Sr. referencia situaciones de violencia y descuido en la crianza de los mismos. Ha realizado denuncia correspondiente y se articula con servicio local de Azul.','2017-12-05',1,NULL,NULL,3,'Comisaria de la Mujer y la Familia',3,1,2,1,NULL,'ANDRADA ADOLFO',NULL,3,NULL,NULL,1,NULL,1,51,NULL,4,NULL,'AZUL',1),(251,'2019-09-09 14:37:34','2019-09-09 14:37:34','LUJAN VERÓN Y OTRA',NULL,37,NULL,'CASO DERIVADO POR CPV DE LA PLATA \r\nABUSO SEXUAL DE DOS HERMANAS LUJAN VERÓN  Y GISELA VERÓN  POR PARTE DE SU PADRE CRISTIAN HERNÁN DÍAZ\r\nSE PRESENTA LA MADRE DE LAS VÍCTIMAS ACOMPAÑADA POR UNA DE ELLAS REFIRIENDO ADEMÁS TENER UNA CAUSA ABIERTA CONTRA EL MISMO IMPUTADO POR VIOLENCIA DE GÉNERO\r\nCUENTAN CON PATROCINIO JURÍDICO GRATUITO DE LA DRA MALENA QUIROGA Y DRA CLAUDIA BENITEZ','2019-01-14',1,NULL,NULL,23,'Se desconoce',3,6,1,NULL,NULL,'LUJAN VERÓN Y OTRA',NULL,2,NULL,'DESDE EL 2016 EN ADELANTE',1,NULL,1,339,NULL,50,NULL,'LA PLATA',1),(252,'2019-09-09 14:49:54','2019-09-09 14:49:54','LUCAS VALENTÍN SORAIRE',NULL,37,NULL,'LUCAS VALENTÍN SORAIRE FUE ABUSADO SEXUALMENTE POR SU PADRASTRO JONATHAN ROLÓN HECHO OCURRIDO EL 10 DE FEBRERO DE 2019 Y DESCUBIERTO POR GLORIA LUNA SU MADRE CUANDO ENTRA SORPRESIVAMENTE AL CUARTO DEL NIÑO POR LA NOCHE ES ELLA QUIEN REALIZA LA DENUNCIA EL DÍA 11 DE FEBRERO DE 2019 EN LA COMISARÍA DE LA MUJER DE G DE LAFERRERE AL NO POSEER TELÉFONO PARTICULAR SU TÍA CECILIA ES QUIEN PRESTA EL CONTACTO','2019-02-12',3,15,NULL,23,'Se desconoce',3,6,1,NULL,NULL,'LUCAS VALENTÍN SORAIRE',NULL,1,'2019-02-11',NULL,1,NULL,1,346,NULL,50,NULL,'LA PLATA',1),(253,'2019-09-09 14:56:37','2019-09-09 14:56:37','ALBARENGO MARIA DE LOS ANGELES','1181',35,NULL,'NOS COMENTA QUE CUANDO QUISO IR A RETIRAR UNAS PERTENENCIAS A SU DOMICILIO DESPUÉS DE ESTAR  SEPARADA DEL SEÑOR CRISTIAN ROMERO DURANTE DOS MESES ESTÉ BIEN ABRIÓ LA PUERTA LE PROPICIÓ UN GOLPE EN LA CARA INSULTANDOLA SOS UNA PUTA TE LO MERECES POR PUTA Y SIGUIÓ PEGÁNDOLE EN EL PISO\r\nEL PROBLEMA QUE LOS DOS TRABAJAN EN LA MISMA EMPRESA DE SEGURIDAD CODECOP  SIENDO EL  JEFE.','2018-01-16',3,18,NULL,8,'COMISARIA DE LA MUJER',3,3,2,2,NULL,'ALBARENGO MARIA DE LOS ANGELES',NULL,1,'2018-01-16',NULL,1,NULL,1,591,NULL,86,NULL,'PINAMAR',1),(254,'2019-09-09 14:57:07','2019-09-09 14:57:07','ALBARENGO MARIA DE LOS ANGELES','1181',35,NULL,'NOS COMENTA QUE CUANDO QUISO IR A RETIRAR UNAS PERTENENCIAS A SU DOMICILIO DESPUÉS DE ESTAR  SEPARADA DEL SEÑOR CRISTIAN ROMERO DURANTE DOS MESES ESTÉ BIEN ABRIÓ LA PUERTA LE PROPICIÓ UN GOLPE EN LA CARA INSULTANDOLA SOS UNA PUTA TE LO MERECES POR PUTA Y SIGUIÓ PEGÁNDOLE EN EL PISO\r\nEL PROBLEMA QUE LOS DOS TRABAJAN EN LA MISMA EMPRESA DE SEGURIDAD CODECOP  SIENDO EL  JEFE.','2018-01-16',3,18,NULL,8,'COMISARIA DE LA MUJER',3,3,2,2,NULL,'ALBARENGO MARIA DE LOS ANGELES',NULL,1,'2018-01-16',NULL,1,NULL,1,591,NULL,86,NULL,'PINAMAR',1),(255,'2019-09-09 15:01:05','2019-09-09 15:01:05','LORENA PAOLA ALFONSO',NULL,32,NULL,'SE TRATA DE LA SRA LORENA PAOLA ALFONSO QUIEN ES VÍCTIMA DE VIOLENCIA DE GÉNERO POR PARTE DE SU EXPAREJA SR JOSÉ EDUARDO CENA 29 CON QUIEN TIENEN UNA HIJA 7 A LA CUAL EL ACUSADO SE LLEVÓ DURANTE UN FIN DE SEMANA 20 Y 21 DE ABRIL DE 2019 SIN REGRESAR AL DOMICILIO DE LA  SRA ALFONSO\r\nLA VÍCTIMA TIENE DOS HIJOS A SU CARGO LA NIÑA YA MENCIONADA Y UN NIÑO 12 AÑOS PRODUCTO DE SU ANTERIOR PAREJA \r\nNO HA REALIZADO DENUNCIA POLICIAL Y SOLICITA ORIENTACIÓN CORRESPONDIENTE AL  ÁREA LEGAL','2019-04-22',1,NULL,NULL,23,'Se desconoce',3,6,1,NULL,NULL,'LORENA PAOLA ALFONSO',NULL,1,'1900-01-01',NULL,1,NULL,1,620,NULL,50,NULL,'LA PLATA',1),(256,'2019-09-09 15:02:46','2019-09-09 15:02:46','ALBARENGO MARIA DE LOS ANGELES','1181',35,NULL,'NOS COMENTA QUE CUANDO QUISO IR A RETIRAR UNAS PERTENENCIAS A SU DOMICILIO DESPUÉS DE ESTAR  SEPARADA DEL SEÑOR CRISTIAN ROMERO DURANTE DOS MESES ESTÉ BIEN ABRIÓ LA PUERTA LE PROPICIÓ UN GOLPE EN LA CARA INSULTANDOLA SOS UNA PUTA TE LO MERECES POR PUTA Y SIGUIÓ PEGÁNDOLE EN EL PISO\r\nEL PROBLEMA QUE LOS DOS TRABAJAN EN LA MISMA EMPRESA DE SEGURIDAD CODECOP  SIENDO EL  JEFE.','2018-01-16',3,18,NULL,8,'COMISARIA DE LA MUJER',3,3,2,2,NULL,'ALBARENGO MARIA DE LOS ANGELES',NULL,1,'2018-01-16',NULL,1,NULL,1,591,NULL,86,NULL,'PINAMAR',1),(257,'2019-09-09 15:10:06','2019-09-09 15:10:06','LISANDRO BENJAMÍN REYES',NULL,37,NULL,'EL DÍA 4 DE FEBRERO DE 2019 SE PRESENTA LA MADRE DE BENJAMIN REYES DENUNCIANDO ASI DE SU HIJO POR PARTE DE SU PADRE FERNANDO ADRIÁN REYES DESCONOCE DESDE CUANDO SE HA PRODUCIDO ESTA SITUACIÓN PERO LA MISMA TOMÓ CONOCIMIENTO EN NOVIEMBRE DE 2018 GRACIAS A LAS ACUSACIONES DE UNA SOBRINA QUIEN TAMBIÉN HABRÍA SIDO VÍCTIMA DEL MISMO AGRESOR\r\nEN UN PRINCIPIO NO LE QUISIERON TOMAR LA DENUNCIA YA QUE ERAN SOLO SOSPECHAS Y AL TRATARSE DE UN NIÑO CON TGD QUE NO HABLA NO PODÍA CORROBORARLO CON LOS DICHOS DEL NIÑO\r\nCUENTA CON DENUNCIA DE NOVIEMBRE DEL 2018\r\nEL NIÑO CUENTA CON REVISACIÓN MÉDICA POSITIVA PARA ASI EL AGRESOR NO HA SIDO DETENIDO','2019-02-04',2,NULL,NULL,23,'Se desconoce',3,6,1,NULL,NULL,'LISANDRO BENJAMÍN REYES',NULL,2,NULL,'NOVIEMBRE DE 2018',1,NULL,1,1,NULL,50,NULL,'LA PLATA',1),(258,'2019-09-09 15:14:04','2019-09-09 15:14:04','CINTIA ALDANA AVENDAÑO','8149',2,NULL,'ALDANA DENUNCIA QUE SU PADRASTRO ABUSO DE ELLA DESDE QUE ERA NIÑA. LO DENUNCIÓ EN EL 2011 Y DESCONOCE EL ESTADO DE LA CAUSA.','2018-07-05',2,NULL,NULL,1,'Se desconoce',2,7,1,NULL,NULL,'CINTIA ALDANA AVENDAÑO',NULL,1,'2011-12-07',NULL,1,NULL,1,423,NULL,29,NULL,'LA PLATA',1),(259,'2019-09-09 15:19:04','2019-09-09 15:19:04','MARTINEZ BENITEZ LIDIA',NULL,32,NULL,'SE TRATA DE UN CASO DE VIOLENCIA DE GÉNERO DE LARGA DATA DONDE LA VÍCTIMA LIDIA MARTINEZ DENUNCIA A SU EX PAREJA ALFREDO AGUIAR 63 POR EJERCER VIOLENCIA PSICOLÓGICA Y MALOS TRATOS\r\nAUNQUE LA PRIMER DENUNCIA LA HABRÍA REALIZADO EL AGRESOR EN LA ACTUALIDAD LA DENUNCIANTE CUENTA CON UNA MEDIDA PERIMETRAL A SU FAVOR\r\nSOLICITA ORIENTACIÒN GENERAL SOBRE SU PROBLEMÁTICA','2019-04-15',1,NULL,NULL,23,'Se desconoce',3,6,1,NULL,NULL,'MARTINEZ BENITEZ LIDIA',NULL,2,NULL,'DESDE EL 2018',1,NULL,1,620,NULL,50,NULL,'LA PLATA',1),(260,'2019-09-09 15:27:45','2019-09-09 15:27:45','LEANDRO DAMIAN SANTA CRUZ',NULL,13,NULL,'SE TRATA DE UN CASO DE HOMICIDIO EN EL QUE LA VÍCTIMA LEANDRO SANTA CRUZ 17 ES ASESINADO POR UN GRUPO DE PERSONAS EL HECHO OCURRIÓ EL 30 DE DICIEMBRE DE 2018  LOS IMPUTADOS Y LA VÍCTIMA HABRIAN MANTENIDO UN CONFLICTO PREVIO EN EL MES DE OCTUBRE DEL MISMO AÑO DONDE SE EFECTUARON DISPAROS DE ARMA DE FUEGO PERO NO HUBO HERIDOS\r\nPOR EL HECHO HAY TRES DETENIDOS UNO PRÓXIMO A RECIBIR SENTENCIA LOS MISMOS SON MATIAS ACUÑA 33 ALBERTO ESCOBAR 25 Y DOMINGO MAGUNA 35','2019-04-05',1,NULL,NULL,23,'Se desconoce',2,6,1,NULL,NULL,'LEANDRO DAMIAN SANTA CRUZ',NULL,1,'2018-12-30',NULL,1,NULL,1,1,NULL,50,NULL,'LA PLATA',1),(261,'2019-09-09 15:40:50','2019-09-09 15:40:50','KEYLA LUDMILA BRIZUELA',NULL,37,NULL,'SE TRATA DE UN CASO DE ASI Y VIOLENCIA FAMILIAR DE LARGA DATA DONDE LA VÍCTIMA RESULTA SER KEYLA BRIZUELA LOS HECHOS HABRÍAN OCURRIDO DESDE EL AÑO 2015 Y EL AGRESOR SERÍA LA PAREJA DE SU MADRE SR NAHUEL BARRIOS CONOCIDO COMO BRAIAN \r\nACTUALMENTE LA NIÑA SE ENCUENTRA AL CUIDADO DE SU BISABUELA SRA LIDIA FRANCICA CON UNA MEDIDA DE PROTECCIÓN DEL SERVICIO LOCAL ZONA 3 PERO TIENE OTROS DOS HERMANOS MENORES QUE AÚN CONVIVIRÍAN CON SU MADRE Y EL AGRESOR\r\nLA SRA FRANCICA SOLICITA ORIENTACIÓN LEGAL','2019-05-10',1,NULL,NULL,23,'Se desconoce',3,6,1,NULL,NULL,'KEYLA LUDMILA BRIZUELA',NULL,2,NULL,'DESDE EL 2015',1,NULL,1,1,NULL,50,NULL,'LA PLATA',1);
/*!40000 ALTER TABLE `casos` ENABLE KEYS */;
UNLOCK TABLES;

--
-- Table structure for table `cavajs`
--

DROP TABLE IF EXISTS `cavajs`;
/*!40101 SET @saved_cs_client     = @@character_set_client */;
/*!40101 SET character_set_client = utf8 */;
CREATE TABLE `cavajs` (
  `id` int(10) unsigned NOT NULL AUTO_INCREMENT,
  `nombre` varchar(255) DEFAULT NULL,
  PRIMARY KEY (`id`)
) ENGINE=InnoDB AUTO_INCREMENT=24 DEFAULT CHARSET=latin1;
/*!40101 SET character_set_client = @saved_cs_client */;

--
-- Dumping data for table `cavajs`
--

LOCK TABLES `cavajs` WRITE;
/*!40000 ALTER TABLE `cavajs` DISABLE KEYS */;
INSERT INTO `cavajs` VALUES (1,'Sede Central (La Plata)  '),(2,'Morón '),(3,'Azul '),(4,'Pergamino '),(5,'Bahía Blanca '),(6,'Pilar '),(7,'Ezeiza '),(8,'Pinamar '),(9,'Lanús '),(10,'Quilmes '),(11,'Lomas de Zamora '),(12,'San Fernando '),(13,'Los Toldos '),(14,'San Martín '),(15,'Mar del Plata '),(16,'Tandil '),(17,'Mercedes '),(18,'Vicente López '),(19,'Moreno '),(20,'Zárate '),(21,'José C. Paz '),(22,'Almirante Brown '),(23,'La Matanza');
/*!40000 ALTER TABLE `cavajs` ENABLE KEYS */;
UNLOCK TABLES;

--
-- Table structure for table `ciudades`
--

DROP TABLE IF EXISTS `ciudades`;
/*!40101 SET @saved_cs_client     = @@character_set_client */;
/*!40101 SET character_set_client = utf8 */;
CREATE TABLE `ciudades` (
  `id` int(10) unsigned NOT NULL,
  `localidad_nombre` varchar(255) DEFAULT NULL,
  `latitud` decimal(9,7) DEFAULT NULL,
  `longitud` decimal(9,7) DEFAULT NULL,
  `idPcia` int(11) DEFAULT NULL
) ENGINE=InnoDB DEFAULT CHARSET=latin1;
/*!40101 SET character_set_client = @saved_cs_client */;

--
-- Dumping data for table `ciudades`
--

LOCK TABLES `ciudades` WRITE;
/*!40000 ALTER TABLE `ciudades` DISABLE KEYS */;
INSERT INTO `ciudades` VALUES (1,'SE DESCONOCE',0.0000000,0.0000000,1),(2,'ABASTO',-35.0103680,-58.1151850,1),(3,'ABBOTT',-35.2825060,-58.8042620,1),(4,'ACASSUSO',-34.4794020,-58.5074040,1),(5,'ACEVEDO',-33.7556650,-60.4408370,1),(6,'ADOLFO GONZALES CHAVES',-38.0334000,-60.1003340,1),(7,'ADROGUE',-34.8015580,-58.3914680,1),(8,'AEROPUERTO INTERNACIONAL EZEIZA',-34.8128220,-58.5521650,1),(9,'AGUAS VERDES',-36.6552110,-56.6949520,1),(10,'AGUSTIN MOSCONI',-35.7392170,-60.5590630,1),(11,'AGUSTIN ROCA',-34.5080840,-60.8648960,1),(12,'AGUSTINA',-34.4607070,-61.0670720,1),(13,'ALBERDI VIEJO',-34.4418000,-61.8448790,1),(14,'ALBERTI',-35.0330730,-60.2806200,1),(15,'ALDO BONZI',-34.7141730,-58.5089040,1),(16,'ALEJANDRO KORN',-35.0135130,-58.3865350,1),(17,'ALEJANDRO PETION',-34.9793770,-58.6749430,1),(18,'ALFREDO DEMARCHI',-35.2929820,-61.4072540,1),(19,'ALTAMIRANO',-35.3615830,-58.1504870,1),(20,'ALTO LOS CARDALES',-34.3160240,-58.9784570,1),(21,'ALVAREZ DE TOLEDO',-35.6391610,-59.6292380,1),(22,'ALVAREZ JONTE',-35.3227800,-57.4490770,1),(23,'AMERICA',-35.4903410,-62.9763760,1),(24,'ANDANT',-36.5640580,-62.1324010,1),(25,'ANGEL ETCHEVERRY',-35.0261580,-58.0959060,1),(26,'ANTONIO CARBONI',-35.2033090,-59.3449560,1),(27,'APARICIO',-38.6204950,-60.8809600,1),(28,'ARANA',-35.0300560,-57.8865250,1),(29,'ARBOLEDAS',-36.8827710,-61.4878180,1),(30,'AREA CINTURON ECOLOGICO',-34.6750060,-58.3105630,1),(31,'AREA DE PROMOCION EL TRIANGULO',-34.4544550,-58.7062420,1),(32,'ARENAS VERDES',-38.5463780,-58.5573220,1),(33,'ARENAZA',-34.9846040,-61.7729120,1),(34,'ARGERICH',-38.7686560,-62.6025280,1),(35,'ARIEL',-36.5312540,-59.9200650,1),(36,'ARRECIFES',-34.0645910,-60.1025560,1),(37,'ARRIBE?OS',-34.2101540,-61.3548580,1),(38,'ARROYO CORTO',-37.5129180,-62.3116840,1),(39,'ARROYO DE LA CRUZ',-34.3363790,-59.1094150,1),(40,'ARROYO DULCE',-34.1024330,-60.4061550,1),(41,'ARROYO VENADO',-37.0864660,-62.5391480,1),(42,'ARTURO SEGUI',-34.8907400,-58.1327120,1),(43,'ASAMBLEA',-35.2267580,-60.4168950,1),(44,'ASCENSION',-34.2368760,-61.1036140,1),(45,'ATALAYA',-35.0240360,-57.5340250,1),(46,'ATLANTIDA',-37.8505520,-57.5134600,1),(47,'AVELLANEDA',-34.6626510,-58.3656990,1),(48,'AYACUCHO',-37.1536700,-58.4895480,1),(49,'AZCUENAGA',-34.3637910,-59.3745990,1),(50,'AZOPARDO',-37.7017920,-62.9006760,1),(51,'AZUL',-36.7795140,-59.8586330,1),(52,'BAHIA BLANCA',-38.7114040,-62.2569090,1),(53,'BAHIA SAN BLAS',-40.5602250,-62.2380640,1),(54,'BAIGORRITA',-34.7472690,-60.9889530,1),(55,'BAJO HONDO',-38.7648160,-61.9184050,1),(56,'BALCARCE',-37.8482780,-58.2551670,1),(57,'BALNEARIO LAGUNA DE GOMEZ',-34.6606440,-61.0183650,1),(58,'BALNEARIO MARISOL',-38.9224910,-60.5329770,1),(59,'BALNEARIO ORENSE',-38.8079580,-59.7382990,1),(60,'BALNEARIO PEHUEN CO',-38.9961960,-61.5471990,1),(61,'BALNEARIO SAN CAYETANO',-38.7481820,-59.4292050,1),(62,'BALNEARIO SAUCE GRANDE',-38.9953580,-61.2152020,1),(63,'BANDERALO',-35.0124670,-63.3741560,1),(64,'BANFIELD',-34.7379030,-58.4406750,1),(65,'BARADERO',-33.8128780,-59.5043070,1),(66,'BARKER',-37.6424110,-59.3889380,1),(67,'BARRIO AMERICA UNIDA',-34.8861980,-58.4173350,1),(68,'BARRIO BANCO PROVINCIA',-34.8752590,-57.8550860,1),(69,'BARRIO BELGRANO',-34.9022940,-58.6479010,1),(70,'BARRIO COLINAS VERDES',-37.8931020,-57.8261650,1),(71,'BARRIO EL BOQUERON',-38.0297230,-57.7995490,1),(72,'BARRIO EL CARMEN ESTE)',-34.9293100,-57.8853550,1),(73,'BARRIO EL CARMEN OESTE)',-34.9707540,-57.8108950,1),(74,'BARRIO EL CASAL',-37.8324150,-57.6311160,1),(75,'BARRIO EL COYUNCO',-37.9050810,-57.7391820,1),(76,'BARRIO EL MIRADOR',-35.3145370,-58.0484420,1),(77,'BARRIO EL TALADRO',-35.0742490,-58.8632420,1),(78,'BARRIO GAMBIER',-34.9359590,-57.9837630,1),(79,'BARRIO KENNEDY',-37.0062220,-57.1417260,1),(80,'BARRIO LA GLORIA',-37.9068270,-57.7858860,1),(81,'BARRIO LAS CASUARINAS',-34.5607460,-59.1700840,1),(82,'BARRIO LAS GOLONDRINAS',-35.0335780,-58.1935380,1),(83,'BARRIO LAS MALVINAS',-34.9374880,-58.0093950,1),(84,'BARRIO LAS MARGARITAS',-34.1932370,-60.6820260,1),(85,'BARRIO LAS QUINTAS',-34.9257210,-58.0393400,1),(86,'BARRIO LOMAS ALTAS',-35.5739890,-58.0680440,1),(87,'BARRIO LOS BOSQUECITOS',-35.1050390,-58.1835010,1),(88,'BARRIO LOS PIONEROS',-34.2530410,-58.9584400,1),(89,'BARRIO MORABO',-34.5497200,-58.9467790,1),(90,'BARRIO PARQUE GENERAL SAN MARTIN',-34.5673430,-58.5843110,1),(91,'BARRIO PARQUE LAS ACACIAS',-35.1030330,-58.2730410,1),(92,'BARRIO RIO SALADO',-35.6936380,-58.4473140,1),(93,'BARRIO RUTA 24 KILOMETRO 10',-34.6882160,-58.9574300,1),(94,'BARRIO RUTA 24 KM. 10',-34.6764460,-58.9704190,1),(95,'BARRIO RUTA SOL',-34.9437330,-58.1732650,1),(96,'BARRIO SAAVEDRA',-34.1263840,-59.0201570,1),(97,'BARRIO SAN CAYETANO',-35.5466820,-58.0013260,1),(98,'BARRIO SANTA  PAULA',-37.9317160,-57.6831620,1),(99,'BARRIO SANTA ROSA',-34.9530810,-58.7829290,1),(100,'BARRIO UNIVERSITARIO',-34.9027530,-57.9270880,1),(101,'BARRIOS LISANDRO DE LA TORRE Y SANTA MARTA',-34.8543300,-58.7844440,1),(102,'BATAN',-38.0086210,-57.7085500,1),(103,'BAYAUCA',-34.8710510,-61.2895450,1),(104,'BECCAR',-34.4674160,-58.5400340,1),(105,'BELEN DE ESCOBAR',-34.3516700,-58.7832530,1),(106,'BELLA VISTA',-34.5751400,-58.6960410,1),(107,'BELLOCQ',-35.9189710,-61.5312630,1),(108,'BENAVIDEZ',-34.4104350,-58.6887920,1),(109,'BENITEZ',-34.9660330,-60.1236390,1),(110,'BENITO JUAREZ',-37.6766410,-59.8057680,1),(111,'BERAZATEGUI',-34.7597490,-58.2019650,1),(112,'BERAZATEGUI OESTE',-34.7804200,-58.2415010,1),(113,'BERDIER',-34.3987730,-60.2605730,1),(114,'BERISSO',-34.8746350,-57.8947470,1),(115,'BERMUDEZ',-34.6966050,-61.3250130,1),(116,'BERNAL',-34.7003780,-58.2766430,1),(117,'BERNAL OESTE',-34.7269640,-58.3182800,1),(118,'BERUTTI',-35.8580310,-62.5126330,1),(119,'BILLINGHURST',-34.5751070,-58.5745830,1),(120,'BLANCAGRANDE',-36.5328890,-60.8824550,1),(121,'BLAQUIER',-34.6356620,-62.4786820,1),(122,'BOCAYUVA',-36.2065730,-63.0761550,1),(123,'BORDENAVE',-37.8028180,-63.0425140,1),(124,'BOSQUES',-34.8275810,-58.2229120,1),(125,'BOULOGNE SUR MER',-34.4983310,-58.5700140,1),(126,'BRAGADO',-35.1189420,-60.4879150,1),(127,'BURZACO',-34.8315420,-58.3986870,1),(128,'C.C. BOSQUE REAL',-34.5601390,-58.9182610,1),(129,'CABILDO',-38.4838570,-61.8926020,1),(130,'CACHARI',-36.3805630,-59.5030650,1),(131,'CADRET',-35.7727530,-61.3353880,1),(132,'CAMET',-37.9130760,-57.5524640,1),(133,'CAMET NORTE',-37.8224330,-57.4974690,1),(134,'CAMPANA',-34.1639620,-58.9588740,1),(135,'CAMPO DE MAYO',-34.5346820,-58.6513860,1),(136,'CAMPOS DE ROCA',-35.1149770,-58.0953900,1),(137,'CAMPOS SALLES',-33.4010840,-60.2846970,1),(138,'CANNING',-34.8849790,-58.4778100,1),(139,'CANNING',-34.8962280,-58.5087010,1),(140,'CA?ADA SECA',-34.4155050,-62.9618550,1),(141,'CA?UELAS',-35.0527140,-58.7583860,1),(142,'CAPILLA DEL SE?OR',-34.2912110,-59.1015230,1),(143,'CAPITAN CASTRO',-35.9136930,-62.2240580,1),(144,'CAPITAN SARMIENTO',-34.1723670,-59.7893490,1),(145,'CARAPACHAY',-34.5259150,-58.5357640,1),(146,'CARDENAL CAGLIERO',-40.6522000,-62.7575970,1),(147,'CARHUE',-37.1774800,-62.7578960,1),(148,'CARILO',-37.1641590,-56.9027910,1),(149,'CARLOS BEGUERIE',-35.4854690,-59.1017160,1),(150,'CARLOS CASARES',-35.6235440,-61.3653160,1),(151,'CARLOS KEEN',-34.4862820,-59.2180860,1),(152,'CARLOS MARIA NAON',-35.2394990,-60.8251360,1),(153,'CARLOS SALAS',-35.3913660,-61.9949100,1),(154,'CARLOS SPEGAZZINI',-34.9338490,-58.5780020,1),(155,'CARLOS TEJEDOR',-35.3925730,-62.4193020,1),(156,'CARLOS TOMAS SOURIGUES',-34.8021190,-58.2188210,1),(157,'CARMEN DE ARECO',-34.3776990,-59.8229020,1),(158,'CARMEN DE PATAGONES',-40.7972980,-62.9847540,1),(159,'CASALINS',-36.3181420,-58.5525030,1),(160,'CASBAS',-36.7580950,-62.5017750,1),(161,'CASCADAS',-37.2899620,-62.2971680,1),(162,'CASEROS',-34.6088730,-58.5636640,1),(163,'CASTELAR',-34.6644130,-58.6456430,1),(164,'CASTELLI',-36.0916940,-57.8071800,1),(165,'CASTILLA',-34.6131250,-59.9005190,1),(166,'CAZON',-35.5768030,-59.6645040,1),(167,'CENTINELA DEL MAR',-38.4348810,-58.2168640,1),(168,'CENTRO GUERRERO',-36.0570620,-57.8235420,1),(169,'CERRO DE LA GLORIA CANAL 15)',-35.9760530,-57.4487350,1),(170,'CHACABUCO',-34.6429840,-60.4701840,1),(171,'CHACRAS DEL RIO LUJAN',-34.2934150,-58.9211990,1),(172,'CHAPADMALAL',-38.1757780,-57.6513390,1),(173,'CHASCOMUS',-35.5743010,-58.0005530,1),(174,'CHASICO',-38.3352260,-62.6424100,1),(175,'CHICLANA',-35.7327370,-61.7439270,1),(176,'CHILLAR',-37.3150110,-59.9853180,1),(177,'CHIVILCOY',-34.8980160,-60.0188840,1),(178,'CHURRUCA',-34.5589660,-58.6228020,1),(179,'CITY BELL',-34.8879380,-58.0582330,1),(180,'CIUDAD DEL LIBERTADOR GENERAL SAN MARTIN',-34.5796990,-58.5420140,1),(181,'CIUDAD EVITA',-34.7245360,-58.5370060,1),(182,'CIUDAD JARDIN EL LIBERTADOR',-34.5416520,-58.5959090,1),(183,'CIUDAD JARDIN LOMAS DEL PALOMAR',-34.5961200,-58.5966000,1),(184,'CIUDADELA',-34.6326970,-58.5424070,1),(185,'CLARAZ',-37.8918270,-59.2866980,1),(186,'CLAROMECO',-38.7973740,-60.1076230,1),(187,'CLAYPOLE',-34.8044760,-58.3447830,1),(188,'CLUB DE CAMPO LAS MALVINAS',-35.2139980,-58.2433030,1),(189,'CLUB DE CAMPO LOS PUENTES',-34.5760130,-59.0214110,1),(190,'COLON',-33.8978630,-61.0995610,1),(191,'COLONIA HINOJO',-36.8800690,-60.1780550,1),(192,'COLONIA MAURICIO',-35.5249600,-61.4378670,1),(193,'COLONIA NIEVAS',-36.8641370,-60.0816420,1),(194,'COLONIA SAN ADOLFO',-39.3983950,-62.5711720,1),(195,'COLONIA SAN MARTIN',-37.9769150,-62.3326100,1),(196,'COLONIA SAN MIGUEL',-36.9495660,-60.1108950,1),(197,'COLONIA SAN MIGUEL ARCANGEL',-37.4486190,-63.1176090,1),(198,'COLONIA SAN RICARDO',-34.4162140,-61.9280140,1),(199,'COLONIA SERE',-35.4388160,-62.7252380,1),(200,'COMANDANTE NICANOR OTAMENDI',-38.1119340,-57.8415350,1),(201,'COMODORO PY',-35.3233100,-60.5217310,1),(202,'CONESA',-33.5962120,-60.3541260,1),(203,'COPETONAS',-38.7227400,-60.4519660,1),(204,'CORONEL BOERR',-35.9414440,-59.0693550,1),(205,'CORONEL BRANDSEN',-35.1690980,-58.2373530,1),(206,'CORONEL CHARLONE',-34.6729950,-63.3724450,1),(207,'CORONEL DORREGO',-38.7166240,-61.2884950,1),(208,'CORONEL MARTINEZ DE HOZ',-35.3321820,-61.6140850,1),(209,'CORONEL PRINGLES',-37.9865210,-61.3540720,1),(210,'CORONEL SEGUI',-34.8681190,-60.3939710,1),(211,'CORONEL SUAREZ',-37.4596220,-61.9317530,1),(212,'CORONEL VIDAL',-37.4522140,-57.7299500,1),(213,'CORTINES',-34.5590630,-59.2044270,1),(214,'COSTA BONITA',-38.5589730,-58.6585540,1),(215,'COUNTRY CLUB EL CASCO',-34.1275890,-59.0834600,1),(216,'COUNTRY CLUB EL RODEO',-35.0794690,-58.1393280,1),(217,'COUNTRY CLUB LAS PRADERAS',-34.4902660,-59.1324860,1),(218,'COUNTRY LOS MEDANOS',-38.8468450,-62.7387420,1),(219,'CROTTO',-36.5774100,-60.1711190,1),(220,'CRUCESITA',-34.6691060,-58.3574540,1),(221,'CUARTEL V',-34.5586600,-58.8163010,1),(222,'CULULLU',-34.4460870,-59.3622550,1),(223,'CURA MALAL',-37.4843020,-62.1036200,1),(224,'CURARU',-35.6403500,-62.1924370,1),(225,'DAIREAUX',-36.6001750,-61.7450130,1),(226,'DARREGUEIRA',-37.6857560,-63.1595660,1),(227,'DE BARY',-36.3416810,-63.2611530,1),(228,'DE LA CANAL',-37.1293130,-59.1053800,1),(229,'DE LA GARMA',-37.9635020,-60.4156590,1),(230,'DEL CARRIL',-35.5127170,-59.5158200,1),(231,'DEL VALLE',-35.8973450,-60.7316090,1),(232,'DEL VISO',-34.4494010,-58.8009120,1),(233,'DEL VISO',-34.4804960,-58.8042590,1),(234,'DELFIN HUERGO',-37.3173290,-63.2331690,1),(235,'DIEGO GAYNOR',-34.2889740,-59.2227810,1),(236,'DIQUE LUJAN',-34.3717750,-58.6917930,1),(237,'DIQUE N? 1',-34.8758490,-57.9336300,1),(238,'DOCK SUD',-34.6491270,-58.3411770,1),(239,'DOLORES',-36.3161220,-57.6752660,1),(240,'DOMSELAAR',-35.0486930,-58.3145750,1),(241,'DON BOSCO',-34.7032130,-58.2984530,1),(242,'DON ORIONE',-34.8210750,-58.3447460,1),(243,'DON TORCUATO ESTE',-34.4869370,-58.6159410,1),(244,'DON TORCUATO OESTE',-34.5035350,-58.6275290,1),(245,'DORBIGNY',-37.6772290,-61.7052610,1),(246,'DUDIGNAC',-35.6511930,-60.7098960,1),(247,'DUFAUR',-37.9428220,-62.2848640,1),(248,'DUGGAN',-34.2071970,-59.6357060,1),(249,'DUNAMAR',-38.8586780,-60.0873320,1),(250,'EL ARBOLITO',-33.9147840,-60.9438080,1),(251,'EL CAZADOR',-34.3034900,-58.7811270,1),(252,'EL DIVISORIO',-38.3235640,-61.4450580,1),(253,'EL DORADO',-34.6528610,-61.5829090,1),(254,'EL JAG?EL',-34.8304510,-58.4948690,1),(255,'EL LIBERTADOR',-34.5564990,-58.6223380,1),(256,'EL MARQUESADO',-38.2369310,-57.7634180,1),(257,'EL PALOMAR',-34.6177070,-58.6015330,1),(258,'EL PARAISO',-33.5679150,-59.9791120,1),(259,'EL PATO',-34.9067560,-58.1967000,1),(260,'EL PENSAMIENTO',-38.2154090,-61.3145850,1),(261,'EL PERDIDO',-38.6757750,-61.0884420,1),(262,'EL REMANSO',-34.4149480,-59.0862810,1),(263,'EL RETIRO',-34.9476180,-57.9957430,1),(264,'EL TALAR',-34.4713210,-58.6570300,1),(265,'EL TRIGO',-35.8815480,-59.4063370,1),(266,'EL TRIUNFO',-35.0882210,-61.5163330,1),(267,'EL TROPEZON',-34.9564050,-58.2787450,1),(268,'ELVIRA',-35.2432720,-59.4860400,1),(269,'EMILIO AYARZA',-34.7460600,-60.0392310,1),(270,'EMILIO V. BUNGE',-34.7798330,-63.1960960,1),(271,'ENERGIA',-38.5580130,-59.3364570,1),(272,'ENSENADA',-34.8679770,-57.9214380,1),(273,'EREZCANO',-33.5232450,-60.3174450,1),(274,'ERNESTINA',-35.2702340,-59.5575030,1),(275,'ESCALADA',-34.1609330,-59.1125400,1),(276,'ESPARTILLAR',-37.3563350,-62.4387640,1),(277,'ESPARTILLAR E)',-37.3604340,-62.4297390,1),(278,'ESPIGAS',-36.4122730,-60.6730690,1),(279,'ESTACION ARENALES',-34.2698460,-61.2926720,1),(280,'ESTACION CAMET',-37.8886650,-57.6000120,1),(281,'ESTACION CHAPADMALAL',-38.0367280,-57.7129900,1),(282,'ESTACION SOL DE MAYO',-34.2689450,-60.8717770,1),(283,'ESTANISLAO SEVERO ZEBALLOS',-34.8122860,-58.2426530,1),(284,'ESTEBAN AGUSTIN GASCON',-37.4544380,-63.2565950,1),(285,'ESTELA',-38.1080950,-62.9129040,1),(286,'EZPELETA',-34.7435640,-58.2281410,1),(287,'EZPELETA OESTE',-34.7634440,-58.2638310,1),(288,'FARO',-38.7966780,-61.0688770,1),(289,'FATIMA',-34.4072580,-58.9746910,1),(290,'FELIPE SOLA',-38.0059930,-62.8186940,1),(291,'FERRE',-34.1250380,-61.1326550,1),(292,'FLORENCIO VARELA',-34.7960540,-58.2748590,1),(293,'FLORENTINO AMEGHINO',-34.8466780,-62.4671580,1),(294,'FLORIDA',-34.5327430,-58.4910980,1),(295,'FLORIDA OESTE',-34.5394220,-58.5148140,1),(296,'FONTEZUELA',-33.9138390,-60.4628650,1),(297,'FORTIN ACHA',-34.3430420,-61.5156660,1),(298,'FORTIN OLAVARRIA',-35.7048850,-63.0230330,1),(299,'FORTIN TIBURCIO',-34.3467320,-61.1310780,1),(300,'FRANCISCO ALVAREZ',-34.6073140,-58.8599430,1),(301,'FRANCISCO MADERO',-35.8483070,-62.0693920,1),(302,'FRANKLIN',-34.6103910,-59.6301800,1),(303,'FRENTE MAR',-37.8577700,-57.5154240,1),(304,'GAHAN',-34.3380740,-60.0992740,1),(305,'GARDEY',-37.2823320,-59.3630000,1),(306,'GARIN',-34.4287850,-58.7361730,1),(307,'GARRE',-36.5604380,-62.5981120,1),(308,'GENERAL ALVEAR',-36.0229380,-60.0147940,1),(309,'GENERAL ARENALES',-34.3044680,-61.3056280,1),(310,'GENERAL BELGRANO',-35.7694580,-58.4944620,1),(311,'GENERAL CONESA',-36.5208590,-57.3249370,1),(312,'GENERAL DANIEL CERRI',-38.7136520,-62.3924220,1),(313,'GENERAL GUIDO',-36.6431650,-57.7905020,1),(314,'GENERAL HORNOS',-34.8937760,-58.9172220,1),(315,'GENERAL JUAN MADARIAGA',-36.9967730,-57.1374770,1),(316,'GENERAL LA MADRID',-37.2503990,-61.2595790,1),(317,'GENERAL LAS HERAS',-34.9267740,-58.9453410,1),(318,'GENERAL LAVALLE',-36.4080850,-56.9433550,1),(319,'GENERAL MANSILLA',-35.0816830,-57.7469760,1),(320,'GENERAL OBRIEN',-34.9067980,-60.7597840,1),(321,'GENERAL PACHECO',-34.4523090,-58.6448940,1),(322,'GENERAL PINTO',-34.7641560,-61.8900670,1),(323,'GENERAL PIRAN',-37.2778610,-57.7740150,1),(324,'GENERAL RIVAS',-34.6100370,-59.7504230,1),(325,'GENERAL RODRGUEZ',-34.6278600,-58.9532530,1),(326,'GENERAL ROJO',-33.4758680,-60.2874270,1),(327,'GENERAL VILLEGAS',-35.0338420,-63.0146640,1),(328,'GERLI',-34.6847640,-58.3726030,1),(329,'GERLI',-34.6909570,-58.3838630,1),(330,'GERMANIA',-34.5761120,-62.0518310,1),(331,'GIRODIAS',-36.3674520,-62.3569660,1),(332,'GLEW',-34.8860110,-58.3818300,1),(333,'GOBERNADOR CASTRO',-33.6605790,-59.8663410,1),(334,'GOBERNADOR JULIO A. COSTA',-34.8152400,-58.3082330,1),(335,'GOBERNADOR UDAONDO',-35.3003270,-58.5943050,1),(336,'GOBERNADOR UGARTE',-35.1643970,-60.0813580,1),(337,'GOLDNEY',-34.6029550,-59.2882140,1),(338,'GOMEZ',-35.0693660,-58.1656900,1),(339,'GONZALEZ CATAN',-34.7724650,-58.6404860,1),(340,'GONZALEZ MORENO',-35.5576530,-63.3815800,1),(341,'GORCHS',-35.6733730,-58.9583000,1),(342,'GOROSTIAGA',-34.8391270,-59.8646670,1),(343,'GOWLAND',-34.6524290,-59.3523190,1),(344,'GOYENA',-37.7192520,-62.6071300,1),(345,'GRAND BOURG',-34.4869940,-58.7286750,1),(346,'GREGORIO DE LAFERRERE',-34.7468380,-58.5925330,1),(347,'GR?NBEIN',-38.7471080,-62.1891170,1),(348,'GUAMINI',-37.0120880,-62.4166860,1),(349,'GUERNICA',-34.9230590,-58.3650270,1),(350,'GUERRICO',-33.6745850,-60.4006870,1),(351,'GUILLERMO ENRIQUE HUDSON',-34.7897590,-58.1439690,1),(352,'GUNTHER',-34.5995000,-61.9164990,1),(353,'HAEDO',-34.6440660,-58.5978180,1),(354,'HALE',-36.0010430,-60.8534500,1),(355,'HENDERSON',-36.2994630,-61.7178400,1),(356,'HERRERA VEGAS',-36.0883250,-61.4112500,1),(357,'HILARIO ASCASUBI',-39.3758600,-62.6477900,1),(358,'HINOJO',-36.8759000,-60.1473200,1),(359,'HORTENSIA',-35.9277090,-61.2622900,1),(360,'HUANGUELEN',-37.0622290,-61.9297530,1),(361,'HURLINGHAM',-34.5930930,-58.6357210,1),(362,'IGNACIO CORREAS',-35.0345600,-57.8440250,1),(363,'INDIO RICO',-38.3293770,-60.8866340,1),(364,'INES INDART',-34.3994160,-60.5436830,1),(365,'INGENIERO ADOLFO SOURDEAUX',-34.5004330,-58.6618050,1),(366,'INGENIERO JUAN ALLAN',-34.8648080,-58.2110440,1),(367,'INGENIERO MASCHWITZ',-34.3790010,-58.7303340,1),(368,'INGENIERO MONETA',-33.9314630,-59.7482330,1),(369,'INGENIERO PABLO NOGUES',-34.4790930,-58.6989740,1),(370,'INGENIERO THOMPSON',-36.6102540,-62.9109610,1),(371,'INGENIERO WHITE',-38.7794670,-62.2629510,1),(372,'INOCENCIO SOSA',-35.7184200,-62.1142780,1),(373,'IRALA',-34.7718230,-60.6916910,1),(374,'IRENE',-38.5543430,-60.6954940,1),(375,'IRINEO PORTELA',-33.9810490,-59.6715600,1),(376,'ISIDRO CASANOVA',-34.7184290,-58.5777520,1),(377,'ISLA SANTIAGO OESTE)',-34.8370460,-57.8999620,1),(378,'ITUZAINGO CENTRO',-34.6440550,-58.6884890,1),(379,'ITUZAINGO SUR',-34.6699430,-58.6733040,1),(380,'JEPPENER',-35.2802040,-58.1996650,1),(381,'JOAQUIN GORINA',-34.9017820,-58.0391860,1),(382,'JOSE B. CASAS',-40.4363640,-62.5449340,1),(383,'JOSE C. PAZ',-34.5211610,-58.7708810,1),(384,'JOSE HERNANDEZ',-34.8985900,-58.0143970,1),(385,'JOSE INGENIEROS',-34.6171530,-58.5342190,1),(386,'JOSE JUAN ALMEYRA',-34.9232640,-59.5422520,1),(387,'JOSE MARIA EZEIZA',-34.8536100,-58.5195520,1),(388,'JOSE MARMOL',-34.7851440,-58.3681480,1),(389,'JOSE MELCHOR ROMERO',-34.9455090,-58.0362900,1),(390,'JUAN A. DE LA  PE?A',-33.8322770,-60.4864900,1),(391,'JUAN A. PRADERE',-39.5993800,-62.6510470,1),(392,'JUAN ANCHORENA',-33.9263380,-60.3829030,1),(393,'JUAN BAUTISTA ALBERDI',-34.4387920,-61.8121890,1),(394,'JUAN COUSTE',-38.8942600,-63.1361580,1),(395,'JUAN E. BARRA',-37.8233870,-60.4846400,1),(396,'JUAN F. IBARRA',-36.3498770,-61.2552590,1),(397,'JUAN JOSE PASO',-35.8524740,-62.2962120,1),(398,'JUAN MARIA GUTIERREZ',-34.8348420,-58.1819060,1),(399,'JUAN N. FERNANDEZ',-38.0091790,-59.2634990,1),(400,'JUNIN',-34.5838320,-60.9472650,1),(401,'LA AGRARIA',-34.6564150,-60.8466680,1),(402,'LA ANGELITA',-34.2608740,-60.9685990,1),(403,'LA ARMONIA',-37.7748550,-57.6351210,1),(404,'LA AURORA',-35.4079470,-61.2105670,1),(405,'LA BALIZA',-37.7697390,-57.4508200,1),(406,'LA BEBA',-34.1544390,-61.0128710,1),(407,'LA CALETA',-37.7834380,-57.4647860,1),(408,'LA CAPILLA',-34.9437330,-58.2632550,1),(409,'LA CARRETA',-36.1964810,-62.2245640,1),(410,'LA CHOZA',-34.7829910,-59.1095650,1),(411,'LA COLINA',-37.3607690,-61.5348490,1),(412,'LA CONSTANCIA',-37.2286260,-58.7603890,1),(413,'LA CUMBRE',-34.9235920,-58.0019480,1),(414,'LA DELFINA',-34.9437720,-61.1588640,1),(415,'LA EMILIA',-33.3514850,-60.3139570,1),(416,'LA INVENCIBLE',-34.2687420,-60.3853650,1),(417,'LA LARGA',-36.6749260,-61.9291950,1),(418,'LA LIMPIA',-35.0797270,-60.5928550,1),(419,'LA LONJA',-34.4448150,-58.8393730,1),(420,'LA LUCILA',-34.4985430,-58.4865820,1),(421,'LA LUISA',-34.1285570,-59.9240060,1),(422,'LA PALA',-36.6613400,-63.3661280,1),(423,'LA PLATA',-34.9208630,-57.9540560,1),(424,'LA REJA',-34.6452390,-58.8380250,1),(425,'LA RICA',-34.9739190,-59.8639300,1),(426,'LA RUTA',-38.6534160,-60.8608560,1),(427,'LA SOFIA',-35.7003910,-61.1702870,1),(428,'LA TABLADA',-34.6870540,-58.5256120,1),(429,'LA TRINIDAD',-34.1068550,-61.1317020,1),(430,'LA UNION',-34.8503860,-58.5558700,1),(431,'LA VIOLETA',-33.7347850,-60.1701770,1),(432,'LABARDEN',-36.9489670,-58.1035670,1),(433,'LAGUNA ALSINA',-36.8090520,-62.2451480,1),(434,'LAGUNA DE LOBOS',-35.2747620,-59.1339060,1),(435,'LAGUNA VITEL',-35.5404170,-58.1349190,1),(436,'LANUS ESTE',-34.7108610,-58.3725050,1),(437,'LANUS OESTE',-34.6957820,-58.4162530,1),(438,'LAPLACETTE',-34.7245240,-61.1553170,1),(439,'LAPRIDA',-37.5467980,-60.7970540,1),(440,'LARTIGAU',-38.4459190,-61.5660970,1),(441,'LAS ARMAS',-37.0860540,-57.8285750,1),(442,'LAS BAHAMAS',-33.6366100,-59.9895560,1),(443,'LAS CARABELAS',-34.0381000,-60.8685260,1),(444,'LAS ENCADENADAS',-38.0361080,-62.4704140,1),(445,'LAS FLORES',-36.0154970,-59.1004660,1),(446,'LAS MARIANAS',-35.0539260,-59.5131010,1),(447,'LAS MARTINETAS',-37.1980810,-61.1220420,1),(448,'LAS TONINAS',-36.4883980,-56.7004350,1),(449,'LAS TOSCAS',-35.3649870,-61.8055490,1),(450,'LEANDRO N. ALEM',-34.5217250,-61.3911830,1),(451,'LEZICA Y TORREZURI',-34.5807000,-59.0582310,1),(452,'LIBANO',-37.5336210,-61.2865750,1),(453,'LIBERTAD',-34.7085420,-58.6795870,1),(454,'LICENCIADO MATIENZO',-37.9097930,-58.9120970,1),(455,'LIMA',-34.0436340,-59.1973340,1),(456,'LIN CALEL',-38.7081780,-60.2417250,1),(457,'LINCOLN',-34.8690420,-61.5291650,1),(458,'LISANDRO OLMOS',-34.9976090,-58.0433770,1),(459,'LLAVALLOL',-34.7946180,-58.4320910,1),(460,'LOBERIA',-38.1652730,-58.7822300,1),(461,'LOBOS',-35.1858680,-59.0957120,1),(462,'LOMA HERMOSA',-34.5684070,-58.6030820,1),(463,'LOMA VERDE',-34.3285230,-58.8507000,1),(464,'LOMA VERDE',-35.2747490,-58.4041700,1),(465,'LOMAS DE COPELLO',-34.9520390,-57.8409390,1),(466,'LOMAS DE ZAMORA',-34.7627680,-58.4267900,1),(467,'LOMAS DEL MIRADOR',-34.6656950,-58.5331550,1),(468,'LOMAS DEL RIO LUJAN',-34.2816770,-58.8911910,1),(469,'LONGCHAMPS',-34.8609450,-58.3891480,1),(470,'LOPEZ',-37.5545120,-59.6278460,1),(471,'LOPEZ LECUBE',-38.1171190,-62.7254850,1),(472,'LOS ANGELES',-34.4575060,-60.1801850,1),(473,'LOS CACHORROS',-34.4250030,-58.7950000,1),(474,'LOS CARDALES',-34.3300740,-58.9885650,1),(475,'LOS HORNOS',-34.9737160,-57.9850540,1),(476,'LOS INDIOS',-34.3735700,-60.6523710,1),(477,'LOS NARANJOS',-34.9965520,-57.7036640,1),(478,'LOS PINOS',-37.9412060,-58.3225920,1),(479,'LOS POLVORINES',-34.5078750,-58.7013440,1),(480,'LOS TALAS',-34.9190210,-57.7909950,1),(481,'LOS TOLDOS',-35.0010370,-61.0381500,1),(482,'LOS TRONCOS DEL TALAR',-34.4425670,-58.6174360,1),(483,'LUCAS MONTEVERDE',-35.4838270,-59.9880650,1),(484,'LUCILA DEL MAR',-36.6627490,-56.6817140,1),(485,'LUIS GUILLON',-34.8001960,-58.4530960,1),(486,'LUJAN',-34.5646850,-59.1320950,1),(487,'MAGDALA',-36.0846710,-61.7254750,1),(488,'MAGDALENA',-35.0806850,-57.5172590,1),(489,'MAIPU',-36.8648510,-57.8829170,1),(490,'MALVINAS ARGENTINAS',-34.8189580,-58.4235610,1),(491,'MANUEL B. GONNET',-34.8819510,-58.0189920,1),(492,'MANUEL B. GONNET',-35.5201410,-60.9989490,1),(493,'MANUEL J. COBO',-35.8748250,-57.8964230,1),(494,'MANUEL OCAMPO',-33.7647230,-60.6492430,1),(495,'MANZANARES',-34.4526310,-59.0136610,1),(496,'MANZONE',-34.5287310,-58.8776000,1),(497,'MAQUINISTA F. SAVIO OESTE)',-34.4106170,-58.7821700,1),(498,'MAQUINISTA F. SAVIO ESTE',-34.3964890,-58.7629460,1),(499,'MAR AZUL',-37.3366730,-57.0325010,1),(500,'MAR CHIQUITA',-37.7462580,-57.4274480,1),(501,'MAR DE AJO',-36.7468690,-56.6852640,1),(502,'MAR DE AJO NORTE',-36.7065980,-56.6904990,1),(503,'MAR DE COBO',-37.7768000,-57.4556590,1),(504,'MAR DE LAS PAMPAS',-37.3281310,-57.0399070,1),(505,'MAR DEL PLATA',-38.0120910,-57.6064950,1),(506,'MAR DEL SUR',-38.3446880,-57.9920390,1),(507,'MAR DEL TUYU',-36.5861170,-56.6990060,1),(508,'MARCELINO UGARTE',-35.3462660,-60.7453450,1),(509,'MARCOS PAZ',-34.7965440,-58.8778210,1),(510,'MARIA IGNACIA',-37.4029070,-59.5093350,1),(511,'MARIANO ACOSTA',-34.7154810,-58.7976740,1),(512,'MARIANO BENITEZ',-33.7090270,-60.5842600,1),(513,'MARIANO H.  ALFONZO',-33.9149980,-60.8383550,1),(514,'MARTIN CORONADO',-34.5852040,-58.5918760,1),(515,'MARTINEZ',-34.4944230,-58.5105730,1),(516,'MASSEY',-35.0490890,-63.1218880,1),(517,'MATHEU',-34.3688780,-58.8402290,1),(518,'MAURICIO HIRSCH',-35.5830180,-61.5244460,1),(519,'MAXIMO FERNANDEZ',-35.0615250,-60.7060740,1),(520,'MAXIMO PAZ',-34.9364560,-58.6143960,1),(521,'MAYOR BURATOVICH',-39.2590950,-62.6157890,1),(522,'MAZA',-36.7999470,-63.3385150,1),(523,'MECHITA',-35.0699380,-60.4084940,1),(524,'MECHITA',-35.0680140,-60.4025970,1),(525,'MECHONGUE',-38.1486550,-58.2230120,1),(526,'MEDANOS',-38.8293150,-62.6943320,1),(527,'MERCEDES',-34.6521720,-59.4295980,1),(528,'MERLO',-34.6823280,-58.7436430,1),(529,'MICAELA CASCALLARES',-38.4926790,-60.4684230,1),(530,'MINISTRO RIVADAVIA',-34.8556900,-58.3616470,1),(531,'MIRA PAMPA',-35.8703870,-63.3742010,1),(532,'MIRAMAR',-38.2707430,-57.8404710,1),(533,'MOCTEZUMA',-35.4774730,-61.4930730,1),(534,'MONES CAZON',-36.2301780,-62.0069940,1),(535,'MONTE CHINGOLO',-34.7302100,-58.3561740,1),(536,'MONTE GRANDE',-34.8191370,-58.4726950,1),(537,'MONTE HERMOSO',-38.9815070,-61.3005460,1),(538,'MOQUEHUA',-35.0926580,-59.7745300,1),(539,'MOREA',-35.5563880,-60.5605940,1),(540,'MORENO',-34.6376320,-58.7921360,1),(541,'MORON',-34.6652230,-58.6190560,1),(542,'MORSE',-34.7608900,-60.8419120,1),(543,'MUNRO',-34.5272620,-58.5255060,1),(544,'MU?IZ',-34.5557350,-58.7080230,1),(545,'NAPALEOFU',-37.6254980,-58.7461860,1),(546,'NAVARRO',-35.0036070,-59.2774160,1),(547,'NECOCHEA',-38.5711700,-58.7702420,1),(548,'NICANOR OLIVERA',-38.2846360,-59.2027540,1),(549,'NORBERTO DE LA RIESTRA',-35.2727790,-59.7719330,1),(550,'NORUMBEGA',-35.5357390,-60.7928140,1),(551,'NUEVA PLATA',-35.9199120,-61.8134000,1),(552,'OBLIGADO',-33.5965560,-59.8199790,1),(553,'OCHANDIO',-38.3598240,-59.7935350,1),(554,'OHIGGINS',-34.5854710,-60.6986330,1),(555,'OLASCOAGA',-35.2375280,-60.6115340,1),(556,'OLAVARRIA',-36.8920940,-60.3180050,1),(557,'OLIDEN',-35.1842580,-57.9479620,1),(558,'OLIVERA',-34.6265040,-59.2533810,1),(559,'OLIVOS',-34.5121610,-58.4985440,1),(560,'OPEN DOOR',-34.4890160,-59.0617360,1),(561,'ORDOQUI',-35.8831260,-61.1594280,1),(562,'ORENSE',-38.6855170,-59.7764290,1),(563,'ORIENTE',-38.7388490,-60.6092240,1),(564,'OSTENDE',-37.1300480,-56.8833980,1),(565,'PABLO PODESTA',-34.5758250,-58.6202500,1),(566,'PAGO CHICO',-38.7839400,-62.1195190,1),(567,'PARADA ORLANDO',-34.3273000,-59.0759910,1),(568,'PARADA ROBLES',-34.3736270,-59.1393540,1),(569,'PARDO',-36.2437580,-59.3662920,1),(570,'PASMAN',-37.2234350,-62.1602260,1),(571,'PASO DEL REY',-34.6353880,-58.7503180,1),(572,'PASTEUR',-35.1426390,-62.2439030,1),(573,'PATRICIOS',-35.4395530,-60.7174380,1),(574,'PAULA',-36.5053180,-61.0243290,1),(575,'PAVON',-36.7089540,-56.7598430,1),(576,'PAVON',-34.3581120,-59.0310010,1),(577,'PEARSON',-33.6518960,-60.8922240,1),(578,'PEDERNALES',-35.2666090,-59.6306570,1),(579,'PEDRO LURO',-39.5007770,-62.6874320,1),(580,'PEHUAJO',-35.8123030,-61.8988210,1),(581,'PELLEGRINI',-36.2697350,-63.1652860,1),(582,'PEREYRA',-34.8471950,-58.1392770,1),(583,'PEREZ MILLAN',-33.7674500,-60.0927340,1),(584,'PERGAMINO',-33.8949900,-60.5716400,1),(585,'PICHINCHA',-34.5804520,-62.3516400,1),(586,'PIEDRITAS',-34.7711050,-62.9846970,1),(587,'PIERES',-38.3962310,-58.6705800,1),(588,'PIGUE',-37.6063900,-62.4057730,1),(589,'PILA',-36.0014750,-58.1427780,1),(590,'PILAR',-34.4663320,-58.9227200,1),(591,'PINAMAR',-37.0777450,-56.8437230,1),(592,'PINZON',-33.9947210,-60.7316480,1),(593,'PI?EYRO',-34.6685500,-58.3886030,1),(594,'PIPINAS',-35.5312670,-57.3285890,1),(595,'PIROVANO',-36.5109170,-61.5545520,1),(596,'PLA',-35.1243820,-60.2200610,1),(597,'PLATANOS',-34.7674200,-58.1652690,1),(598,'PLAYA DORADA',-37.8730950,-57.5218900,1),(599,'PLOMER',-34.7941190,-59.0279760,1),(600,'POLVAREDAS',-35.5939070,-59.5079730,1),(601,'PONTAUT',-37.7317700,-61.3230960,1),(602,'PONTEVEDRA',-34.7467960,-58.7060430,1),(603,'PORVENIR',-34.9522290,-62.2174230,1),(604,'POSADA DE LOS LAGOS',-35.1499380,-58.0504530,1),(605,'PRESIDENTE DERQUI',-34.4928620,-58.8416990,1),(606,'PUAN',-37.5426140,-62.7652280,1),(607,'PUEBLO DOYLE',-33.9050060,-59.8187530,1),(608,'PUEBLO GOUIN',-34.4951190,-59.8029740,1),(609,'PUEBLO NUEVO',-37.3263230,-60.9098410,1),(610,'PUEBLO SAN JORGE',-37.2298630,-60.9621660,1),(611,'PUNTA ALTA',-38.8823550,-62.0626710,1),(612,'PUNTA INDIO',-35.2808350,-57.2360070,1),(613,'PUNTA LARA',-34.8346690,-58.0010480,1),(614,'PUNTA MOGOTES',-38.0833770,-57.5859350,1),(615,'QUENUMA',-36.5689910,-63.0876230,1),(616,'QUEQUEN',-38.5375050,-58.6952020,1),(617,'QUILMES',-34.7241340,-58.2492210,1),(618,'QUILMES OESTE',-34.7477990,-58.2999440,1),(619,'RAFAEL CALZADA',-34.7911370,-58.3505980,1),(620,'RAFAEL CASTILLO',-34.7132050,-58.6258370,1),(621,'RAFAEL OBLIGADO',-34.3588130,-60.7845690,1),(622,'RAMALLO',-33.4877020,-60.0072210,1),(623,'RAMON BIAUS',-35.0858460,-59.9236680,1),(624,'RAMON SANTAMARINA',-38.4503900,-59.3311150,1),(625,'RAMOS MEJIA',-34.6523080,-58.5592110,1),(626,'RAMOS OTERO',-37.5426350,-58.3407190,1),(627,'RANCAGUA',-34.0303720,-60.5042330,1),(628,'RANCHOS',-35.5173520,-58.3184250,1),(629,'RANELAGH',-34.7941470,-58.1989820,1),(630,'RAUCH',-36.7755040,-59.0871110,1),(631,'RAWSON',-34.6086370,-60.0677110,1),(632,'RECALDE',-36.6515020,-61.0845040,1),(633,'REMEDIOS DE ESCALADA',-34.5705750,-58.6201180,1),(634,'REMEDIOS ESCALADA DE SAN MARTIN',-34.7238090,-58.3976700,1),(635,'RETA',-38.8970810,-60.3434100,1),(636,'RICARDO ROJAS',-34.4563340,-58.6806670,1),(637,'RINCON DE MILBERG',-34.4097530,-58.6304830,1),(638,'RINGUELET',-34.8910540,-57.9913780,1),(639,'RIO TALA',-33.7695900,-59.6383710,1),(640,'RIVERA',-37.1583550,-63.2442190,1),(641,'ROBERTO CANO',-34.0876520,-60.6672560,1),(642,'ROBERTO DE VICENZO',-34.4369650,-58.7669940,1),(643,'ROBERTO J. PAYRO',-35.1799270,-57.6519860,1),(644,'ROBERTS',-35.1440880,-61.9707860,1),(645,'ROJAS',-34.1872290,-60.7179410,1),(646,'ROOSEVELT',-35.8466320,-63.2898120,1),(647,'ROQUE PEREZ',-35.4016380,-59.3346860,1),(648,'RUFINO DE ELIZALDE',-34.9710900,-57.9524350,1),(649,'SAAVEDRA',-37.7636400,-62.3506330,1),(650,'SAENZ PE?A',-34.5992890,-58.5320800,1),(651,'SAFORCADA',-34.5752590,-61.0747310,1),(652,'SALADILLO',-35.6404300,-59.7790590,1),(653,'SALAZAR',-36.3071170,-62.2003370,1),(654,'SALDUNGARAY',-38.2028130,-61.7678930,1),(655,'SALLIQUELO',-36.7511650,-62.9599570,1),(656,'SALTO',-34.2921600,-60.2546240,1),(657,'SALVADOR MARIA',-35.3028070,-59.1696840,1),(658,'SAMBOROMBON',-35.2206240,-58.2805300,1),(659,'SAN AGUSTIN',-38.0122840,-58.3553780,1),(660,'SAN ANDRES DE GILES',-34.4459080,-59.4451670,1),(661,'SAN ANTONIO DE ARECO',-34.2503760,-59.4708630,1),(662,'SAN ANTONIO DE PADUA',-34.6698580,-58.6979300,1),(663,'SAN BERNARDO',-35.7137370,-61.6477830,1),(664,'SAN BERNARDO',-36.6874110,-56.6841400,1),(665,'SAN CARLOS DE BOLIVAR',-36.2295600,-61.1131900,1),(666,'SAN CAYETANO',-38.3469710,-59.6063830,1),(667,'SAN CLEMENTE DEL TUYU',-36.3532390,-56.7239440,1),(668,'SAN EMILIO',-35.0319910,-60.8647690,1),(669,'SAN ENRIQUE',-35.7785030,-60.3546450,1),(670,'SAN FERNANDO',-34.4473600,-58.5690020,1),(671,'SAN FRANCISCO DE BELLOCQ',-38.6931710,-60.0141790,1),(672,'SAN FRANCISCO SOLANO',-34.7866740,-58.3219360,1),(673,'SAN FRANCISCO SOLANO',-34.7777730,-58.3101560,1),(674,'SAN GERMAN',-38.2995180,-62.9821880,1),(675,'SAN ISIDRO',-34.4770410,-58.5271950,1),(676,'SAN JOSE',-34.7673770,-58.3432770,1),(677,'SAN JOSE',-37.5077480,-61.9211470,1),(678,'SAN JUSTO',-34.6881600,-58.5626790,1),(679,'SAN MANUEL',-37.7892830,-58.8486480,1),(680,'SAN MAURICIO',-35.5118020,-63.1882150,1),(681,'SAN MAYOL',-38.3177370,-60.0258420,1),(682,'SAN MIGUEL',-34.5536230,-58.7347880,1),(683,'SAN MIGUEL DEL MONTE',-35.4391640,-58.8094600,1),(684,'SAN NICOLAS DE LOS ARROYOS',-33.3487080,-60.2313340,1),(685,'SAN PEDRO',-33.6791250,-59.6668950,1),(686,'SAN ROMAN',-38.7415550,-61.5377200,1),(687,'SAN SEBASTIAN',-34.9443780,-59.7018600,1),(688,'SAN VICENTE',-35.0104040,-58.4699710,1),(689,'SANSINENA',-35.2750300,-63.2135440,1),(690,'SANTA CLARA DEL MAR',-37.8348340,-57.5079490,1),(691,'SANTA COLOMA',-34.0621540,-59.5585420,1),(692,'SANTA ELENA',-37.8649000,-57.5169020,1),(693,'SANTA ELEODORA',-34.6921180,-62.6957930,1),(694,'SANTA LUCIA',-33.8794560,-59.8753280,1),(695,'SANTA LUISA',-37.1289650,-60.4099300,1),(696,'SANTA MARIA',-37.5565860,-61.8726340,1),(697,'SANTA REGINA',-34.5483360,-63.1732730,1),(698,'SANTA ROSA',-34.9611840,-58.7308920,1),(699,'SANTA TERESA',-34.4366910,-58.7573470,1),(700,'SANTA TERESITA',-36.5409110,-56.7058670,1),(701,'SANTA TRINIDAD',-37.4891040,-61.9252760,1),(702,'SANTO DOMINGO',-36.7137600,-57.5860130,1),(703,'SANTO TOMAS',-35.6740920,-61.5066660,1),(704,'SANTOS LUGARES',-34.5991530,-58.5478840,1),(705,'SARANDI',-34.6843720,-58.3481010,1),(706,'SARASA',-34.0523350,-61.2019040,1),(707,'SEVIGNE',-36.2067280,-57.7413710,1),(708,'SIERRA CHICA',-36.8432380,-60.2234270,1),(709,'SIERRA DE LA VENTANA',-38.1366720,-61.7956860,1),(710,'SIERRA DE LOS PADRES',-37.9504850,-57.7774700,1),(711,'SIERRAS BAYAS',-36.9225240,-60.2157930,1),(712,'SMITH',-35.4946290,-61.5937810,1),(713,'SOLANET',-36.8444980,-58.5071420,1),(714,'SOLIS',-34.2989710,-59.3250550,1),(715,'STROEDER',-40.1854870,-62.6205160,1),(716,'SUIPACHA',-34.7712620,-59.6879180,1),(717,'SUNDBLAD',-35.7656420,-63.1386100,1),(718,'TAMANGUEYU',-38.2010110,-58.7373140,1),(719,'TANDIL',-37.3238850,-59.1310690,1),(720,'TAPALQUE',-36.3573670,-60.0247440,1),(721,'TAPIALES',-34.7108320,-58.4950080,1),(722,'TEDIN URIBURU',-37.3683690,-59.7630390,1),(723,'TEMPERLEY',-34.7674870,-58.3780460,1),(724,'TENIENTE ORIGONE',-39.0580590,-62.5697140,1),(725,'TIGRE',-34.4266930,-58.5779720,1),(726,'TIMOTE',-35.3477620,-62.2246530,1),(727,'TODD',-34.0328240,-60.1562270,1),(728,'TOLOSA',-34.9007700,-57.9821290,1),(729,'TOMAS JOFRE',-34.6989560,-59.3194430,1),(730,'TORNQUIST',-38.0989980,-62.2218090,1),(731,'TORRES',-34.4318220,-59.1287740,1),(732,'TORTUGUITAS',-34.4746660,-58.7513340,1),(733,'TORTUGUITAS',-34.4918480,-58.7863780,1),(734,'TORTUGUITAS',-34.4578060,-58.7620910,1),(735,'TRANSRADIO',-34.8790060,-58.0817340,1),(736,'TRENQUE LAUQUEN',-35.9746950,-62.7323100,1),(737,'TRES ALGARROBOS',-35.1979820,-62.7730810,1),(738,'TRES ARROYOS',-38.3771790,-60.2755590,1),(739,'TRES LOMAS',-36.4581090,-62.8621360,1),(740,'TRES PICOS',-38.2867750,-62.2073120,1),(741,'TRES SARGENTOS',-34.4664780,-60.0008700,1),(742,'TRISTAN SUAREZ',-34.8851530,-58.5700340,1),(743,'TRIUNVIRATO',-34.6758380,-61.4657090,1),(744,'TRONGE',-36.4603090,-62.4871230,1),(745,'TRUJUI',-34.5941440,-58.7557350,1),(746,'TURDERA',-34.7895610,-58.4041060,1),(747,'UDAQUIOLA',-36.5637510,-58.5333340,1),(748,'URDAMPILLETA',-36.4329290,-61.4191160,1),(749,'URIBELARREA',-35.1227360,-58.8904870,1),(750,'VALDES',-35.6488130,-60.4672590,1),(751,'VALENTIN ALSINA',-34.6720360,-58.4134850,1),(752,'VALERIA DEL MAR',-37.1445560,-56.8902920,1),(753,'VASQUEZ',-38.1766860,-60.1708490,1),(754,'VEDIA',-34.4973980,-61.5453450,1),(755,'VELLOSO',-36.1215310,-59.6527150,1),(756,'VERONICA',-35.3881550,-57.3371600,1),(757,'VICENTE CASARES',-34.9653530,-58.6504980,1),(758,'VICENTE LOPEZ',-34.5255370,-58.4736500,1),(759,'VICTORIA',-34.4619820,-58.5595970,1),(760,'VIEYTES',-35.2695680,-57.5757120,1),(761,'VILLA ADELINA',-34.5287600,-58.5460240,1),(762,'VILLA ADELINA',-34.5151200,-58.5457580,1),(763,'VILLA ALFREDO FORTABAT',-36.9802710,-60.2790830,1),(764,'VILLA ALSINA',-33.9096040,-59.3882020,1),(765,'VILLA ANGELICA',-33.6647040,-60.7084370,1),(766,'VILLA ARG?ELLO',-34.9053980,-57.9180820,1),(767,'VILLA ARRIETA',-36.9436610,-60.1578270,1),(768,'VILLA ASTOLFI',-34.4858980,-58.8768340,1),(769,'VILLA AYACUCHO',-34.5904130,-58.5530430,1),(770,'VILLA BALLESTER',-34.5422850,-58.5583180,1),(771,'VILLA BERNARDO MONTEAGUDO',-34.5905900,-58.5396610,1),(772,'VILLA BORDEAU',-38.6472610,-62.3200220,1),(773,'VILLA BOSCH EST. JUAN MARIA BOSCH)',-34.5822980,-58.5802930,1),(774,'VILLA BROWN',-34.8790420,-58.2898090,1),(775,'VILLA CACIQUE',-37.6704780,-59.4003530,1),(776,'VILLA CAMPI',-33.3599590,-60.3000890,1),(777,'VILLA CANTO',-33.3708480,-60.2954120,1),(778,'VILLA CASTELAR',-37.3905460,-62.8051330,1),(779,'VILLA CATELA',-34.8846000,-57.9511290,1),(780,'VILLA CENTENARIO',-34.7289930,-58.4283440,1),(781,'VILLA CHACABUCO',-34.5796740,-58.5230370,1),(782,'VILLA CORONEL JOSE M. ZAPIOLA',-34.5595170,-58.5772770,1),(783,'VILLA DE MAYO',-34.5061510,-58.6793060,1),(784,'VILLA DEL MAR',-38.8532240,-62.1164750,1),(785,'VILLA DOLORES',-34.8802090,-57.8663040,1),(786,'VILLA DOMINICO',-34.6986320,-58.3363600,1),(787,'VILLA EDUARDO MADERO',-34.6981160,-58.4877580,1),(788,'VILLA ELISA',-34.8776210,-58.0907140,1),(789,'VILLA ELVIRA',-34.9406440,-57.9214980,1),(790,'VILLA ESPA?A',-34.7760630,-58.2002530,1),(791,'VILLA ESPERANZA',-33.4223260,-60.2605870,1),(792,'VILLA ESPIL',-34.5066810,-59.3372660,1),(793,'VILLA ESPORA',-38.7765070,-62.1851830,1),(794,'VILLA FIORITO',-34.7067100,-58.4451300,1),(795,'VILLA FLANDRIA NORTE PUEBLO NUEVO)',-34.5707150,-59.1826100,1),(796,'VILLA FLANDRIA SUR EST. JAUREGUI)',-34.5993970,-59.1757640,1),(797,'VILLA FRANCIA',-34.7913160,-62.2011090,1),(798,'VILLA GARIBALDI',-34.9986520,-57.8404970,1),(799,'VILLA GENERAL ANTONIO J. DE SUCRE',-34.5470510,-58.5694390,1),(800,'VILLA GENERAL ARIAS',-38.8069000,-62.0949850,1),(801,'VILLA GENERAL EUGENIO NECOCHEA',-34.5125330,-58.5801480,1),(802,'VILLA GENERAL FOURNIER',-35.4989240,-60.8647210,1),(803,'VILLA GENERAL JOSE TOMAS GUIDO',-34.5531160,-58.5669980,1),(804,'VILLA GENERAL JUAN G. LAS HERAS',-34.5612570,-58.5553940,1),(805,'VILLA GENERAL SAVIO',-33.4352670,-60.1451320,1),(806,'VILLA GESELL',-37.2464700,-56.9707270,1),(807,'VILLA GOBERNADOR UDAONDO',-34.6168700,-58.6932880,1),(808,'VILLA GODOY CRUZ',-34.5433990,-58.5755930,1),(809,'VILLA GRANADEROS DE SAN MARTIN',-34.5507650,-58.5284850,1),(810,'VILLA GREGORIA MATORRAS',-34.5383850,-58.5491720,1),(811,'VILLA GRISOLIA',-35.1096180,-60.0705510,1),(812,'VILLA INDEPENDENCIA',-34.8829520,-57.8614890,1),(813,'VILLA IRIS',-38.1693100,-63.2320510,1),(814,'VILLA JOSE LEON SUAREZ',-34.5253710,-58.5802550,1),(815,'VILLA JUAN MARTIN DE PUEYRREDON',-34.5474840,-58.5750970,1),(816,'VILLA LA ARCADIA',-38.1345030,-61.7885550,1),(817,'VILLA LA FLORIDA',-34.7688840,-58.2957090,1),(818,'VILLA LA SERRANIA',-36.9903630,-60.3108080,1),(819,'VILLA LAGUNA LA BRAVA',-37.8596290,-57.9806010,1),(820,'VILLA LIA',-34.1237740,-59.4313730,1),(821,'VILLA LIBERTAD',-34.5846960,-58.5623330,1),(822,'VILLA LUZURIAGA',-34.6730870,-58.5938790,1),(823,'VILLA LYNCH',-34.5901460,-58.5234380,1),(824,'VILLA LYNCH PUEYRREDON',-36.6025790,-61.3618630,1),(825,'VILLA MAIPU',-34.5682130,-58.5245450,1),(826,'VILLA MANUEL POMAR',-33.9159510,-60.9379380,1),(827,'VILLA MARGARITA',-37.4600990,-63.2405660,1),(828,'VILLA MARIA',-34.8881260,-60.3469390,1),(829,'VILLA MARIA IRENE DE LOS REMEDIOS DE ESCALADA',-34.5646400,-58.5922550,1),(830,'VILLA MARQUES ALEJANDRO MARIA DE AGUADO',-34.5551360,-58.5383770,1),(831,'VILLA MARTELLI',-34.5525980,-58.5091430,1),(832,'VILLA MOLL',-35.0782490,-59.6519460,1),(833,'VILLA MONTORO',-34.9634490,-57.9025000,1),(834,'VILLA NUEVA',-34.8957080,-57.9108820,1),(835,'VILLA ORTIZ',-34.8435330,-60.3048500,1),(836,'VILLA PARQUE CECIR',-34.1707180,-60.7438340,1),(837,'VILLA PARQUE GIRADO',-35.6282700,-58.0145520,1),(838,'VILLA PARQUE PRESIDENTE FIGUEROA ALCORTA',-34.5939490,-58.5321740,1),(839,'VILLA PARQUE SAN LORENZO',-34.5618730,-58.5336620,1),(840,'VILLA PARQUE SICARDI',-34.9830290,-57.8674650,1),(841,'VILLA PORTE?A',-34.8910430,-57.8963770,1),(842,'VILLA PROGRESO',-34.9308770,-57.8468800,1),(843,'VILLA RAFFO',-34.6083090,-58.5319720,1),(844,'VILLA RAMALLO',-33.5022930,-60.0650140,1),(845,'VILLA RICCIO',-33.3630500,-60.2953990,1),(846,'VILLA RODRIGUEZ',-38.3125820,-60.2325000,1),(847,'VILLA ROSA',-34.4077330,-58.8539350,1),(848,'VILLA ROTH',-34.5798300,-62.1710490,1),(849,'VILLA RUIZ',-34.4352020,-59.2603960,1),(850,'VILLA SABOYA',-34.4607920,-62.6493440,1),(851,'VILLA SAN ANDRES',-34.5659930,-58.5448070,1),(852,'VILLA SAN CARLOS',-34.8838130,-57.8770160,1),(853,'VILLA SAN JOSE',-34.0906700,-60.4162720,1),(854,'VILLA SAN LUIS',-34.8627930,-58.2553230,1),(855,'VILLA SANTA ROSA',-34.8380280,-58.2888900,1),(856,'VILLA SANTOS TESEI',-34.6123940,-58.6538100,1),(857,'VILLA SARMIENTO',-34.6346600,-58.5715760,1),(858,'VILLA SAUZE',-35.2858300,-63.3682060,1),(859,'VILLA SERRANA LA GRUTA',-38.0568270,-62.0782620,1),(860,'VILLA VATTEONE',-34.8303190,-58.2635240,1),(861,'VILLA VENTANA',-38.0795770,-61.9311380,1),(862,'VILLA YAPEYU',-34.5716950,-58.5491070,1),(863,'VILLA ZULA',-34.9221650,-57.8009660,1),(864,'VILLALONGA',-39.9151390,-62.6188700,1),(865,'VILLANUEVA',-35.6776270,-58.4350920,1),(866,'VILLARS',-34.8300240,-58.9422590,1),(867,'VI?A',-33.9922770,-60.2263210,1),(868,'VIRREY DEL PINO',-34.8475210,-58.6860680,1),(869,'VIRREYES',-34.4636240,-58.5761940,1),(870,'VIVORATA',-37.6627990,-57.6670970,1),(871,'WARNES',-34.9098730,-60.5381680,1),(872,'WILDE',-34.7061590,-58.3218350,1),(873,'WILLIAM C. MORRIS',-34.5815620,-58.6583010,1),(874,'YUTUYACO',-36.9884310,-63.1338090,1),(875,'ZARATE',-34.1115310,-59.0483430,1),(876,'ZAVALIA',-34.8949210,-61.0044540,1),(877,'ZELAYA',-34.3657180,-58.8936960,1),(878,'ZENON VIDELA DORNA',-35.5447730,-58.8855910,1),(879,'SE DESCONOCE',0.0000000,0.0000000,2),(880,'AGRONOMIA',-34.5929440,-58.4886710,2),(881,'ALMAGRO',-34.6092280,-58.4217450,2),(882,'BALVANERA',-34.6091000,-58.4030630,2),(883,'BARRACAS',-34.6464140,-58.3842710,2),(884,'BELGRANO',-34.5548820,-58.4502890,2),(885,'BOCA',-34.6310700,-58.3568300,2),(886,'BOEDO',-34.6299600,-58.4188400,2),(887,'CABALLITO',-34.6168250,-58.4436030,2),(888,'CHACARITA',-34.5883730,-58.4541750,2),(889,'CIUDAD DE BUENOS AIRES',-34.6132920,-58.3887520,2),(890,'COGHLAN',-34.5606250,-58.4749450,2),(891,'COLEGIALES',-34.5746430,-58.4509680,2),(892,'CONSTITUCION',-34.6250480,-58.3843870,2),(893,'FLORES',-34.6368070,-58.4582700,2),(894,'FLORESTA',-34.6276860,-58.4835870,2),(895,'LINIERS',-34.6437960,-58.5191300,2),(896,'MATADEROS',-34.6583680,-58.5017320,2),(897,'MONSERRAT',-34.6126880,-58.3796520,2),(898,'MONTE CASTRO',-34.6192970,-58.5065800,2),(899,'NUEVA POMPEYA',-34.6505500,-58.4188550,2),(900,'NU?EZ',-34.5437380,-58.4628580,2),(901,'PALERMO',-34.5739000,-58.4224360,2),(902,'PARQUE AVELLANEDA',-34.6486410,-58.4764560,2),(903,'PARQUE CHACABUCO',-34.6359390,-58.4376960,2),(904,'PARQUE CHAS',-34.5855220,-58.4791230,2),(905,'PARQUE PATRICIOS',-34.6375500,-58.4016760,2),(906,'PATERNAL',-34.5974220,-58.4686650,2),(907,'PUERTO MADERO',-34.6092160,-58.3563810,2),(908,'RECOLETA',-34.5858760,-58.3949960,2),(909,'RETIRO',-34.5884240,-58.3759360,2),(910,'SAAVEDRA',-34.5530630,-58.4887270,2),(911,'SAN CRISTOBAL',-34.6238640,-58.4018860,2),(912,'SAN NICOLAS',-34.6036680,-58.3805140,2),(913,'SAN TELMO',-34.6215200,-58.3715450,2),(914,'VELEZ SARSFIELD',-34.6313610,-58.4932770,2),(915,'VERSALLES',-34.6301230,-58.5224020,2),(916,'VILLA CRESPO',-34.5988340,-58.4427220,2),(917,'VILLA DEL PARQUE',-34.6042460,-58.4906760,2),(918,'VILLA DEVOTO',-34.6023800,-58.5142440,2),(919,'VILLA GENERAL MITRE',-34.6100290,-58.4689430,2),(920,'VILLA LUGANO',-34.6749940,-58.4761630,2),(921,'VILLA LURO',-34.6364130,-58.5027290,2),(922,'VILLA ORTUZAR',-34.5809740,-58.4676520,2),(923,'VILLA PUEYRREDON',-34.5821100,-58.5034850,2),(924,'VILLA REAL',-34.6194830,-58.5259860,2),(925,'VILLA RIACHUELO',-34.6918960,-58.4632520,2),(926,'VILLA SANTA RITA',-34.6161940,-58.4829570,2),(927,'VILLA SOLDATI',-34.6654690,-58.4465230,2),(928,'VILLA URQUIZA',-34.5715410,-58.4878560,2),(929,'SE DESCONOCE',0.0000000,0.0000000,3),(930,'ACONQUIJA',-27.4743800,-66.0266880,3),(931,'ADOLFO E. CARRANZA',-29.0269780,-65.9719320,3),(932,'ALIJILAN',-28.1771810,-65.4915920,3),(933,'ALTO DE LAS JUNTAS',-27.4511960,-66.0199690,3),(934,'AMADORES',-28.2680360,-65.6462110,3),(935,'AMANAO',-27.5275900,-66.5156760,3),(936,'ANCASTI',-28.8098300,-65.5021020,3),(937,'ANDALGALA',-27.5732230,-66.3235470,3),(938,'ANDALHUALA',-26.8479430,-66.0244070,3),(939,'ANILLACO',-27.9001530,-67.6142840,3),(940,'ANQUINCILA',-28.7545940,-65.5495100,3),(941,'ANTINACO',-27.2314460,-67.6080550,3),(942,'ANTOFAGASTA DE LA SIERRA',-26.0632960,-67.4116710,3),(943,'ANTOFALLA',-25.4453260,-67.6583950,3),(944,'APOYACO',-28.3006340,-66.1659790,3),(945,'BALDE DE LA PUNTA',-29.5589480,-65.5807240,3),(946,'BANDA DE LUCERO',-28.0687850,-67.5077020,3),(947,'BA?ADO DE OVANTA',-28.1034000,-65.3076850,3),(948,'BARRANCA LARGA',-26.9366730,-66.7473740,3),(949,'BELEN',-27.6337580,-67.0181220,3),(950,'BUENA VISTA',-27.3391920,-66.0241890,3),(951,'CAPAYAN',-28.7807110,-66.0386460,3),(952,'CASA DE PIEDRA',-26.8274550,-66.0506270,3),(953,'CASA DE PIEDRA',-29.6492890,-65.5171150,3),(954,'CASPICHANGO',-26.6859290,-65.9707950,3),(955,'CERRO NEGRO',-28.2432410,-67.1442730,3),(956,'CHA?AR PUNCO',-26.7588340,-66.0493070,3),(957,'CHAQUIAGO',-27.5368960,-66.3350570,3),(958,'CHOYA',-27.5210750,-66.4034740,3),(959,'CHUCHUCARUANA',-27.9072840,-65.8265240,3),(960,'CHUMBICHA',-28.8475650,-66.2413570,3),(961,'COLANA',-28.3432880,-66.1222560,3),(962,'COLLAGASTA',-28.3616780,-65.7282690,3),(963,'COLONIA DEL VALLE',-28.6659570,-65.8752050,3),(964,'COLONIA NUEVA CONETA',-28.5859220,-65.8384330,3),(965,'COLPES',-28.0606500,-66.2065040,3),(966,'COLPES',-28.0564720,-65.8260840,3),(967,'CONCEPCION',-28.7027880,-66.0684400,3),(968,'CONDOR HUASI',-27.4800250,-67.1034370,3),(969,'CONETA',-28.5824940,-65.8832900,3),(970,'COPACABANA',-28.1243910,-67.4981010,3),(971,'CORDOBITA',-28.2979800,-67.1670900,3),(972,'CORRAL QUEMADO',-27.1458270,-66.9418770,3),(973,'COSTA DE REYES',-28.2949600,-67.7029020,3),(974,'EL ALAMITO',-27.3335380,-66.0229850,3),(975,'EL ALTO',-28.3027480,-65.3693770,3),(976,'EL AYBAL',-29.1066140,-65.3396950,3),(977,'EL BA?ADO',-28.6492910,-65.8184080,3),(978,'EL BA?ADO',-28.4594350,-65.7113720,3),(979,'EL BA?ADO',-29.1832350,-65.4161460,3),(980,'EL BOLSON',-27.9038740,-65.8884830,3),(981,'EL CAJON',-26.3955480,-66.2641930,3),(982,'EL CERRITO',-26.6988600,-66.0387330,3),(983,'EL DESMONTE',-26.9077170,-66.0204230,3),(984,'EL DIVISADERO',-29.1937180,-65.4233400,3),(985,'EL DURAZNO',-27.2352160,-67.0644300,3),(986,'EL HUECO',-28.4127880,-65.7175370,3),(987,'EL LINDERO',-27.4743800,-66.0266880,3),(988,'EL PAJONAL',-28.3773150,-66.3017090,3),(989,'EL PANTANILLO',-28.5416890,-65.8026630,3),(990,'EL PE?ON',-26.4377800,-67.2590950,3),(991,'EL PORTEZUELO',-28.4818680,-65.6351330,3),(992,'EL POTRERO',-27.5162320,-66.3434280,3),(993,'EL PUEBLITO',-28.2888180,-67.1234520,3),(994,'EL PUESTO',-26.6307680,-66.0140420,3),(995,'EL PUESTO',-27.9267620,-67.6304000,3),(996,'EL QUIMILO',-29.9534210,-65.3926410,3),(997,'EL RODEO',-28.2141520,-65.8738600,3),(998,'EL ROSARIO',-27.9877540,-65.6886070,3),(999,'EL SALADO',-28.3120210,-67.2508790,3),(1000,'ESQUIU',-29.3790660,-65.2898290,3),(1001,'FAMATANCA',-26.8101200,-66.0595220,3),(1002,'FARALLON NEGRO',-27.2979910,-66.6526540,3),(1003,'FIAMBALA',-27.6931620,-67.6085750,3),(1004,'FUERTE QUEMADO',-26.6304340,-66.0644370,3),(1005,'GUAYAMBA',-28.3441270,-65.4127480,3),(1006,'HUALFIN',-27.2251090,-66.8257490,3),(1007,'HUAYCAMA',-28.0988460,-65.8147460,3),(1008,'HUAYCAMA',-28.5334480,-65.6821280,3),(1009,'HUILLAPIMA',-28.7326530,-65.9692670,3),(1010,'ICA?O',-28.9308890,-65.2902160,3),(1011,'INFANZON',-28.5973240,-65.4116600,3),(1012,'JACIPUNCO',-27.2232500,-67.0189560,3),(1013,'JOYANGO',-28.0731020,-66.1435570,3),(1014,'LA AGUADA',-27.5340890,-66.3117750,3),(1015,'LA BAJADA',-28.3920520,-65.6282650,3),(1016,'LA CANDELARIA',-28.7207620,-65.4106920,3),(1017,'LA CARRERA',-28.3495580,-65.7091200,3),(1018,'LA DORADA',-29.2804390,-65.4766320,3),(1019,'LA FALDA DE SAN ANTONIO',-28.4198490,-65.6988380,3),(1020,'LA GUARDIA',-29.5496730,-65.4504860,3),(1021,'LA HIGUERA',-27.9352830,-65.6993670,3),(1022,'LA HOYADA',-26.5189080,-66.3686110,3),(1023,'LA LOMA',-26.7574990,-66.0331060,3),(1024,'LA MAJADA',-29.0295110,-65.5499570,3),(1025,'LA MERCED',-28.1537650,-65.6696060,3),(1026,'LA MESADA',-27.4511960,-66.0199690,3),(1027,'LA PUERTA',-28.1764380,-65.7863040,3),(1028,'LA PUNTILLA',-28.1243910,-67.4981010,3),(1029,'LA PUNTILLA',-27.6688000,-66.9831850,3),(1030,'LA PUNTILLA',-26.8274550,-66.0506270,3),(1031,'LA RAMADITA',-27.6442430,-67.6139460,3),(1032,'LA TERCENA',-28.3734470,-65.7081290,3),(1033,'LA VI?A',-28.0444460,-65.6079380,3),(1034,'LAMPACITO',-26.7265980,-66.0436980,3),(1035,'LAS CA?AS',-28.2098700,-65.2230170,3),(1036,'LAS CHACRITAS',-27.6464170,-65.9533450,3),(1037,'LAS ESQUINAS',-28.7644630,-65.1120210,3),(1038,'LAS JUNTAS',-28.1038840,-65.8996510,3),(1039,'LAS JUNTAS',-27.5255270,-67.1230330,3),(1040,'LAS LAJAS',-27.8269130,-65.7401080,3),(1041,'LAS MOJARRAS',-26.6988600,-66.0387330,3),(1042,'LAS PALMITAS',-28.6402400,-64.9870720,3),(1043,'LAS TEJAS',-28.6468890,-65.7889940,3),(1044,'LAVALLE',-28.1946340,-65.1137810,3),(1045,'LONDRES',-27.7091440,-67.1521290,3),(1046,'LORO HUASI',-26.7361380,-66.0217850,3),(1047,'LOS ALTOS',-28.0488590,-65.4973640,3),(1048,'LOS ANGELES NORTE',-28.4130520,-65.9974960,3),(1049,'LOS ANGELES SUR',-28.5096260,-66.0134500,3),(1050,'LOS BALVERDIS',-28.2769850,-67.1074440,3),(1051,'LOS CASTILLOS',-27.9582300,-65.8206860,3),(1052,'LOS CORRALES',-28.5108290,-65.3308770,3),(1053,'LOS NACIMIENTOS',-27.1276310,-66.7125340,3),(1054,'LOS NACIMIENTOS',-25.7592670,-67.3912670,3),(1055,'LOS TALAS',-27.9499980,-65.8758300,3),(1056,'LOS VARELA',-27.9279940,-65.8822300,3),(1057,'MANANTIALES',-28.1469660,-65.5073240,3),(1058,'MEDANITOS',-27.5239130,-67.5891480,3),(1059,'MEDANITOS',-26.7588340,-66.0493070,3),(1060,'MIRAFLORES',-28.6115640,-65.9045510,3),(1061,'MONTE POTRERO',-28.1912460,-65.6706750,3),(1062,'MUTQUIN',-28.3178460,-66.1420640,3),(1063,'PALO BLANCO',-27.3395850,-67.7592300,3),(1064,'PALO LABRADO',-28.3360930,-65.6274300,3),(1065,'PALO SECO',-26.8274550,-66.0506270,3),(1066,'PAMPA BLANCA',-27.6354340,-67.6168390,3),(1067,'POLCOS',-28.4333820,-65.7202970,3),(1068,'POMAN',-28.3927800,-66.2220820,3),(1069,'POMANCILLO ESTE',-28.3087170,-65.7222100,3),(1070,'POMANCILLO OESTE',-28.3178430,-65.7423450,3),(1071,'POZO DEL MISTOL',-28.4689790,-65.7195050,3),(1072,'PUERTA DE CORRAL QUEMADO',-27.2142920,-66.9263180,3),(1073,'PUERTA DE SAN JOSE',-27.5397410,-67.0153310,3),(1074,'PUNTA DE BALASTO',-26.9300940,-66.1487290,3),(1075,'PUNTA DEL AGUA',-27.2106670,-67.7317930,3),(1076,'QUIROS',-28.7883060,-65.1007300,3),(1077,'RAMBLONES',-29.1582840,-65.3749450,3),(1078,'RECREO',-29.2768610,-65.0565640,3),(1079,'RINCON',-28.2022630,-66.1487990,3),(1080,'SAN ANTONIO',-28.0073080,-65.7268500,3),(1081,'SAN ANTONIO',-28.9331050,-65.0949660,3),(1082,'SAN ANTONIO',-28.4237770,-65.7062130,3),(1083,'SAN FERNANDO DEL VALLE DE CATAMARCA',-28.4846580,-65.7867890,3),(1084,'SAN ISIDRO',-28.4583110,-65.7267580,3),(1085,'SAN JOSE',-28.3887320,-65.7062700,3),(1086,'SAN JOSE BANDA',-26.8101200,-66.0595220,3),(1087,'SAN JOSE NORTE',-26.7745990,-66.0362580,3),(1088,'SAN JOSE VILLA',-26.7919330,-66.0378780,3),(1089,'SAN MARTIN',-29.2514240,-65.7966970,3),(1090,'SAN MIGUEL',-28.1297410,-66.2019570,3),(1091,'SAN PABLO',-28.7185210,-66.0406030,3),(1092,'SAN PEDRO',-27.9608490,-65.1680080,3),(1093,'SAN PEDRO',-28.7717180,-66.1240600,3),(1094,'SANTA CRUZ',-28.4928950,-65.6744470,3),(1095,'SANTA MARIA',-26.6891170,-66.0188840,3),(1096,'SANTA ROSA',-28.4478020,-65.7055330,3),(1097,'SAUJIL',-27.5632130,-67.6355130,3),(1098,'SAUJIL',-28.1733370,-66.2145150,3),(1099,'SIJAN',-28.2623560,-66.2209300,3),(1100,'SINGUIL',-27.8142170,-65.8670660,3),(1101,'SUMALAO',-28.4746460,-65.7433480,3),(1102,'TAPSO',-28.4159040,-65.1086410,3),(1103,'TATON',-27.3270120,-67.4747700,3),(1104,'TINOGASTA',-28.0637510,-67.5802700,3),(1105,'VILISMAN',-28.5021130,-65.4385490,3),(1106,'VILLA DE BALCOZNA',-27.8783580,-65.7190760,3),(1107,'VILLA DOLORES',-28.4434740,-65.7215360,3),(1108,'VILLA LAS PIRQUITAS',-28.2754670,-65.7334310,3),(1109,'VILLA VIL',-27.0710810,-66.8307700,3),(1110,'SE DESCONOCE',0.0000000,0.0000000,4),(1111,'YAPES',-26.8289860,-66.0179170,4),(1112,'AVIA TERAI',-26.6904270,-60.7309490,4),(1113,'BARRANQUERAS',-27.4877740,-58.9327420,4),(1114,'BARRIO DE LOS PESCADORES',-27.4480430,-58.8551010,4),(1115,'BASAIL',-27.8868660,-59.2791000,4),(1116,'CAMPO LARGO',-26.8038640,-60.8423030,4),(1117,'CAPITAN SOLARI',-26.8050730,-59.5596520,4),(1118,'CHARADAI',-27.6553300,-59.8624460,4),(1119,'CHARATA',-27.2200460,-61.1915850,4),(1120,'CHOROTIS',-27.9175850,-61.3995690,4),(1121,'CIERVO PETISO',-26.5815850,-59.6329800,4),(1122,'COLONIA ABORIGEN',-26.9583440,-60.1902370,4),(1123,'COLONIA BARANDA',-27.5620450,-59.3096910,4),(1124,'COLONIA BENITEZ',-27.3305880,-58.9450100,4),(1125,'COLONIA ELISA',-26.9324550,-59.5204850,4),(1126,'COLONIA POPULAR',-27.2759310,-59.1523780,4),(1127,'COLONIAS UNIDAS',-26.7000970,-59.6277420,4),(1128,'CONCEPCION DEL BERMEJO',-26.6022740,-60.9492640,4),(1129,'CORONEL DU GRATY',-27.6825710,-60.9091960,4),(1130,'CORZUELA',-26.9556760,-60.9707570,4),(1131,'COTE LAI',-27.5303120,-59.5765170,4),(1132,'EL ESPINILLO',-25.4176700,-60.4139680,4),(1133,'EL SAUZAL',-24.5791490,-61.5461700,4),(1134,'EL SAUZALITO',-24.4345500,-61.6813720,4),(1135,'ENRIQUE URIEN',-27.5587250,-60.5259910,4),(1136,'ESTACION GENERAL OBLIGADO',-27.4128680,-59.4201580,4),(1137,'FONTANA',-27.4167130,-59.0439380,4),(1138,'FORTIN LAS CHU?AS',-26.8891040,-60.9081520,4),(1139,'FORTIN LAVALLE',-25.7056310,-60.2037480,4),(1140,'FUERTE ESPERANZA',-25.1560600,-61.8424100,4),(1141,'GANCEDO',-27.4896490,-61.6738770,4),(1142,'GENERAL CAPDEVILA',-27.4231810,-61.4765850,4),(1143,'GENERAL JOSE DE SAN MARTIN',-26.5340730,-59.3347110,4),(1144,'GENERAL PINEDO',-27.3252980,-61.2822100,4),(1145,'GENERAL VEDIA',-26.9349380,-58.6612850,4),(1146,'HAUMONIA',-27.5077850,-60.1635280,4),(1147,'HERMOSO CAMPO',-27.6105390,-61.3448440,4),(1148,'HORQUILLA',-27.5427590,-59.9578540,4),(1149,'INGENIERO BARBET',-27.0032120,-59.4825140,4),(1150,'ISLA DEL CERRITO',-27.2927850,-58.6178380,4),(1151,'ITIN',-27.4876220,-61.3238820,4),(1152,'JUAN JOSE CASTELLI',-25.9504150,-60.6243210,4),(1153,'LA CLOTILDE',-27.1781990,-60.6315740,4),(1154,'LA EDUVIGIS',-26.8374120,-59.0641180,4),(1155,'LA ESCONDIDA',-27.1073250,-59.4475330,4),(1156,'LA LEONESA',-27.0379600,-58.7069380,4),(1157,'LA SABANA',-27.8738010,-59.9395700,4),(1158,'LA TIGRA',-27.1157900,-60.5898940,4),(1159,'LA VERDE',-27.1297930,-59.3774620,4),(1160,'LAGUNA BLANCA',-27.2572200,-59.2340490,4),(1161,'LAGUNA LIMPIA',-26.4967010,-59.6799370,4),(1162,'LAPACHITO',-27.1587900,-59.3903980,4),(1163,'LAS BRE?AS',-27.0885170,-61.0836990,4),(1164,'LAS GARCITAS',-26.6193460,-59.8042760,4),(1165,'LAS PALMAS',-27.0478980,-58.6795740,4),(1166,'LOS FRENTONES',-26.4082980,-61.4134270,4),(1167,'MACHAGAI',-26.9287340,-60.0477200,4),(1168,'MAKALLE',-27.2116190,-59.2883660,4),(1169,'MARGARITA BELEN',-27.2616470,-58.9741470,4),(1170,'MESON DE FIERRO',-27.4312290,-61.0177580,4),(1171,'MIRAFLORES',-25.6489330,-60.9300400,4),(1172,'NAPALPI',-26.9032620,-60.1173840,4),(1173,'NAPENAY',-26.7314690,-60.6190290,4),(1174,'NUEVA POMPEYA',-24.9334420,-61.4847000,4),(1175,'PAMPA ALMIRON',-26.7022480,-59.1237850,4),(1176,'PAMPA DEL INDIO',-26.0507150,-59.9412240,4),(1177,'PAMPA DEL INFIERNO',-26.5063970,-61.1764900,4),(1178,'PAMPA LANDRIEL',-27.3957450,-61.1029790,4),(1179,'PRESIDENCIA DE LA PLAZA',-27.0029710,-59.8476000,4),(1180,'PRESIDENCIA ROCA',-26.1402010,-59.5968450,4),(1181,'PRESIDENCIA ROQUE SAENZ PENA',-26.7916060,-60.4421460,4),(1182,'PUERTO BERMEJO NUEVO',-26.9073750,-58.5428320,4),(1183,'PUERTO BERMEJO VIEJO',-26.9285480,-58.5063040,4),(1184,'PUERTO EVA PERON',-26.6614800,-58.6355820,4),(1185,'PUERTO TIROL',-27.3745130,-59.0953160,4),(1186,'PUERTO VILELAS',-27.5106090,-58.9389940,4),(1187,'QUITILIPI',-26.8732070,-60.2185240,4),(1188,'RESISTENCIA',-27.4521190,-58.9876170,4),(1189,'RIO MUERTO',-26.3078820,-61.6540440,4),(1190,'SAMUHU',-27.5222250,-60.3941750,4),(1191,'SAN BERNARDO',-27.2904380,-60.7149740,4),(1192,'SANTA SYLVINA',-27.8356010,-61.1361740,4),(1193,'SELVAS DEL RIO DE ORO',-26.8044760,-58.9585450,4),(1194,'TACO POZO',-25.6156600,-63.2692960,4),(1195,'TRES ISLETAS',-26.3378350,-60.4299350,4),(1196,'VENADOS GRANDES',-27.8181540,-61.3815660,4),(1197,'VILLA ANGELA',-27.5788590,-60.7141120,4),(1198,'VILLA BERTHET',-27.2895490,-60.4155960,4),(1199,'VILLA EL PALMAR',-26.4551190,-60.1646170,4),(1200,'VILLA RIO BERMEJITO',-25.6424410,-60.2629440,4),(1201,'WICHI',-24.6913980,-61.4304450,4),(1202,'ZAPARINQUI',-26.0673620,-60.5633870,4),(1203,'SE DESCONOCE',0.0000000,0.0000000,5),(1204,'ACCESO NORTE',-45.7828070,-67.5033370,5),(1205,'ALDEA APELEG',-44.7052520,-70.8460010,5),(1206,'ALDEA BELEIRO',-45.5614640,-71.5181730,5),(1207,'ALDEA EPULEF',-43.2341170,-69.7112940,5),(1208,'ALDEA ESCOLAR',-43.1198190,-71.5588970,5),(1209,'ALTO RIO SENGUER',-45.0476420,-70.8227550,5),(1210,'ARROYO VERDE',-42.0119890,-65.3064500,5),(1211,'ASTRA',-45.7366080,-67.4852150,5),(1212,'BAHIA BUSTAMANTE',-45.1143550,-66.5349170,5),(1213,'BARRIO 25 DE MAYO',-45.8248450,-67.4616500,5),(1214,'BARRIO CALETA CORDOVA',-45.7482510,-67.3786500,5),(1215,'BARRIO CALETA OLIVARES',-45.7757270,-67.3895610,5),(1216,'BARRIO CASTELLI',-45.8180470,-67.4820280,5),(1217,'BARRIO CIUDADELA',-45.7969340,-67.5038540,5),(1218,'BARRIO GASODUCTO',-45.7935760,-67.5039630,5),(1219,'BARRIO G?EMES',-45.8217120,-67.4921200,5),(1220,'BARRIO LAPRIDA',-45.8286810,-67.5429180,5),(1221,'BARRIO MANANTIAL ROSALES',-45.8171960,-67.5384040,5),(1222,'BARRIO MILITAR - AEROPUERTO MILITAR',-45.7880200,-67.4666860,5),(1223,'BARRIO PROSPERO PALAZZO',-45.7954210,-67.4728320,5),(1224,'BARRIO RESTINGA ALI',-45.7933100,-67.4097860,5),(1225,'BARRIO RODRIGUEZ PE?A',-45.8042080,-67.4855020,5),(1226,'BARRIO SAAVEDRA',-45.8455310,-67.5145850,5),(1227,'BARRIO SARMIENTO',-45.8191330,-67.5025870,5),(1228,'BARRIO VILLA S.U.P.E.',-45.8367380,-67.5021110,5),(1229,'BLANCUNTRE',-42.5683890,-68.9190920,5),(1230,'BUEN PASTO',-45.0804230,-69.4497780,5),(1231,'BUENOS AIRES CHICO',-42.0687960,-71.2158340,5),(1232,'CAMARONES',-44.7982910,-65.7105990,5),(1233,'CARRENLEUFU',-43.5856890,-71.7009020,5),(1234,'CERRO CONDOR',-43.4233200,-69.1640920,5),(1235,'CHOLILA',-42.5105310,-71.4351550,5),(1236,'COLAN CONHUE',-43.2425980,-69.9302180,5),(1237,'COMODORO RIVADAVIA',-45.8729850,-67.5430560,5),(1238,'CORCOVADO',-43.5380020,-71.4659620,5),(1239,'COSTA DE CHUBUT',-42.6016260,-70.4575740,5),(1240,'CUSHAMEN CENTRO',-42.1766610,-70.6626190,5),(1241,'DIADEMA ARGENTINA',-45.7906090,-67.6738930,5),(1242,'DIQUE FLORENTINO AMEGHINO',-43.7032850,-66.4794000,5),(1243,'DOCTOR RICARDO ROJAS',-45.5870080,-71.0290970,5),(1244,'DOLAVON',-43.3092980,-65.7087390,5),(1245,'EL ESCORIAL',-43.0980700,-68.5596030,5),(1246,'EL HOYO',-42.0679670,-71.5206710,5),(1247,'EL MAITEN',-42.0542850,-71.1673150,5),(1248,'EL MIRASOL',-43.2852930,-67.7603110,5),(1249,'EPUYEN',-42.2329250,-71.3695070,5),(1250,'ESQUEL',-42.9133240,-71.3185120,5),(1251,'FACUNDO',-45.3192710,-69.9721130,5),(1252,'FOFO CAHUEL',-42.3910620,-70.5780780,5),(1253,'FRONTERA DE RIO PICO',-44.1988560,-71.6666680,5),(1254,'GAIMAN',-43.2888070,-65.4924140,5),(1255,'GAN GAN',-42.5232330,-68.2828540,5),(1256,'GARAYALDE',-44.6795780,-66.6097360,5),(1257,'GASTRE',-42.2656200,-69.2210980,5),(1258,'GOBERNADOR COSTA',-44.0529830,-70.5979200,5),(1259,'GUALJAINA',-42.7267580,-70.5354880,5),(1260,'JOSE DE SAN MARTIN',-44.0545030,-70.4698420,5),(1261,'KM. 11 - CUARTELES',-45.7707680,-67.4358050,5),(1262,'KM. 3 - GENERAL MOSCONI',-45.8318280,-67.4917100,5),(1263,'KM. 5 - PRESIDENTE ORTIZ',-45.7875520,-67.4695740,5),(1264,'KM. 8 - DON BOSCO',-45.7988980,-67.4314970,5),(1265,'LAGO BLANCO',-45.9468590,-71.2641110,5),(1266,'LAGO EPUYEN',-42.2135360,-71.4296630,5),(1267,'LAGO PUELO',-42.0672920,-71.5981580,5),(1268,'LAGO ROSARIO',-43.2500170,-71.3512320,5),(1269,'LAGUNITA SALADA',-42.7167790,-69.1884720,5),(1270,'LAS PLUMAS',-43.7223980,-67.2869960,5),(1271,'LELEQUE',-42.4288630,-71.0683950,5),(1272,'LOS ALTARES',-43.8711930,-68.4301170,5),(1273,'LOS CIPRESES',-43.1847150,-71.6413920,5),(1274,'PASO DE INDIOS',-43.8663050,-69.0448870,5),(1275,'PASO DEL SAPO',-42.7371110,-69.6110020,5),(1276,'PLAYA MAGAGNA',-43.3821210,-65.0449330,5),(1277,'PLAYA UNION',-43.3219410,-65.0475990,5),(1278,'PUERTO MADRYN',-42.7551000,-65.0422300,5),(1279,'PUERTO PIRAMIDE',-42.5736170,-64.2836890,5),(1280,'QUINTA EL MIRADOR',-42.8115900,-65.0514180,5),(1281,'RADA TILLY',-45.9368020,-67.5653960,5),(1282,'RAWSON',-43.3010520,-65.0955200,5),(1283,'RESERVA AREA PROTEGIDA EL DORADILLO',-42.6456160,-65.0647230,5),(1284,'RIO MAYO',-45.6964540,-70.2559800,5),(1285,'RIO PICO',-44.1829930,-71.3700570,5),(1286,'SARMIENTO',-45.5905200,-69.0706830,5),(1287,'TECKA',-43.4935820,-70.8135610,5),(1288,'TELSEN',-42.4387510,-66.9414280,5),(1289,'TRELEW',-43.2483540,-65.3103810,5),(1290,'TREVELIN',-43.0908710,-71.4654850,5),(1291,'VILLA FUTALAUFQUEN',-42.9006380,-71.6061540,5),(1292,'YALA LAUBAT',-42.7671350,-68.8754220,5),(1293,'SE DESCONOCE',0.0000000,0.0000000,6),(1294,'ACHIRAS',-33.1770180,-64.9944680,6),(1295,'ADELIA MARIA',-33.6316200,-64.0208370,6),(1296,'AGUA DE ORO',-31.0582280,-64.2955790,6),(1297,'ALCIRA',-32.7570650,-64.3378600,6),(1298,'ALDEA SANTA MARIA',-33.6948820,-62.9114760,6),(1299,'ALEJANDRO ROCA',-33.3564510,-63.7205500,6),(1300,'ALEJO LEDESMA',-33.6076130,-62.6261410,6),(1301,'ALICIA',-31.9387490,-62.4657950,6),(1302,'ALMAFUERTE',-32.1934600,-64.2543870,6),(1303,'ALMIRANTE BROWN',-31.3075670,-64.1814830,6),(1304,'ALPA CORRAL',-32.6904040,-64.7211710,6),(1305,'ALTA GRACIA',-31.6576800,-64.4288210,6),(1306,'ALTO ALEGRE',-32.3460950,-62.8853490,6),(1307,'ALTO DE LOS QUEBRACHOS',-30.5409660,-65.0384390,6),(1308,'ALTO RESBALOSO - EL BARRIAL',-31.9620890,-65.0677900,6),(1309,'ALTOS DE CHIPION',-30.9563510,-62.3378880,6),(1310,'AMBOY',-32.1759170,-64.5765480,6),(1311,'AMBUL',-31.4896830,-65.0566540,6),(1312,'ANA ZUMARAN',-32.3908240,-63.0574840,6),(1313,'ANISACATE',-31.7231380,-64.4144860,6),(1314,'ARIAS',-33.6411630,-62.4027890,6),(1315,'ARROYITO',-31.4193910,-63.0503440,6),(1316,'ARROYO ALGODON',-32.2019670,-63.1627860,6),(1317,'ARROYO CABRAL',-32.4889820,-63.4014790,6),(1318,'ARROYO LOS PATOS',-31.7500820,-65.0043000,6),(1319,'ARROYO SAN ANTONIO',-32.2620510,-64.5937250,6),(1320,'ASCOCHINGA',-30.9594650,-64.2754170,6),(1321,'ASSUNTA',-33.6332960,-63.2259060,6),(1322,'ATAHONA',-30.9035320,-63.7055650,6),(1323,'AUSONIA',-32.6613830,-63.2447970,6),(1324,'AVELLANEDA',-30.5946760,-64.2078390,6),(1325,'BALLESTEROS',-32.5453820,-62.9833010,6),(1326,'BALLESTEROS SUR',-32.5885970,-63.0270390,6),(1327,'BALNEARIA',-31.0107080,-62.6671040,6),(1328,'BA?ADO DE SOTO',-30.8044360,-65.0436620,6),(1329,'BARRIO GILBERT 1? DE MAYO)',-31.4406010,-64.3177470,6),(1330,'BARRIO LAS QUINTAS',-31.5502930,-64.4334260,6),(1331,'BARRIO NUEVO RIO CEBALLOS',-31.1980230,-64.2887920,6),(1332,'BARRIO SANTA ISABEL',-30.8375270,-64.5367000,6),(1333,'BARRIO VILLA DEL PARQUE',-31.7772190,-64.5320780,6),(1334,'BELL VILLE',-32.6285600,-62.6891150,6),(1335,'BENGOLEA',-33.0274170,-63.6719280,6),(1336,'BENJAMIN GOULD',-33.5901200,-62.7303890,6),(1337,'BERROTARAN',-32.4528670,-64.3854400,6),(1338,'BIALET MASSE',-31.3214290,-64.4818700,6),(1339,'BOUWER',-31.5576670,-64.1944660,6),(1340,'BRINCKMANN',-30.8665250,-62.0356520,6),(1341,'BULNES',-33.5032820,-64.6755740,6),(1342,'CABALANGO',-31.3931050,-64.5635650,6),(1343,'CALCHIN',-31.6679360,-63.2006870,6),(1344,'CALCHIN OESTE',-31.8633870,-63.2781680,6),(1345,'CAMILO ALDAO',-33.1237410,-62.0965950,6),(1346,'CAMINIAGA',-30.0682250,-64.0528760,6),(1347,'CAMPOS DEL VIRREY',-31.5854350,-64.3439770,6),(1348,'CANALS',-33.5623830,-62.8855970,6),(1349,'CANDELARIA SUR',-30.8392310,-63.8008470,6),(1350,'CANTERAS EL SAUCE',-31.0864140,-64.3145340,6),(1351,'CANTERAS QUILPO',-30.8666930,-64.6829010,6),(1352,'CA?ADA DE LUQUE',-30.7370880,-63.7236620,6),(1353,'CA?ADA DE MACHADO',-31.4289240,-63.5870260,6),(1354,'CA?ADA DE RIO PINTO',-30.7759180,-64.2182970,6),(1355,'CA?ADA DEL SAUCE',-32.3679990,-64.6425220,6),(1356,'CAPILLA DE LOS REMEDIOS',-31.4302070,-63.8321500,6),(1357,'CAPILLA DE SITON',-30.5729640,-63.6517420,6),(1358,'CAPILLA DEL CARMEN',-31.5081680,-63.3421350,6),(1359,'CAPILLA DEL MONTE',-30.8563970,-64.5262690,6),(1360,'CAPILLA VIEJA',-31.9420270,-64.6165410,6),(1361,'CAPITAN GENERAL BERNARDO O`HIGGINS',-33.2472030,-62.2697380,6),(1362,'CARNERILLO',-32.9153140,-64.0256580,6),(1363,'CARRILOBO',-31.8716470,-63.1165070,6),(1364,'CASA BAMBA',-31.3429020,-64.3992720,6),(1365,'CASA GRANDE',-31.1697130,-64.4776210,6),(1366,'CASEROS CENTRO',-31.5292560,-64.1688670,6),(1367,'CAUSANA',-31.4637910,-64.4124510,6),(1368,'CAVANAGH',-33.4783350,-62.3393460,6),(1369,'CERRO COLORADO',-30.0960600,-63.9287730,6),(1370,'CHAJAN',-33.5563360,-65.0052700,6),(1371,'CHALACEA',-30.7545710,-63.5682270,6),(1372,'CHANCANI',-31.4172820,-65.4453420,6),(1373,'CHA?AR VIEJO',-30.0139610,-63.8503750,6),(1374,'CHARBONIER',-30.7720870,-64.5441600,6),(1375,'CHARRAS',-33.0241680,-64.0458260,6),(1376,'CHAZON',-33.0772600,-63.2754350,6),(1377,'CHILIBROSTE',-32.3325970,-62.5136000,6),(1378,'CHUCUL',-33.0089550,-64.1712490,6),(1379,'CHU?A',-30.4687270,-64.6712290,6),(1380,'CHU?A HUASI',-29.9138370,-64.1299820,6),(1381,'CHURQUI CA?ADA',-30.1681570,-63.9295890,6),(1382,'CIENAGA DEL CORO',-31.0381140,-65.2775890,6),(1383,'CINTRA',-32.3081480,-62.6531180,6),(1384,'CIUDAD DE LOS NI?OS',-31.2957200,-64.1768690,6),(1385,'COLAZO',-31.9642930,-63.3834010,6),(1386,'COLONIA 10 DE JULIO',-30.5273760,-62.1142180,6),(1387,'COLONIA ALMADA',-32.0333460,-63.8628850,6),(1388,'COLONIA ANITA',-31.1438630,-62.2135860,6),(1389,'COLONIA BARGE',-33.2585410,-62.6081630,6),(1390,'COLONIA BISMARCK',-33.3003020,-62.7132990,6),(1391,'COLONIA BREMEN',-33.4634970,-62.7323850,6),(1392,'COLONIA CAROYA',-31.0172320,-64.0667290,6),(1393,'COLONIA ITALIANA',-33.3119180,-62.1807990,6),(1394,'COLONIA ITURRASPE',-31.2071430,-62.1099180,6),(1395,'COLONIA LAS CUATRO ESQUINAS',-31.1735850,-63.3375920,6),(1396,'COLONIA LAS PICHANAS',-31.2454070,-62.9256660,6),(1397,'COLONIA MARINA',-31.2485070,-62.3639650,6),(1398,'COLONIA PROSPERIDAD',-31.6304970,-62.3663610,6),(1399,'COLONIA SAN BARTOLOME',-31.5283220,-62.7244930,6),(1400,'COLONIA SAN PEDRO',-30.7836020,-61.9175640,6),(1401,'COLONIA SANTA MARIA',-31.6057750,-62.4278880,6),(1402,'COLONIA TIROLESA',-31.2357860,-64.0672540,6),(1403,'COLONIA VALTELINA',-31.0529550,-62.2354380,6),(1404,'COLONIA VEINTICINCO',-32.8883680,-61.9347830,6),(1405,'COLONIA VICENTE AGUERO',-31.0277850,-64.0190460,6),(1406,'COLONIA VIDELA',-31.9175040,-63.5047160,6),(1407,'COLONIA VIGNAUD',-30.8416240,-61.9558390,6),(1408,'CONLARA',-32.0788610,-65.2312590,6),(1409,'COPACABANA',-30.6113490,-64.5555690,6),(1410,'CORDOBA',-31.4177430,-64.1896010,6),(1411,'CORONEL BAIGORRIA',-32.8495480,-64.3598590,6),(1412,'CORONEL MOLDES',-33.6230870,-64.5971030,6),(1413,'CORRAL DE BUSTOS',-33.2816220,-62.1854510,6),(1414,'CORRAL QUEMADO',-30.9890350,-64.3778450,6),(1415,'CORRALITO',-32.0252570,-64.1931590,6),(1416,'COSQUIN',-31.2405710,-64.4655310,6),(1417,'COSTA AZUL',-31.7247290,-64.3939270,6),(1418,'COSTASACATE',-31.6470980,-63.7598960,6),(1419,'COUNTRY CHACRAS DE LA VILLA',-31.2982310,-64.2371420,6),(1420,'COUNTRY SAN ISIDRO',-31.3055340,-64.2480170,6),(1421,'CRUZ ALTA',-33.0069950,-61.8109730,6),(1422,'CRUZ CA?A',-32.2779030,-65.0273780,6),(1423,'CRUZ DE CA?A',-31.0662470,-64.9425320,6),(1424,'CRUZ DEL EJE',-30.7218590,-64.8077380,6),(1425,'CUESTA BLANCA',-31.4787780,-64.5773470,6),(1426,'DALMACIO VELEZ',-32.6108730,-63.5798840,6),(1427,'DEAN FUNES',-30.4229410,-64.3516700,6),(1428,'DEL CAMPILLO',-34.3760850,-64.4945400,6),(1429,'DESPE?ADEROS',-31.8170520,-64.2889890,6),(1430,'DEVOTO',-31.4039810,-62.3061390,6),(1431,'DIEGO DE ROJAS',-31.0286400,-63.3402800,6),(1432,'DIQUE CHICO',-31.7518520,-64.3627640,6),(1433,'DOS ARROYOS',-31.8716870,-64.9927500,6),(1434,'DUMESNIL',-31.3321160,-64.3336600,6),(1435,'EL ALCALDE',-31.1161400,-63.6017410,6),(1436,'EL ARA?ADO',-31.7412330,-62.8933440,6),(1437,'EL BRETE',-30.6722100,-64.8699070,6),(1438,'EL CHACHO',-30.8017970,-65.6440520,6),(1439,'EL CORCOVADO - EL TORREON',-32.1497590,-64.5015910,6),(1440,'EL CRISPIN',-31.0179720,-63.6051650,6),(1441,'EL DIQUECITO',-31.3589140,-64.3650930,6),(1442,'EL DURAZNO',-32.1695660,-64.7747710,6),(1443,'EL FORTIN',-31.9672500,-62.3026290,6),(1444,'EL FUERTECITO',-31.4039350,-62.9733660,6),(1445,'EL HUAYCO',-31.8458480,-64.9560920,6),(1446,'EL MANZANO',-31.0817620,-64.2998320,6),(1447,'EL PANTANILLO',-31.8862650,-64.9906520,6),(1448,'EL POTRERILLO',-31.6456180,-64.4816170,6),(1449,'EL PUEBLITO',-31.1065560,-64.2971950,6),(1450,'EL PUEBLITO',-31.9510970,-65.0721510,6),(1451,'EL RASTREADOR',-33.6644790,-63.5392370,6),(1452,'EL RINCON',-30.7397210,-64.6484920,6),(1453,'EL RODEO',-30.1760790,-63.8679640,6),(1454,'EL TIO',-31.3845490,-62.8284740,6),(1455,'EL TUSCAL',-29.7574370,-64.5298990,6),(1456,'EL VALLE',-31.9510970,-65.0721510,6),(1457,'ELENA',-32.5720680,-64.3929520,6),(1458,'EMBALSE',-32.2065080,-64.4006230,6),(1459,'ESQUINA',-31.0772910,-63.7935630,6),(1460,'ESQUINA DEL ALAMBRE',-30.6016120,-64.9074030,6),(1461,'ESTACION COLONIA TIROLESA',-31.2735550,-64.0150550,6),(1462,'ESTACION LECUEDER',-34.4964110,-64.8094620,6),(1463,'ESTACION LUXARDO',-31.3047490,-62.1333020,6),(1464,'ESTANCIA DE GUADALUPE',-31.1242100,-65.2269000,6),(1465,'ESTANCIA VIEJA',-31.3842600,-64.5173310,6),(1466,'ETRURIA',-32.9405160,-63.2472570,6),(1467,'EUFRASIO LOZA',-29.9247230,-63.5889150,6),(1468,'FALDA DEL CA?ETE',-31.5345240,-64.4559550,6),(1469,'FALDA DEL CARMEN',-31.5854630,-64.4548810,6),(1470,'FREYRE',-31.1647320,-62.0976330,6),(1471,'GENERAL BALDISSERA',-33.1220170,-62.3037210,6),(1472,'GENERAL CABRERA',-32.8118910,-63.8736970,6),(1473,'GENERAL DEHEZA',-32.7549290,-63.7850380,6),(1474,'GENERAL FOTHERINGHAM',-32.3234300,-63.8704260,6),(1475,'GENERAL LEVALLE',-34.0098320,-63.9225370,6),(1476,'GENERAL PAZ',-31.1341190,-64.1410060,6),(1477,'GENERAL ROCA',-32.7305120,-61.9171390,6),(1478,'GUANACO MUERTO',-30.4794130,-65.0597630,6),(1479,'GUASAPAMPA',-31.0975360,-65.3281880,6),(1480,'GUATIMOZIN',-33.4617410,-62.4391430,6),(1481,'GUI?AZU NORTE',-31.3067150,-64.1703250,6),(1482,'GUTEMBERG',-29.7227090,-63.5149950,6),(1483,'HERNANDO',-32.4276150,-63.7330120,6),(1484,'HIPOLITO BOUCHARD',-34.7223140,-63.5080130,6),(1485,'HUANCHILLAS',-33.6655230,-63.6372620,6),(1486,'HUERTA GRANDE',-31.0600930,-64.4843040,6),(1487,'HUINCA RENANCO',-34.8397250,-64.3724880,6),(1488,'IDIAZABAL',-32.8131430,-63.0329100,6),(1489,'IMPIRA',-31.7965930,-63.6511210,6),(1490,'INRIVILLE',-32.9438410,-62.2305490,6),(1491,'ISLA VERDE',-33.2401070,-62.4044270,6),(1492,'ITALO',-34.7911820,-63.7812080,6),(1493,'JAMES CRAIK',-32.1613060,-63.4651920,6),(1494,'JARDIN ARENALES',-31.3686410,-64.0603030,6),(1495,'JESUS MARIA',-30.9811940,-64.0957710,6),(1496,'JOSE DE LA QUINTANA',-31.8034930,-64.4188570,6),(1497,'JUAREZ CELMAN',-31.2570230,-64.1651660,6),(1498,'JUSTINIANO POSSE',-32.8835800,-62.6802770,6),(1499,'KILOMETRO 658',-31.3701810,-63.5326030,6),(1500,'LA BANDA',-30.7628590,-64.6459840,6),(1501,'LA BATEA',-30.4417650,-65.4238390,6),(1502,'LA BOCA DEL RIO',-31.8374170,-64.4336410,6),(1503,'LA CALERA',-31.3430960,-64.3302280,6),(1504,'LA CARBONADA',-31.5285690,-64.0712560,6),(1505,'LA CARLOTA',-33.4201680,-63.2969800,6),(1506,'LA CAROLINA',-33.1868430,-64.7251130,6),(1507,'LA CAUTIVA',-33.9785910,-64.0842990,6),(1508,'LA CESIRA',-33.9518610,-62.9744890,6),(1509,'LA CORTADERA',-31.6686680,-65.3723940,6),(1510,'LA CRUZ',-32.3034060,-64.4831090,6),(1511,'LA CUMBRE',-30.9792460,-64.4909090,6),(1512,'LA CUMBRECITA',-31.8969640,-64.7751590,6),(1513,'LA DONOSA',-31.6430310,-64.3453830,6),(1514,'LA FALDA',-31.0919650,-64.4864420,6),(1515,'LA FLORESTA',-31.3961490,-64.0609140,6),(1516,'LA FRANCIA',-31.4064380,-62.6343580,6),(1517,'LA GILDA',-33.2082960,-64.2584450,6),(1518,'LA GRANJA',-31.0054370,-64.2616780,6),(1519,'LA HIGUERA',-31.0139550,-65.1020310,6),(1520,'LA LAGUNA',-32.8014150,-63.2440050,6),(1521,'LA MORADA',-31.3050730,-64.2625840,6),(1522,'LA PAISANITA',-31.7194210,-64.4779150,6),(1523,'LA PALESTINA',-32.6155880,-63.4092350,6),(1524,'LA PAMPA',-30.9432200,-64.2765350,6),(1525,'LA PAQUITA',-30.9070550,-62.2154360,6),(1526,'LA PARA',-30.8925360,-63.0010660,6),(1527,'LA PAZ',-32.2172750,-65.0511160,6),(1528,'LA PERLA',-31.4425580,-64.3484860,6),(1529,'LA PLAYA',-31.0350260,-65.3453120,6),(1530,'LA PLAYOSA',-32.0996950,-63.0325290,6),(1531,'LA POBLACION',-32.0660030,-65.0309090,6),(1532,'LA POSTA',-30.5653600,-63.5163050,6),(1533,'LA PUERTA',-31.1419300,-64.0402190,6),(1534,'LA PUERTA',-30.8926050,-63.2532710,6),(1535,'LA QUINTA',-31.0622590,-63.1501280,6),(1536,'LA RAMADA',-32.2996520,-65.0361510,6),(1537,'LA RANCHERITA',-31.7574680,-64.4486900,6),(1538,'LA RINCONADA',-30.1846540,-62.8301430,6),(1539,'LA SERRANITA',-31.7331340,-64.4564150,6),(1540,'LA TORDILLA',-31.2352450,-63.0599040,6),(1541,'LA TRAVESIA',-32.1066760,-65.0637590,6),(1542,'LABORDE',-33.1529890,-62.8560740,6),(1543,'LABOULAYE',-34.1236120,-63.3886460,6),(1544,'LAGUNA LARGA',-31.7783990,-63.8027370,6),(1545,'LAS ACEQUIAS',-33.2822490,-63.9758760,6),(1546,'LAS ALBAHACAS',-32.8924930,-64.8435920,6),(1547,'LAS ARRIAS',-30.3812830,-63.5966640,6),(1548,'LAS BAJADAS',-32.0954060,-64.3310540,6),(1549,'LAS CALERAS',-32.3893610,-64.5185920,6),(1550,'LAS CALLES',-31.8206860,-64.9717610,6),(1551,'LAS CA?ADAS',-30.9332480,-64.7189760,6),(1552,'LAS CHACRAS',-31.9402020,-65.0211560,6),(1553,'LAS CHACRAS',-32.2418450,-65.0340960,6),(1554,'LAS CORZUELAS',-31.2408960,-64.2618870,6),(1555,'LAS GRAMILLAS',-31.0882560,-63.2418440,6),(1556,'LAS HIGUERAS',-33.0892420,-64.2868230,6),(1557,'LAS ISLETILLAS',-32.5100980,-63.9290230,6),(1558,'LAS JARILLAS',-31.5182260,-64.5345930,6),(1559,'LAS JUNTURAS',-31.8313970,-63.4506360,6),(1560,'LAS MOJARRAS',-32.3029690,-63.2328560,6),(1561,'LAS OSCURAS',-31.6633720,-65.3190950,6),(1562,'LAS PALMAS',-31.3800080,-65.2899760,6),(1563,'LAS PE?AS',-32.5348510,-64.1052290,6),(1564,'LAS PE?AS',-30.5617530,-64.0019840,6),(1565,'LAS PERDICES',-32.6981880,-63.7083100,6),(1566,'LAS PLAYAS',-30.6895900,-64.8508830,6),(1567,'LAS RABONAS',-31.8544490,-64.9870970,6),(1568,'LAS SALADAS',-30.7594680,-63.2035030,6),(1569,'LAS TAPIAS',-31.9522280,-65.1014220,6),(1570,'LAS VARAS',-31.8012920,-62.6171050,6),(1571,'LAS VARILLAS',-31.8731140,-62.7187950,6),(1572,'LAS VERTIENTES',-33.2839460,-64.5781460,6),(1573,'LEGUIZAMON',-34.2040790,-62.9768890,6),(1574,'LEONES',-32.6583910,-62.2999150,6),(1575,'LOMA BOLA',-32.2189300,-65.0285130,6),(1576,'LOS CALLEJONES',-31.9322690,-65.2330650,6),(1577,'LOS CEDROS',-31.5571770,-64.4028320,6),(1578,'LOS CERRILLOS',-31.9737900,-65.4376440,6),(1579,'LOS CHA?ARITOS',-31.4021380,-63.3321030,6),(1580,'LOS CHA?ARITOS',-30.5724820,-64.9410780,6),(1581,'LOS CISNES',-33.4000600,-63.4716520,6),(1582,'LOS COCOS',-30.9269770,-64.5026120,6),(1583,'LOS CONDORES',-32.3211280,-64.2810080,6),(1584,'LOS HORNILLOS',-31.9017350,-64.9900890,6),(1585,'LOS HOYOS',-29.8024340,-63.6273620,6),(1586,'LOS MISTOLES',-30.6259740,-63.8867270,6),(1587,'LOS MOLINOS',-31.8582900,-64.3750580,6),(1588,'LOS MOLLES',-31.0167070,-64.2253880,6),(1589,'LOS MOLLES',-31.9620950,-65.0383140,6),(1590,'LOS POZOS',-30.5154520,-64.2664450,6),(1591,'LOS REARTES',-31.9198560,-64.5755040,6),(1592,'LOS SURGENTES',-32.9843830,-62.0237040,6),(1593,'LOS TALARES',-31.3754120,-65.0386010,6),(1594,'LOS ZORROS',-32.0459280,-63.2017980,6),(1595,'LOZADA',-31.6484550,-64.0899800,6),(1596,'LUCA',-32.5401980,-63.4762540,6),(1597,'LUCIO V. MANSILLA',-29.8063720,-64.7065410,6),(1598,'LUQUE',-31.6468740,-63.3447980,6),(1599,'LUTTI',-32.2989440,-64.7254380,6),(1600,'LUYABA',-32.1483420,-65.0566190,6),(1601,'MALAGUE?O',-31.4648050,-64.3584260,6),(1602,'MALENA',-33.4893410,-64.4320010,6),(1603,'MALLIN',-31.2976750,-64.5749810,6),(1604,'MALVINAS ARGENTINAS',-31.3677030,-64.0503200,6),(1605,'MANFREDI',-31.8440590,-63.7460750,6),(1606,'MAQUINISTA GALLINI',-30.9074420,-63.5321190,6),(1607,'MARCOS JUAREZ',-32.6913100,-62.1057950,6),(1608,'MARULL',-30.9945230,-62.8258400,6),(1609,'MATORRALES',-31.7144720,-63.5118520,6),(1610,'MATTALDI',-34.4803870,-64.1695030,6),(1611,'MAYU SUMAJ',-31.4668650,-64.5427630,6),(1612,'MEDIA NARANJA',-30.6233100,-64.9515410,6),(1613,'MELO',-34.3483190,-63.4471710,6),(1614,'MENDIOLAZA',-31.2634680,-64.3038340,6),(1615,'MI GRANJA',-31.3501110,-63.9996450,6),(1616,'MI VALLE',-31.5725910,-64.3341910,6),(1617,'MILENICA',-31.4572740,-64.4057110,6),(1618,'MINA CLAVERO',-31.7267840,-65.0055330,6),(1619,'MIRAMAR',-30.9145160,-62.6749180,6),(1620,'MONTE BUEY',-32.9175280,-62.4576580,6),(1621,'MONTE DE LOS GAUCHOS',-33.6368880,-63.8900070,6),(1622,'MONTE DEL ROSARIO',-30.9826030,-63.6017850,6),(1623,'MONTE LE?A',-32.6112900,-62.5903410,6),(1624,'MONTE MAIZ',-33.2045620,-62.6012480,6),(1625,'MONTE RALO',-31.9115750,-64.2399920,6),(1626,'MONTECRISTO',-31.3438540,-63.9457740,6),(1627,'MORRISON',-32.5936420,-62.8360080,6),(1628,'MORTEROS',-30.7107060,-62.0044440,6),(1629,'MUSSI',-31.4273240,-65.0756890,6),(1630,'NICOLAS BRUZZONE',-34.4382300,-64.3383710,6),(1631,'NOETINGER',-32.3667420,-62.3120720,6),(1632,'NONO',-31.7955700,-65.0034040,6),(1633,'OBISPO TREJO',-30.7811920,-63.4130490,6),(1634,'OLAETA',-33.0434820,-63.9085960,6),(1635,'OLIVA',-32.0413170,-63.5693820,6),(1636,'OLIVARES DE SAN NICOLAS',-30.6020500,-64.8433650,6),(1637,'ONAGOITY',-34.7703020,-63.6703230,6),(1638,'ONCATIVO',-31.9128360,-63.6836820,6),(1639,'ORDO?EZ',-32.8412720,-62.8660550,6),(1640,'PACHECO DE MELO',-33.7600580,-63.4898590,6),(1641,'PAJAS BLANCAS',-31.2146360,-64.2768260,6),(1642,'PAMPAYASTA NORTE',-32.2416830,-63.6421870,6),(1643,'PAMPAYASTA SUR',-32.2507580,-63.6510140,6),(1644,'PANAHOLMA',-31.6268930,-65.0586660,6),(1645,'PARQUE CALMAYO',-32.0237440,-64.4641640,6),(1646,'PARQUE NORTE',-31.3000750,-64.1767430,6),(1647,'PASCANAS',-33.1249870,-63.0426960,6),(1648,'PASCO',-32.7470040,-63.3411250,6),(1649,'PASO DEL DURAZNO',-33.1700680,-64.0496310,6),(1650,'PASO DEL DURAZNO',-33.1704550,-64.0478670,6),(1651,'PASO VIEJO',-30.7686840,-65.1864700,6),(1652,'PILAR',-31.6804520,-63.8814980,6),(1653,'PINCEN',-34.8379290,-63.9155800,6),(1654,'PIQUILLIN',-31.2995840,-63.7591050,6),(1655,'PLAZA DE MERCEDES',-30.9780510,-63.2596190,6),(1656,'PLAZA LUXARDO',-31.3017470,-62.2291670,6),(1657,'PLAZA SAN FRANCISCO',-31.3698060,-62.0980390,6),(1658,'PORTE?A',-31.0139210,-62.0633290,6),(1659,'POTRERO DE GARAY',-31.7824160,-64.5424070,6),(1660,'POZO DEL MOLLE',-32.0194390,-62.9199180,6),(1661,'POZO NUEVO',-29.5775460,-64.1071000,6),(1662,'PUEBLO COMECHINGONES',-31.1685490,-63.6075820,6),(1663,'PUEBLO ITALIANO',-33.8807230,-62.8407250,6),(1664,'PUESTO DE CASTRO',-30.2390820,-63.4916850,6),(1665,'PUNTA DEL AGUA',-32.5754280,-63.8101580,6),(1666,'QUEBRACHO HERRADO',-31.5496020,-62.2257310,6),(1667,'QUEBRACHO LADEADO',-32.2570960,-65.0309210,6),(1668,'QUEBRADA DE LOS POZOS',-31.9074950,-65.0344580,6),(1669,'QUEBRADA DE LUNA',-30.7949900,-64.5210980,6),(1670,'QUILINO',-30.2159550,-64.5029780,6),(1671,'RAFAEL GARCIA',-31.6465370,-64.2584790,6),(1672,'RAMON J. CARCANO',-32.4911090,-63.1028080,6),(1673,'RANQUELES',-34.8436940,-64.0987740,6),(1674,'RAYO CORTADO',-30.0742590,-63.8249820,6),(1675,'RINCON',-31.5953850,-63.6155410,6),(1676,'RIO BAMBA',-34.0511210,-63.7321530,6),(1677,'RIO CEBALLOS',-31.1748540,-64.3096760,6),(1678,'RIO CUARTO',-33.1242630,-64.3487380,6),(1679,'RIO DE LOS SAUCES',-32.5265600,-64.5869530,6),(1680,'RIO PRIMERO',-31.3291840,-63.6218670,6),(1681,'RIO SEGUNDO',-31.6501540,-63.9118630,6),(1682,'RIO TERCERO',-32.1731010,-64.1130560,6),(1683,'ROSALES',-34.1717910,-63.1534800,6),(1684,'ROSARIO DEL SALADILLO',-30.4293370,-63.4478620,6),(1685,'SACANTA',-31.6633040,-63.0453210,6),(1686,'SAGRADA FAMILIA',-31.2897280,-63.4454720,6),(1687,'SAIRA',-32.4064120,-62.1029830,6),(1688,'SALADILLO',-32.9331600,-62.3428770,6),(1689,'SALDAN',-31.3142700,-64.3129040,6),(1690,'SALSACATE',-31.3151620,-65.0910260,6),(1691,'SALSIPUEDES',-31.1349270,-64.2873330,6),(1692,'SAMPACHO',-33.3845380,-64.7219850,6),(1693,'SAN AGUSTIN',-31.9763160,-64.3733070,6),(1694,'SAN ANTONIO DE ARREDONDO',-31.4782260,-64.5289350,6),(1695,'SAN ANTONIO DE LITIN',-32.2128610,-62.6330070,6),(1696,'SAN BASILIO',-33.4978540,-64.3151830,6),(1697,'SAN CARLOS MINAS',-31.1755900,-65.1017050,6),(1698,'SAN CLEMENTE',-31.7166550,-64.6265870,6),(1699,'SAN ESTEBAN',-30.9199780,-64.5360040,6),(1700,'SAN FRANCISCO',-31.4276090,-62.0866340,6),(1701,'SAN FRANCISCO DEL CHA?AR',-29.7882610,-63.9430700,6),(1702,'SAN GERONIMO',-31.3409520,-64.9131950,6),(1703,'SAN HUBERTO',-31.8325290,-64.9856730,6),(1704,'SAN IGNACIO LOTEO SAN JAVIER)',-32.1667860,-64.5163970,6),(1705,'SAN IGNACIO LOTEO VELEZ CRESPO)',-32.0994510,-64.5337590,6),(1706,'SAN JAVIER Y YACANTO',-32.0266520,-65.0275520,6),(1707,'SAN JOAQUIN',-34.5106400,-63.7132750,6),(1708,'SAN JOSE',-31.9573260,-65.3152080,6),(1709,'SAN JOSE DE LA DORMIDA',-30.3546020,-63.9466530,6),(1710,'SAN JOSE DE LAS SALINAS',-30.0090770,-64.6251340,6),(1711,'SAN LORENZO',-31.6822280,-65.0255690,6),(1712,'SAN MARCOS',-32.6303280,-62.4819710,6),(1713,'SAN MARCOS SIERRA',-30.7803420,-64.6468520,6),(1714,'SAN MARTIN',-31.8969860,-65.5246630,6),(1715,'SAN NICOLAS',-31.4364880,-64.4538960,6),(1716,'SAN PEDRO',-31.9368240,-65.2192400,6),(1717,'SAN PEDRO DE GUTEMBERG',-29.6982280,-63.5610810,6),(1718,'SAN PEDRO DE TOYOS',-30.4541580,-64.4475690,6),(1719,'SAN PEDRO NORTE',-30.0887590,-64.1559540,6),(1720,'SAN ROQUE',-31.3496900,-64.4599290,6),(1721,'SAN ROQUE DEL LAGO',-31.3266870,-64.4544690,6),(1722,'SAN SEVERO',-33.5383250,-63.0479280,6),(1723,'SAN VICENTE',-31.8549850,-65.4304500,6),(1724,'SANABRIA',-32.5275600,-63.2479620,6),(1725,'SANTA CATALINA',-33.2059380,-64.4348160,6),(1726,'SANTA CATALINA',-30.8726240,-64.2313500,6),(1727,'SANTA ELENA',-31.2593060,-64.0753190,6),(1728,'SANTA ELENA',-30.1174760,-63.8438050,6),(1729,'SANTA EUFEMIA',-33.1767530,-63.2820360,6),(1730,'SANTA MAGDALENA',-34.5147370,-63.9415110,6),(1731,'SANTA MARIA DE PUNILLA',-31.2703320,-64.4653360,6),(1732,'SANTA MONICA',-32.0665950,-64.5791020,6),(1733,'SANTA ROSA DE CALAMUCHITA',-32.0731570,-64.5447320,6),(1734,'SANTA ROSA DE RIO PRIMERO',-31.1514770,-63.4015910,6),(1735,'SANTIAGO TEMPLE',-31.3871250,-63.4182080,6),(1736,'SARMIENTO',-30.7741940,-64.1089870,6),(1737,'SATURNINO MARIA LASPIUR',-31.7029320,-62.4840180,6),(1738,'SAUCE ARRIBA',-31.9143830,-65.1687930,6),(1739,'SEBASTIAN ELCANO',-30.1614460,-63.5934500,6),(1740,'SEEBER',-30.9239730,-61.9737370,6),(1741,'SEGUNDA USINA',-32.1650430,-64.3784230,6),(1742,'SERRANO',-34.4699820,-63.5375600,6),(1743,'SERREZUELA',-30.6392030,-65.3813010,6),(1744,'SILVIO PELLICO',-32.2506340,-62.9316500,6),(1745,'SIMBOLAR',-30.4752560,-63.9850400,6),(1746,'SINSACATE',-30.9428570,-64.0884970,6),(1747,'SOCAVONES',-31.5300870,-64.1457830,6),(1748,'SOLAR DE LOS MOLINOS',-31.8262220,-64.5197800,6),(1749,'SUCO',-33.4394730,-64.8316610,6),(1750,'TALA CA?ADA',-31.3570290,-64.9764520,6),(1751,'TALA HUASI',-31.4724470,-64.5651510,6),(1752,'TALAINI',-31.2496920,-65.1672000,6),(1753,'TANCACHA',-32.2402070,-63.9799470,6),(1754,'TANINGA',-31.3454000,-65.0801170,6),(1755,'TANTI',-31.3549070,-64.5909560,6),(1756,'TASNA',-31.6303410,-65.1483380,6),(1757,'TEJAS TRES',-31.4661290,-64.3670950,6),(1758,'TICINO',-32.6919270,-63.4353040,6),(1759,'TIERRA ALTA',-31.4723030,-64.4707950,6),(1760,'TINOCO',-31.1238790,-63.8923780,6),(1761,'TIO PUJIO',-32.2863740,-63.3540180,6),(1762,'TOLEDO',-31.5560970,-64.0080540,6),(1763,'TORO PUJIO',-31.1090400,-62.9876510,6),(1764,'TOSNO',-30.9499430,-65.3099280,6),(1765,'TOSQUITAS',-33.8188250,-64.4569330,6),(1766,'TRANSITO',-31.4251110,-63.1954040,6),(1767,'TUCLAME',-30.7485280,-65.2375410,6),(1768,'UCACHA',-33.0334390,-63.5082570,6),(1769,'UNQUILLO',-31.2319730,-64.3177430,6),(1770,'VALLE ALEGRE',-31.6082130,-64.4403680,6),(1771,'VALLE DE ANISACATE',-31.7314780,-64.4129620,6),(1772,'VALLE HERMOSO',-31.1172890,-64.4842530,6),(1773,'VIAMONTE',-33.7470670,-63.0989060,6),(1774,'VICU?A MACKENNA',-33.9172360,-64.3902220,6),(1775,'VILLA ALBERTINA',-32.4342180,-63.1844590,6),(1776,'VILLA ALLENDE',-31.2922070,-64.2950080,6),(1777,'VILLA ALPINA',-31.9532610,-64.8132540,6),(1778,'VILLA AMANCAY',-32.1863930,-64.5704530,6),(1779,'VILLA ASCASUBI',-32.1643580,-63.8925590,6),(1780,'VILLA BERNA',-31.9052380,-64.7428820,6),(1781,'VILLA CANDELARIA NORTE',-29.8162960,-63.3548390,6),(1782,'VILLA CARLOS PAZ',-31.4182380,-64.4933450,6),(1783,'VILLA CERRO AZUL',-31.0702140,-64.3197330,6),(1784,'VILLA CIUDAD DE AMERICA',-31.7932200,-64.5139260,6),(1785,'VILLA CIUDAD PARQUE LOS REARTES',-31.9091580,-64.5456890,6),(1786,'VILLA CIUDAD PARQUE LOS REARTES 3? SECCION)',-31.9091580,-64.5456890,6),(1787,'VILLA CIUDAD PARQUES LOS REARTES 1? SECCION)',-31.9091580,-64.5456890,6),(1788,'VILLA CONCEPCION DEL TIO',-31.3224690,-62.8144750,6),(1789,'VILLA CORAZON DE MARIA',-31.4435290,-63.9963790,6),(1790,'VILLA CURA BROCHERO',-31.7063690,-65.0191110,6),(1791,'VILLA DE LAS ROSAS',-31.9521740,-65.0539140,6),(1792,'VILLA DE MARIA',-29.9043580,-63.7223190,6),(1793,'VILLA DE POCHO',-31.4880890,-65.2830350,6),(1794,'VILLA DE SOTO',-30.8529770,-64.9925000,6),(1795,'VILLA DEL DIQUE',-32.1696840,-64.4567950,6),(1796,'VILLA DEL PRADO',-31.6174540,-64.3910630,6),(1797,'VILLA DEL ROSARIO',-31.5540110,-63.5341490,6),(1798,'VILLA DEL TOTORAL',-30.7038440,-64.0682990,6),(1799,'VILLA DEL TRANSITO',-31.4474040,-63.1940140,6),(1800,'VILLA DOLORES',-31.9440430,-65.1961400,6),(1801,'VILLA EL CHACAY',-32.8937270,-64.8675140,6),(1802,'VILLA EL TALA',-32.2542670,-64.5850040,6),(1803,'VILLA ELISA',-32.7487780,-62.3306740,6),(1804,'VILLA FLOR SERRANA',-31.3864690,-64.6003660,6),(1805,'VILLA FONTANA',-30.8940090,-63.1159180,6),(1806,'VILLA GENERAL BELGRANO',-31.9808240,-64.5606190,6),(1807,'VILLA GIARDINO',-31.0362770,-64.4928900,6),(1808,'VILLA GUTIERREZ',-30.6569510,-64.1819590,6),(1809,'VILLA HUIDOBRO',-34.8371820,-64.5833570,6),(1810,'VILLA LA BOLSA',-31.7287880,-64.4324170,6),(1811,'VILLA LA RIVERA',-32.2667330,-64.5204930,6),(1812,'VILLA LA VI?A',-31.8727710,-65.0372750,6),(1813,'VILLA LAGO AZUL',-31.3740260,-64.4831120,6),(1814,'VILLA LOS AROMOS',-31.7359600,-64.4389280,6),(1815,'VILLA LOS LLANOS',-31.2757010,-64.1626840,6),(1816,'VILLA LOS PATOS',-32.7637450,-62.7277950,6),(1817,'VILLA MARIA',-32.4120840,-63.2499950,6),(1818,'VILLA NUEVA',-32.4288250,-63.2493590,6),(1819,'VILLA OESTE',-32.4343320,-63.2875590,6),(1820,'VILLA PARQUE SANTA ANA',-31.5917320,-64.3503000,6),(1821,'VILLA PARQUE SIQUIMAN',-31.3457170,-64.4802570,6),(1822,'VILLA PASTORA',-31.3069070,-64.1785310,6),(1823,'VILLA QUILINO',-30.2101160,-64.4775670,6),(1824,'VILLA QUILLINZO',-32.2384370,-64.5210500,6),(1825,'VILLA REDUCCION',-33.2014560,-63.8622210,6),(1826,'VILLA RIO ICHO CRUZ',-31.4791070,-64.5627470,6),(1827,'VILLA ROSSI',-34.2979370,-63.2685400,6),(1828,'VILLA RUMIPAL',-32.1893810,-64.4792060,6),(1829,'VILLA SAN ESTEBAN',-31.6335470,-62.8967670,6),(1830,'VILLA SAN ISIDRO - JOSE DE LA QUINTANA',-31.8208260,-64.3935280,6),(1831,'VILLA SAN JOSE',-31.2796130,-64.5653440,6),(1832,'VILLA SAN MIGUEL',-31.8582900,-64.3750580,6),(1833,'VILLA SANTA CRUZ DEL LAGO',-31.3693230,-64.5205370,6),(1834,'VILLA SANTA EUGENIA',-32.6651070,-64.7415020,6),(1835,'VILLA SARMIENTO',-34.1216200,-64.7240500,6),(1836,'VILLA SARMIENTO',-31.9366570,-65.1917970,6),(1837,'VILLA SIERRAS DE ORO',-31.4579360,-64.4217150,6),(1838,'VILLA TULUMBA',-30.3974820,-64.1231770,6),(1839,'VILLA VALERIA',-34.3408530,-64.9178450,6),(1840,'VILLA YACANTO',-32.1037830,-64.7541030,6),(1841,'WASHINGTON',-33.8733680,-64.6886180,6),(1842,'WENCESLAO ESCALANTE',-33.1720230,-62.7700000,6),(1843,'YOCSINA',-31.4470580,-64.3660750,6),(1844,'SE DESCONOCE',0.0000000,0.0000000,7),(1845,'ALVEAR',-29.0985990,-56.5521630,7),(1846,'BELLA VISTA',-28.5076770,-59.0443330,7),(1847,'BERON DE ASTRADA',-27.5506230,-57.5376250,7),(1848,'BONPLAND',-29.8203740,-57.4296480,7),(1849,'CAZADORES CORRENTINOS',-29.9787830,-58.3024360,7),(1850,'CHAVARRIA',-28.9549220,-58.5716490,7),(1851,'COLONIA CARLOS PELLEGRINI',-28.5373400,-57.1712310,7),(1852,'COLONIA CAROLINA',-29.1457710,-59.1820840,7),(1853,'COLONIA LIBERTAD',-30.0439760,-57.8235190,7),(1854,'COLONIA LIEBIGS',-27.9156590,-55.8233290,7),(1855,'COLONIA PANDO',-28.5252150,-58.4869350,7),(1856,'CONCEPCION',-28.3924910,-57.8866810,7),(1857,'CORRIENTES',-27.4632820,-58.8392330,7),(1858,'CRUZ DE LOS MILAGROS',-28.8357350,-59.0068580,7),(1859,'CURUZU CUATIA',-29.7915230,-58.0499450,7),(1860,'EL SOMBRERO',-27.7035440,-58.7686060,7),(1861,'EMPEDRADO',-27.9524560,-58.8074760,7),(1862,'ESQUINA',-30.0159280,-59.5309810,7),(1863,'ESTACION LIBERTAD',-30.0125290,-57.8591300,7),(1864,'ESTACION TORRENT',-28.8266240,-56.4695260,7),(1865,'FELIPE YOFRE',-29.1059200,-58.3424750,7),(1866,'GARRUCHOS',-28.1729440,-55.6513320,7),(1867,'GOBERNADOR IGR.VALENTIN VIRASORO',-28.0455570,-56.0190200,7),(1868,'GOBERNADOR JUAN E. MARTINEZ',-28.9108690,-58.9359580,7),(1869,'GOYA',-29.1413440,-59.2605310,7),(1870,'GUAVIRAVI',-29.3669870,-56.8292390,7),(1871,'INGENIO PRIMER CORRENTINO',-27.4336720,-58.6243280,7),(1872,'ITA IBATE',-27.4250660,-57.3376990,7),(1873,'ITATI',-27.2693040,-58.2434780,7),(1874,'ITUZAINGO',-27.5910430,-56.7039740,7),(1875,'JOSE R. GOMEZ',-28.2260140,-55.7844090,7),(1876,'JUAN PUJOL',-30.4178960,-57.8560690,7),(1877,'LA CRUZ',-29.1736580,-56.6450160,7),(1878,'LAGUNA BRAVA',-27.4928280,-58.7167660,7),(1879,'LAVALLE',-29.0249810,-59.1818570,7),(1880,'LOMAS DE VALLEJOS',-27.7329660,-57.9193850,7),(1881,'LORETO',-27.7684510,-57.2748390,7),(1882,'MARIANO I. LOZA',-29.3763670,-58.1960230,7),(1883,'MBURUCUYA',-28.0460570,-58.2249840,7),(1884,'MERCEDES',-29.1833890,-58.0742360,7),(1885,'MOCORETA',-30.6176800,-57.9628250,7),(1886,'MONTE CASEROS',-30.2515530,-57.6388140,7),(1887,'NUESTRA SE?ORA DEL ROSARIO DE CAA CATI',-27.7519960,-57.6225140,7),(1888,'PALMAR GRANDE',-27.9407690,-57.9009160,7),(1889,'PARADA ACU?A',-29.9084820,-57.9581770,7),(1890,'PARADA LABOUGLE',-30.3190400,-57.7289870,7),(1891,'PARADA PUCHETA',-29.9053450,-57.5743690,7),(1892,'PASO DE LA PATRIA',-27.3150060,-58.5720140,7),(1893,'PASO DE LOS LIBRES',-29.7117000,-57.0877440,7),(1894,'PEDRO R. FERNANDEZ',-28.7505430,-58.6545370,7),(1895,'PERUGORRIA',-29.3404800,-58.6080890,7),(1896,'PUEBLO LIBERTADOR',-30.2195810,-59.3906030,7),(1897,'RAMADA PASO',-27.3659290,-58.3003090,7),(1898,'RIACHUELO',-27.5811450,-58.7419830,7),(1899,'SALADAS',-28.2553370,-58.6238010,7),(1900,'SAN ANTONIO',-27.5073850,-56.7411670,7),(1901,'SAN CARLOS',-27.7457850,-55.9000480,7),(1902,'SAN CAYETANO',-27.5712100,-58.6958800,7),(1903,'SAN COSME',-27.3711800,-58.5115290,7),(1904,'SAN LORENZO',-28.1314600,-58.7668320,7),(1905,'SAN LUIS DEL PALMAR',-27.5081080,-58.5554740,7),(1906,'SAN MIGUEL',-27.9947740,-57.5919540,7),(1907,'SAN ROQUE',-28.5732310,-58.7100570,7),(1908,'SANTA ANA',-27.4550910,-58.6530390,7),(1909,'SANTA LUCIA',-28.9847970,-59.1017580,7),(1910,'SANTA ROSA',-28.2674260,-58.1220610,7),(1911,'SANTO TOME',-28.5511590,-56.0420860,7),(1912,'SAUCE',-30.0867530,-58.7879620,7),(1913,'TABAY',-28.3062680,-58.2862970,7),(1914,'TAPEBICUA',-29.5043110,-56.9760310,7),(1915,'TATACUA',-28.3720750,-58.3252900,7),(1916,'VILLA CORDOBA',-28.9940340,-59.0774380,7),(1917,'VILLA OLIVARI',-27.6329470,-56.9062010,7),(1918,'YAHAPE',-27.3704270,-57.6552250,7),(1919,'YAPEYU',-29.4706320,-56.8158360,7),(1920,'YATAYTI CALLE',-29.0295900,-58.9097320,7),(1921,'SE DESCONOCE',0.0000000,0.0000000,8),(1922,'ALCARAZ',-31.4565890,-59.5991390,8),(1923,'ALDEA ASUNCION',-32.8251720,-59.2312380,8),(1924,'ALDEA BRASILERA',-31.8922860,-60.5917980,8),(1925,'ALDEA GRAPSCHENTAL',-31.9563720,-60.4961050,8),(1926,'ALDEA MARIA LUISA',-31.8847290,-60.4087460,8),(1927,'ALDEA PROTESTANTE',-32.0308330,-60.5643360,8),(1928,'ALDEA SALTO',-31.9260360,-60.5483850,8),(1929,'ALDEA SAN ANTONIO',-32.6253280,-58.7031970,8),(1930,'ALDEA SAN FRANCISCO',-31.9625680,-60.6357130,8),(1931,'ALDEA SAN JUAN',-31.9982240,-60.3583820,8),(1932,'ALDEA SAN JUAN',-32.7037890,-58.7790630,8),(1933,'ALDEA SAN RAFAEL',-31.9598300,-60.2558760,8),(1934,'ALDEA SANTA MARIA',-31.6128700,-60.0070720,8),(1935,'ALDEA SANTA ROSA',-32.0164540,-60.2411070,8),(1936,'ALDEA SPATZENKUTTER',-31.9485290,-60.5803970,8),(1937,'ALDEA VALLE MARIA',-31.9922440,-60.5878500,8),(1938,'ALTAMIRANO SUR',-32.0888340,-59.1740710,8),(1939,'ANTELO',-32.5338100,-60.0356970,8),(1940,'ARANGUREN',-32.2443130,-60.1627990,8),(1941,'ARROYO BARU',-31.8673630,-58.4457030,8),(1942,'BASAVILBASO',-32.3725730,-58.8785610,8),(1943,'BENITO LEGEREN',-31.4288790,-58.0768060,8),(1944,'BETBEDER',-32.3741010,-59.9380820,8),(1945,'BOVRIL',-31.3428910,-59.4467310,8),(1946,'CALABACILLA',-31.5076260,-58.1334350,8),(1947,'CASEROS',-32.4642770,-58.4780720,8),(1948,'CEIBAS',-33.4994120,-58.8003540,8),(1949,'CERRITO',-31.5821710,-60.0740220,8),(1950,'CHAJARI',-30.7540760,-57.9841630,8),(1951,'CLODOMIRO LEDESMA',-31.5794030,-58.1813680,8),(1952,'COLON',-32.2232180,-58.1419670,8),(1953,'COLONIA ALEMANA',-30.8961590,-58.0221580,8),(1954,'COLONIA AVELLANEDA',-31.7680690,-60.4050220,8),(1955,'COLONIA AVIGDOR',-31.1853380,-59.4079820,8),(1956,'COLONIA AYUI',-31.2050900,-58.0338900,8),(1957,'COLONIA CRESPO',-31.6777730,-60.2436880,8),(1958,'COLONIA ELIA',-32.6723720,-58.3251190,8),(1959,'COLONIA ENSAYO',-31.8672570,-60.5752900,8),(1960,'COLONIA GENERAL ROCA',-31.3244070,-58.1214100,8),(1961,'COLONIA HUGUES',-32.2963660,-58.2329680,8),(1962,'COLONIA PE?A',-30.7974920,-58.1756380,8),(1963,'CONCEPCION DEL URUGUAY',-32.4853600,-58.2320520,8),(1964,'CONCORDIA',-31.3687040,-58.0450290,8),(1965,'CONSCRIPTO BERNARDI',-31.0477780,-59.0867390,8),(1966,'CRESPO',-32.0346490,-60.3107510,8),(1967,'DIAMANTE',-32.0671550,-60.6377370,8),(1968,'DON CRISTOBAL',-32.0752590,-59.9943230,8),(1969,'DURAZNO',-31.9865850,-59.2804620,8),(1970,'EL BRILLANTE',-32.1797670,-58.2122330,8),(1971,'EL CIMARRON',-30.9868630,-58.9777570,8),(1972,'EL COLORADO',-32.1819020,-58.1918560,8),(1973,'EL PALENQUE',-31.6625750,-60.1751140,8),(1974,'EL PINGO',-31.5838500,-59.8938070,8),(1975,'EL RAMBLON',-31.8480470,-60.0927490,8),(1976,'EL SOLAR',-31.1810120,-59.7328840,8),(1977,'ENRIQUE CARBO',-33.1478480,-59.2089400,8),(1978,'ESTACION ARROYO CLE',-32.6338910,-59.4016110,8),(1979,'ESTACION CAMPS',-32.1133210,-60.2299020,8),(1980,'ESTACION ESCRI?A',-32.5932360,-58.9037420,8),(1981,'ESTACION LAZO',-32.8718400,-59.4223490,8),(1982,'ESTACION PUIGGARI',-32.0602300,-60.4435730,8),(1983,'ESTACION RAICES',-31.9082480,-59.2606930,8),(1984,'ESTACION YERUA',-31.4694330,-58.2636680,8),(1985,'ESTACION YUQUERI',-31.3963810,-58.1611540,8),(1986,'ESTANCIA GRANDE',-31.4400280,-58.1246630,8),(1987,'FAUSTINO M. PARERA',-32.8044310,-58.8826330,8),(1988,'FEBRE',-32.4774520,-59.9217120,8),(1989,'FEDERACION',-30.9900720,-57.9183480,8),(1990,'FEDERAL',-30.9513340,-58.7851420,8),(1991,'GENERAL ALMADA',-32.8376330,-58.8038160,8),(1992,'GENERAL ALVEAR',-31.9494540,-60.6779500,8),(1993,'GENERAL CAMPOS',-31.5246080,-58.4047740,8),(1994,'GENERAL GALARZA',-32.7212710,-59.3958890,8),(1995,'GENERAL RACEDO',-31.9840160,-60.4083910,8),(1996,'GENERAL RAMIREZ',-32.1772710,-60.1985610,8),(1997,'GILBERT',-32.5306030,-58.9339530,8),(1998,'GOBERNADOR ECHAGUE',-32.3933700,-59.2758890,8),(1999,'GOBERNADOR MANSILLA',-32.5464910,-59.3561470,8),(2000,'GOBERNADOR SOLA',-32.3372060,-59.3710910,8),(2001,'GUALEGUAY',-33.1485560,-59.3150160,8),(2002,'GUALEGUAYCHU',-33.0100330,-58.5164260,8),(2003,'GUARDAMONTE',-32.0826360,-59.3082770,8),(2004,'HAMBIS',-31.9629510,-58.5082060,8),(2005,'HASENKAMP',-31.5133050,-59.8369700,8),(2006,'HERNANDARIAS',-31.2324500,-59.9872580,8),(2007,'HERNANDEZ',-32.3380690,-60.0301400,8),(2008,'HERRERA',-32.4346140,-58.6330140,8),(2009,'HOCKER',-32.0874960,-58.3417060,8),(2010,'IBICUY',-33.7437860,-59.1550370,8),(2011,'INGENIERO MIGUEL SAJAROFF',-31.9569340,-58.8491170,8),(2012,'IRAZUSTA',-32.9269370,-58.9534830,8),(2013,'JUBILEO',-31.7336730,-58.6340380,8),(2014,'LA CLARITA',-31.9771380,-58.3917630,8),(2015,'LA CRIOLLA',-31.2693710,-58.1060430,8),(2016,'LA JAULA',-31.8327180,-60.6048470,8),(2017,'LA JUANITA',-31.8753770,-60.6491220,8),(2018,'LA PAZ',-30.7415410,-59.6433540,8),(2019,'LA PICADA',-31.7267100,-60.2971790,8),(2020,'LARROQUE',-33.0354240,-59.0018540,8),(2021,'LAS GUACHAS',-32.4700080,-59.1726630,8),(2022,'LAS MOSCAS',-32.0926670,-58.9575920,8),(2023,'LAS TEJAS',-31.4119400,-58.0740080,8),(2024,'LAS TUNAS',-31.8706100,-59.7324360,8),(2025,'LIBAROS',-32.2629480,-58.9066110,8),(2026,'LOS CHARRUAS',-31.1707840,-58.1873840,8),(2027,'LOS CONQUISTADORES',-30.5944070,-58.4682630,8),(2028,'LUCAS GONZALEZ',-32.3859290,-59.5313000,8),(2029,'MACIA',-32.1724410,-59.3986790,8),(2030,'MARIA GRANDE',-31.6660720,-59.9044380,8),(2031,'MEDANOS',-33.4361000,-59.0675950,8),(2032,'MOLINO DOLL',-32.3100410,-60.4202060,8),(2033,'NOGOYA',-32.3956420,-59.7880760,8),(2034,'NUEVA ESCOCIA',-31.6473160,-58.0158130,8),(2035,'NUEVA VIZCAYA',-30.9685150,-58.6127480,8),(2036,'ORO VERDE',-31.8257360,-60.5182730,8),(2037,'PARAJE LA VIRGEN',-31.9173630,-60.6531970,8),(2038,'PARANA',-31.7415680,-60.5284150,8),(2039,'PASO DE LA LAGUNA',-31.8057650,-59.1651610,8),(2040,'PASTOR BRITOS',-32.7697430,-58.9070200,8),(2041,'PEDERNAL',-31.6714730,-58.2307910,8),(2042,'PIEDRAS BLANCAS',-31.1859580,-59.9521590,8),(2043,'PRONUNCIAMIENTO',-32.3456510,-58.4438590,8),(2044,'PUEBLO BELLOCQ',-31.4287140,-59.7457890,8),(2045,'PUEBLO BRUGO',-31.3883020,-60.0938330,8),(2046,'PUEBLO CAZES',-32.0030490,-58.4934830,8),(2047,'PUEBLO GENERAL BELGRANO',-33.0162890,-58.4760440,8),(2048,'PUEBLO GENERAL SAN MARTIN',-31.4636060,-60.1679620,8),(2049,'PUEBLO LIEBIGS',-32.1570050,-58.1976620,8),(2050,'PUEBLO MORENO',-31.5884910,-60.0648930,8),(2051,'PUERTO LAS CUEVAS',-32.3342280,-60.4872900,8),(2052,'PUERTO RUIZ',-33.2198400,-59.3630340,8),(2053,'PUERTO YERUA',-31.5308340,-58.0128950,8),(2054,'ROCAMORA',-32.3459730,-58.9697450,8),(2055,'ROSARIO DEL TALA',-32.3026340,-59.1445790,8),(2056,'SAN BENITO',-31.7815220,-60.4419740,8),(2057,'SAN GUSTAVO',-30.6905070,-59.3994540,8),(2058,'SAN JAIME DE LA FRONTERA',-30.3396270,-58.3080920,8),(2059,'SAN JOSE',-32.2021610,-58.2095930,8),(2060,'SAN JOSE DE FELICIANO',-30.3852710,-58.7515720,8),(2061,'SAN PEDRO',-30.7571890,-58.0818710,8),(2062,'SAN RAMON',-30.8091640,-58.2191270,8),(2063,'SAN SALVADOR',-31.6255230,-58.5040740,8),(2064,'SAN VICTOR',-30.4869280,-59.0316520,8),(2065,'SANTA ANA',-30.9004970,-57.9310810,8),(2066,'SANTA ANITA',-32.1762470,-58.7864820,8),(2067,'SANTA ELENA',-30.9466590,-59.7882850,8),(2068,'SAUCE DE LUNA',-31.2384740,-59.2202830,8),(2069,'SAUCE MONTRULL',-31.7463190,-60.3552300,8),(2070,'SAUCE PINTO',-31.8442990,-60.3747480,8),(2071,'SEGUI',-31.9588750,-60.1269830,8),(2072,'SIR LEONARD',-31.3896680,-59.5032120,8),(2073,'SOSA',-31.7385740,-59.9115080,8),(2074,'STROBEL',-32.0585360,-60.6108080,8),(2075,'TABOSSI',-31.8047080,-59.9379150,8),(2076,'TEZANOS PINTO',-31.8735460,-60.4970240,8),(2077,'UBAJAY',-31.7925730,-58.3158520,8),(2078,'URDINARRAIN',-32.6881310,-58.8889950,8),(2079,'VIALE',-31.8714330,-60.0099230,8),(2080,'VICTORIA',-32.6205970,-60.1533130,8),(2081,'VILLA ADELA',-31.4037430,-58.0394130,8),(2082,'VILLA CLARA',-31.8301000,-58.8233900,8),(2083,'VILLA DEL ROSARIO',-30.7968320,-57.9115720,8),(2084,'VILLA DOMINGUEZ',-31.9870150,-58.9634180,8),(2085,'VILLA ELISA',-32.1606200,-58.4037480,8),(2086,'VILLA FONTANA',-31.9086470,-60.4683520,8),(2087,'VILLA GOBERNADOR LUIS F. ETCHEVEHERE',-31.9342860,-60.4279740,8),(2088,'VILLA LIBERTADOR SAN MARTIN',-32.0697560,-60.4624460,8),(2089,'VILLA MANTERO',-32.3987090,-58.7440640,8),(2090,'VILLA PARANACITO',-33.7156240,-58.6597630,8),(2091,'VILLA SAN JUSTO',-32.4463200,-58.4359140,8),(2092,'VILLA SAN MARCIAL',-32.1800620,-58.9301270,8),(2093,'VILLA URQUIZA',-31.6507510,-60.3775860,8),(2094,'VILLA ZORRAQUIN',-31.3299510,-58.0174850,8),(2095,'VILLAGUAY',-31.8654410,-59.0290630,8),(2096,'XX DE SETIEMBRE',-32.3866240,-59.6630740,8),(2097,'SE DESCONOCE',0.0000000,0.0000000,9),(2098,'BANCO PAYAGUA',-26.7071300,-58.3390750,9),(2099,'BARTOLOME DE LAS CASAS',-25.4941220,-59.6120580,9),(2100,'BUENA VISTA',-25.0712120,-58.3867800,9),(2101,'CLORINDA',-25.2921610,-57.7178090,9),(2102,'COLONIA CAMPO VILLAFA?E',-26.2048680,-59.0780330,9),(2103,'COLONIA PASTORIL',-25.6701400,-58.2626300,9),(2104,'COLONIA SARMIENTO',-24.6444790,-59.4332810,9),(2105,'COMANDANTE FONTANA',-25.3347930,-59.6828070,9),(2106,'COMUNIDAD ABORIGEN BARTOLOME DE LAS CASAS',-25.3482560,-59.6147620,9),(2107,'EL COLORADO',-26.3117350,-59.3684430,9),(2108,'EL ESPINILLO',-24.9799890,-58.5537880,9),(2109,'EL POTRILLO',-23.1607660,-62.0107790,9),(2110,'EL QUEBRACHO',-23.3394870,-61.8734660,9),(2111,'EL RECREO',-25.0663150,-59.2513510,9),(2112,'ESTANISLAO DEL CAMPO',-25.0531920,-60.0939270,9),(2113,'FORMOSA',-26.1828220,-58.1733930,9),(2114,'FORTIN CABO 1? LUGONES',-24.2854860,-59.8282500,9),(2115,'FORTIN SARGENTO 1? LEYES',-24.5503050,-59.3902720,9),(2116,'GENERAL LUCIO V MANSILLA',-26.6541800,-58.6293210,9),(2117,'GENERAL MOSCONI',-23.1827190,-62.3040690,9),(2118,'GRAN GUARDIA',-25.8628500,-58.8859920,9),(2119,'GUADALCAZAR',-23.6823940,-61.1611090,9),(2120,'HERRADURA',-26.4874650,-58.3122420,9),(2121,'IBARRETA',-25.2113190,-59.8570400,9),(2122,'INGENIERO GUILLERMO N. JUAREZ',-23.8976000,-61.8538220,9),(2123,'JUAN G. BAZAN',-24.5418140,-60.8341900,9),(2124,'LA RINCONADA',-23.4942750,-61.5763890,9),(2125,'LA SOLEDAD',-24.1490610,-60.6923240,9),(2126,'LAGUNA BLANCA',-25.1302520,-58.2458430,9),(2127,'LAGUNA GALLO',-25.2677750,-58.7427950,9),(2128,'LAGUNA NAICK-NECK',-25.2193910,-58.1230790,9),(2129,'LAGUNA YEMA',-24.2554650,-61.2439980,9),(2130,'LAMADRID',-23.9376980,-60.7400990,9),(2131,'LAS LOMITAS',-24.7105780,-60.5937890,9),(2132,'LOS CHIRIGUANOS',-24.0986840,-61.4675870,9),(2133,'MARIANO BOEDO',-26.1106360,-58.4884270,9),(2134,'MISION TACAAGLE',-24.9796510,-58.8227430,9),(2135,'MOJON DE FIERRO',-26.0345120,-58.0499310,9),(2136,'PALMA SOLA',-25.2475510,-57.9768400,9),(2137,'PALO SANTO',-25.5639060,-59.3360060,9),(2138,'PIRANE',-25.7306420,-59.1075210,9),(2139,'PORTON NEGRO',-24.9663600,-58.7419750,9),(2140,'POSTA CAMBIO ZALAZAR',-24.2115850,-60.1986670,9),(2141,'POZO DE MAZA',-23.5691830,-61.7055330,9),(2142,'POZO DEL MORTERO',-24.4064400,-61.0313140,9),(2143,'POZO DEL TIGRE',-24.8976000,-60.3187890,9),(2144,'PUERTO PILCOMAYO',-25.3688130,-57.6524940,9),(2145,'RIACHO HE-HE',-25.3617120,-58.2782520,9),(2146,'RIACHO NEGRO',-25.4224320,-57.7914550,9),(2147,'SAN FRANCISCO DE LAISHI',-26.2423010,-58.6300640,9),(2148,'SAN HILARIO',-26.0248680,-58.6500730,9),(2149,'SAN MARTIN I',-24.5319050,-59.9020510,9),(2150,'SAN MARTIN II',-24.4331530,-59.6563520,9),(2151,'SIETE PALMAS',-25.2015080,-58.3306760,9),(2152,'SUBTENIENTE PERIN',-25.5350400,-60.0190830,9),(2153,'TATANE',-26.3987190,-58.3575600,9),(2154,'TRES LAGUNAS',-25.2153640,-58.5132690,9),(2155,'VACA PERDIDA',-23.4948650,-61.6499980,9),(2156,'VILLA DEL CARMEN',-26.2522590,-58.2525530,9),(2157,'VILLA ESCOLAR',-26.6211840,-58.6718340,9),(2158,'VILLA GENERAL GUEMES',-24.7529460,-59.4916410,9),(2159,'VILLA GENERAL MANUEL BELGRANO',-24.9388280,-59.0290880,9),(2160,'VILLA KILOMETRO 213',-26.1864630,-59.3683950,9),(2161,'SE DESCONOCE',0.0000000,0.0000000,10),(2162,'ABDON CASTRO TOLAY',-23.3419370,-66.0901010,10),(2163,'ABRA PAMPA',-22.7223530,-65.6965050,10),(2164,'ABRALAITE',-23.1692060,-65.7944000,10),(2165,'AGUA DE CASTILLA',-23.2167370,-65.8082740,10),(2166,'AGUAS CALIENTES',-24.5838760,-64.9235270,10),(2167,'APARZO',-23.0992150,-65.1865390,10),(2168,'ARRAYANAL',-24.1768080,-64.8403330,10),(2169,'ARROYO COLORADO',-24.3365560,-64.6635810,10),(2170,'BANANAL',-23.5654400,-64.5011630,10),(2171,'BARCENA',-23.9826100,-65.4550930,10),(2172,'BARRIO EL MILAGRO',-24.4610010,-65.1190580,10),(2173,'BARRIO LA UNION',-24.4043300,-65.0697400,10),(2174,'BARRIOS',-22.2477580,-65.5290430,10),(2175,'BERMEJITO',-23.7881110,-64.7300580,10),(2176,'CAIMANCITO',-23.7390270,-64.5927670,10),(2177,'CALILEGUA',-23.7758080,-64.7714500,10),(2178,'CANGREJILLOS',-22.4237910,-65.5798720,10),(2179,'CARAHUNCO',-24.3076480,-65.0834470,10),(2180,'CASA COLORADA',-22.3253950,-66.2837650,10),(2181,'CASABINDO',-22.9850220,-66.0328010,10),(2182,'CASIRA',-21.9788190,-65.8958560,10),(2183,'CASPALA',-23.3626170,-65.0914950,10),(2184,'CATUA',-23.8697880,-67.0052750,10),(2185,'CENTRO FORESTAL',-24.2287300,-65.1776470,10),(2186,'CHALICAN',-24.0701320,-64.8068640,10),(2187,'CIANZO',-23.1732330,-65.1578180,10),(2188,'CIENEGA',-22.1769690,-66.4139610,10),(2189,'CIENEGUILLAS',-22.1009000,-65.8672100,10),(2190,'COCHINOCA',-22.7442650,-65.8951220,10),(2191,'COCTACA',-23.1543350,-65.2936640,10),(2192,'COLONIA SAN JOSE',-23.4023540,-65.3910450,10),(2193,'CORANZULI',-23.0145480,-66.3666370,10),(2194,'COYAGUAIMA',-22.7704440,-66.4404270,10),(2195,'CUSI CUSI',-22.3402230,-66.4926400,10),(2196,'DON EMILIO',-24.3167330,-64.9078890,10),(2197,'EL ACHERAL',-24.4035870,-64.8010500,10),(2198,'EL AGUILAR',-23.2139850,-65.6788750,10),(2199,'EL ANGOSTO',-21.8764900,-66.1886430,10),(2200,'EL CARMEN',-24.3891100,-65.2605450,10),(2201,'EL CEIBAL',-24.3013920,-65.2794380,10),(2202,'EL CONDOR',-22.3866190,-65.3395950,10),(2203,'EL FUERTE',-24.2605600,-64.4155130,10),(2204,'EL MORENO',-23.8509120,-65.8316510,10),(2205,'EL PIQUETE',-24.1791480,-64.6776330,10),(2206,'EL PUESTO',-24.1989200,-64.7892890,10),(2207,'EL QUEMADO',-24.1058570,-64.8230620,10),(2208,'EL TALAR',-23.5555610,-64.3643100,10),(2209,'EL TORO',-23.0836530,-66.7015910,10),(2210,'FLEMING',-24.5873760,-64.9240580,10),(2211,'FRAILE PINTADO',-23.9420210,-64.8029450,10),(2212,'GUERRERO',-24.1859720,-65.4487120,10),(2213,'HIPOLITO YRIGOYEN',-22.9790990,-65.3527980,10),(2214,'HUACALERA',-23.4369570,-65.3498230,10),(2215,'HUANCAR',-23.5638430,-66.4093160,10),(2216,'HUMAHUACA',-23.2118260,-65.3507420,10),(2217,'JAMA',-23.2381700,-67.0272650,10),(2218,'JUELLA',-23.5175110,-65.4081710,10),(2219,'LA ALMONA',-24.2656800,-65.3972040,10),(2220,'LA CIENEGA',-21.9606330,-66.2630850,10),(2221,'LA ESPERANZA',-24.1691300,-64.7828730,10),(2222,'LA INTERMEDIA',-22.4230490,-65.7004230,10),(2223,'LA MANGA',-24.1910270,-64.8471400,10),(2224,'LA MENDIETA',-24.3164920,-64.9670190,10),(2225,'LA QUIACA',-22.1064370,-65.5957260,10),(2226,'LA REDONDA',-22.5294610,-65.5222830,10),(2227,'LA TOMA',-24.3374800,-65.3652400,10),(2228,'LAGUNILLAS DE FARALLON',-22.4621490,-66.6281060,10),(2229,'LEON',-24.0395230,-65.4309580,10),(2230,'LIBERTAD',-23.7623860,-64.7259950,10),(2231,'LIBERTADOR GENERAL SAN MARTIN',-23.8226030,-64.9000070,10),(2232,'LIVIARA',-22.5205430,-66.3370940,10),(2233,'LLULLUCHAYOC',-22.5507610,-65.3872650,10),(2234,'LOMA BLANCA',-22.4715310,-66.4842000,10),(2235,'LOS ALISOS',-24.2694290,-65.3038290,10),(2236,'LOS LAPACHOS',-24.4759200,-65.0776010,10),(2237,'LOS NOGALES',-24.0840270,-65.4760850,10),(2238,'LOTEO NAVEA',-24.2701430,-65.2740650,10),(2239,'LOZANO',-24.0820550,-65.4037790,10),(2240,'MAIMARA',-23.6251650,-65.4090900,10),(2241,'MAIZ NEGRO',-23.9506320,-64.7736230,10),(2242,'MANANTIALES',-24.5336970,-64.9771550,10),(2243,'MINA PROVIDENCIA',-23.2654410,-66.6556620,10),(2244,'MIRAFLORES',-24.2247850,-64.8201210,10),(2245,'MISARRUMI',-22.2593870,-66.3668610,10),(2246,'MONTERRICO',-24.4421180,-65.1622510,10),(2247,'NUESTRA SE?ORA DEL ROSARIO',-24.3184050,-65.4009230,10),(2248,'NUEVO PIRQUITAS',-22.6879550,-66.4563760,10),(2249,'OCLOYAS',-23.9440580,-65.2322150,10),(2250,'OLACAPATO',-24.1152810,-66.7186510,10),(2251,'OLAROZ CHICO',-23.3934650,-66.8017390,10),(2252,'ORATORIO',-22.0991710,-66.1325560,10),(2253,'OROSMAYO',-22.5570560,-66.3563630,10),(2254,'PAICONE',-22.2193200,-66.4252600,10),(2255,'PALCA DE APARZO',-23.1220410,-65.1348060,10),(2256,'PALCA DE VARAS',-23.1018610,-65.1129210,10),(2257,'PALMA SOLA',-23.9678430,-64.3034680,10),(2258,'PALOS BLANCOS',-24.3269090,-64.9472510,10),(2259,'PALPALA',-24.2660500,-65.2120270,10),(2260,'PAMPA BLANCA',-24.5325320,-65.0742520,10),(2261,'PAMPICHUELA',-23.5548850,-65.0066890,10),(2262,'PARAPETI',-24.2364440,-64.8448510,10),(2263,'PASTOS CHICOS',-23.7667800,-66.4362240,10),(2264,'PAULINA',-23.8445380,-64.7389850,10),(2265,'PERICO',-24.3807800,-65.1162070,10),(2266,'PIEDRITAS',-24.2961710,-64.8821860,10),(2267,'PILA PARDO',-24.5598830,-64.9141980,10),(2268,'PUEBLO LEDESMA',-23.8273070,-64.7913610,10),(2269,'PUENTE LAVAYEN',-24.2725270,-64.7161870,10),(2270,'PUERTA DE COLORADOS',-23.5715100,-65.6980000,10),(2271,'PUESTO DEL MARQUEZ',-22.5384290,-65.6978920,10),(2272,'PUESTO SEY',-23.9450800,-66.4880710,10),(2273,'PUESTO VIEJO',-24.4850040,-64.9670260,10),(2274,'PUMAHUASI',-22.2899360,-65.6798830,10),(2275,'PURMAMARCA',-23.7450540,-65.5003900,10),(2276,'QUEBRALE?A',-23.2857890,-65.7701490,10),(2277,'QUERA',-23.1008300,-65.7627640,10),(2278,'RINCONADA',-22.4403480,-66.1673740,10),(2279,'RINCONADILLAS',-23.3846030,-65.9573750,10),(2280,'RIO BLANCO',-24.2342340,-65.2300750,10),(2281,'RODEITO',-24.2716140,-64.7689710,10),(2282,'RODERO',-23.0621840,-65.3260430,10),(2283,'ROSARIO DE RIO GRANDE',-24.3085250,-64.9316450,10),(2284,'SAN ANTONIO',-24.3672400,-65.3377010,10),(2285,'SAN ANTONIO',-24.2196720,-64.8045170,10),(2286,'SAN FRANCISCO',-23.6213390,-64.9501640,10),(2287,'SAN FRANCISCO DE ALFARCITO',-23.3198700,-65.9744060,10),(2288,'SAN ISIDRO',-24.5556370,-64.9424210,10),(2289,'SAN JOSE',-22.1378270,-65.3097890,10),(2290,'SAN JUAN DE OROS',-22.2243860,-66.2489980,10),(2291,'SAN JUAN DE QUILLAQUES',-23.2303530,-66.3437120,10),(2292,'SAN JUANCITO',-24.3843860,-64.9937380,10),(2293,'SAN LUCAS',-24.2685960,-64.8642890,10),(2294,'SAN PABLO DE REYES',-24.1436590,-65.4829200,10),(2295,'SAN PEDRO',-24.2313020,-64.8681690,10),(2296,'SAN SALVADOR DE JUJUY',-24.1844140,-65.3039990,10),(2297,'SAN VICENTE',-24.4293250,-65.1843970,10),(2298,'SANTA ANA',-23.3564320,-64.9877250,10),(2299,'SANTA ANA DE LA PUNA',-23.1248830,-66.0521610,10),(2300,'SANTA CATALINA',-21.9457400,-66.0524460,10),(2301,'SANTA CLARA',-24.3078150,-64.6610650,10),(2302,'SANTUARIO DE TRES POZOS',-23.5332450,-65.9632840,10),(2303,'SAUZAL',-24.2987580,-64.9571560,10),(2304,'SUSQUES',-23.3993490,-66.3663510,10),(2305,'TAMBILLOS',-22.8968710,-65.9620230,10),(2306,'TESORERO',-23.9486190,-65.2985110,10),(2307,'TILCARA',-23.5758630,-65.3936940,10),(2308,'TRES CRUCES',-22.9169380,-65.5878330,10),(2309,'TUMBAYA',-23.8561960,-65.4663650,10),(2310,'TUSAQUILLAS',-23.1901130,-65.9890160,10),(2311,'UQUIA',-23.3041910,-65.3565580,10),(2312,'VALLE COLORADO',-23.4139540,-64.9337730,10),(2313,'VALLE GRANDE',-23.4758470,-64.9469050,10),(2314,'VINALITO',-23.6681880,-64.4131180,10),(2315,'VOLCAN',-23.9165990,-65.4655060,10),(2316,'YACORAITE',-23.4023540,-65.3910450,10),(2317,'YALA',-24.1217550,-65.4145730,10),(2318,'YAVI CHICO',-22.0983780,-65.4559190,10),(2319,'YOSCABA',-22.1671930,-66.0247360,10),(2320,'YUTO',-23.6473910,-64.4683380,10),(2321,'SE DESCONOCE',0.0000000,0.0000000,11),(2322,'ABRAMO',-37.8943310,-63.8515030,11),(2323,'ADOLFO VAN PRAET',-35.0179130,-64.0351180,11),(2324,'AGUSTONI',-35.7811020,-63.3932490,11),(2325,'ALGARROBO DEL AGUILA',-36.4011470,-67.1484020,11),(2326,'ALPACHIRI',-37.3758810,-63.7738740,11),(2327,'ALTA ITALIA',-35.3338600,-64.1182410,11),(2328,'ANGUIL',-36.5279230,-64.0105560,11),(2329,'ANZOATEGUI',-38.9630530,-63.8608880,11),(2330,'ARATA',-35.6381230,-64.3574130,11),(2331,'ATALIVA ROCA',-37.0323320,-64.2865720,11),(2332,'BERNARDO LARROUDE',-35.0240770,-63.5814790,11),(2333,'BERNASCONI',-37.9020680,-63.7450790,11),(2334,'CACHIRULO',-36.7473960,-64.3673910,11),(2335,'CALEUFU',-35.5928650,-64.5586840,11),(2336,'CARRO QUEMADO',-36.4755650,-65.3429160,11),(2337,'CASA DE PIEDRA',-38.2230520,-67.1709260,11),(2338,'CATRILO',-36.4077410,-63.4231240,11),(2339,'CEBALLOS',-35.2904850,-63.7758610,11),(2340,'CHACHARRAMENDI',-37.3318150,-65.6507730,11),(2341,'COLONIA BARON',-36.1513890,-63.8541960,11),(2342,'COLONIA SAN JOSE',-36.1170510,-63.9040710,11),(2343,'COLONIA SANTA MARIA',-37.4952440,-64.2248810,11),(2344,'CONHELO',-35.9994880,-64.5959230,11),(2345,'CORONEL HILARIO LAGOS',-35.0223100,-63.9123150,11),(2346,'CUCHILLO CO',-38.3336780,-64.6422530,11),(2347,'DAMIAN MAISONAVE',-35.0415560,-64.3847130,11),(2348,'DOBLAS',-37.1521840,-64.0140550,11),(2349,'DORILA',-35.7763230,-63.7168410,11),(2350,'EDUARDO CASTEX',-35.9165900,-64.2945870,11),(2351,'EMBAJADOR MARTINI',-35.3861850,-64.2836860,11),(2352,'FALUCHO',-35.1890810,-64.1038730,11),(2353,'GENERAL ACHA',-37.3736730,-64.6038960,11),(2354,'GENERAL MANUEL J. CAMPOS',-37.4589890,-63.5872410,11),(2355,'GENERAL PICO',-35.6633810,-63.7609290,11),(2356,'GENERAL SAN MARTIN',-37.9785300,-63.6065850,11),(2357,'GOBERNADOR DUVAL',-38.7413410,-66.4360650,11),(2358,'GUATRACHE',-37.6669650,-63.5415370,11),(2359,'HUCAL',-37.7849630,-64.0306680,11),(2360,'INGENIERO FOSTER',-35.7014890,-65.1025540,11),(2361,'INGENIERO LUIGGI',-35.3837500,-64.4685690,11),(2362,'INTENDENTE ALVEAR',-35.2368690,-63.5923270,11),(2363,'JACINTO ARAUZ',-38.0837590,-63.4321820,11),(2364,'LA ADELA',-38.9739620,-64.0893170,11),(2365,'LA GLORIA',-36.5079180,-63.7444080,11),(2366,'LA HUMADA',-36.3500280,-68.0141950,11),(2367,'LA MARUJA',-35.6716890,-64.9405700,11),(2368,'LA REFORMA',-37.5520050,-66.2268540,11),(2369,'LIMAY MAHUIDA',-37.1597120,-66.6745400,11),(2370,'LONQUIMAY',-36.4676260,-63.6237220,11),(2371,'LOVENTUE',-36.1887460,-65.2899700,11),(2372,'LUAN TORO',-36.2016820,-65.0972780,11),(2373,'MACACHIN',-37.1369560,-63.6671420,11),(2374,'MAURICIO MAYER',-36.2106630,-64.0335410,11),(2375,'METILEO',-35.7732440,-63.9428310,11),(2376,'MIGUEL CANE',-36.1549580,-63.5121540,11),(2377,'MIGUEL RIGLOS',-36.8538750,-63.6881850,11),(2378,'MONTE NIEVAS',-35.8617460,-64.1569680,11),(2379,'NAICO',-36.9283870,-64.3952510,11),(2380,'OJEDA',-35.3068280,-64.0054730,11),(2381,'PARERA',-35.1462930,-64.5006490,11),(2382,'PERU',-37.6623850,-64.1373210,11),(2383,'PICHI HUINCA',-35.6473420,-64.7695280,11),(2384,'PUELCHES',-38.1437720,-65.9102790,11),(2385,'PUELEN',-37.3400660,-67.6218500,11),(2386,'QUEHUE',-37.1212010,-64.5133660,11),(2387,'QUEMU QUEMU',-36.0536770,-63.5632430,11),(2388,'QUETREQUEN',-35.0548440,-64.5213690,11),(2389,'RANCUL',-35.0661990,-64.6831150,11),(2390,'REALICO',-35.0368860,-64.2454210,11),(2391,'RELMO',-36.2573840,-63.4481300,11),(2392,'ROLON',-37.1668240,-63.4171580,11),(2393,'RUCANELO',-36.0429380,-64.8353210,11),(2394,'SANTA ISABEL',-36.2298590,-66.9416700,11),(2395,'SANTA ROSA',-36.6182900,-64.2916770,11),(2396,'SANTA TERESA',-37.5749340,-63.4328860,11),(2397,'SARAH',-35.0246920,-63.6869620,11),(2398,'SPELUZZI',-35.5472940,-63.8200400,11),(2399,'TELEN',-36.2640560,-65.5097730,11),(2400,'TOAY',-36.6751580,-64.3803250,11),(2401,'TOMAS M. ANCHORENA',-36.8406610,-63.5205020,11),(2402,'TREBOLARES',-35.5855840,-63.5887520,11),(2403,'TRENEL',-35.6941740,-64.1359000,11),(2404,'UNANUE',-37.5439770,-64.3525550,11),(2405,'URIBURU',-36.5077570,-63.8626310,11),(2406,'VERTIZ',-35.4262410,-63.9063650,11),(2407,'VICTORICA',-36.2048590,-65.4403750,11),(2408,'VILLA MIRASOL',-36.0757510,-63.8875840,11),(2409,'WINIFREDA',-36.2272740,-64.2348770,11),(2410,'SE DESCONOCE',0.0000000,0.0000000,12),(2411,'AICU?A',-29.4772470,-67.7729130,12),(2412,'AIMOGASTA',-28.5589900,-66.8272850,12),(2413,'ALPASINCHE',-28.3536420,-67.0804330,12),(2414,'ALTO CARRIZAL',-28.8736690,-67.5689980,12),(2415,'AMANA',-30.0611120,-67.5084950,12),(2416,'AMBIL',-31.1413360,-66.3603820,12),(2417,'AMINGA',-28.8554610,-66.9376620,12),(2418,'AMUSCHINA',-28.5555820,-67.1592840,12),(2419,'ANDOLUCAS',-28.5555820,-67.1592840,12),(2420,'ANGUINAN',-29.2060140,-67.4589850,12),(2421,'ANGULOS',-28.6595750,-67.6529610,12),(2422,'ANILLACO',-28.8155900,-66.9439250,12),(2423,'ANJULLON',-28.7272510,-66.9328940,12),(2424,'ANTINACO',-28.8250780,-67.3233200,12),(2425,'ARAUCO',-28.5834030,-66.8036410,12),(2426,'BAJO CARRIZAL',-28.8911010,-67.5667460,12),(2427,'BANDA FLORIDA',-29.3032950,-68.2439880,12),(2428,'BA?ADO DE LOS PANTANOS',-28.3871790,-66.8369120,12),(2429,'CAMPANAS',-28.5560210,-67.6264410,12),(2430,'CASTRO BARROS',-30.5956920,-65.7419370,12),(2431,'CHAMICAL',-30.3772950,-66.3240370,12),(2432,'CHA?AR',-30.5590300,-65.9735930,12),(2433,'CHA?ARMUYO',-28.6123450,-67.5874720,12),(2434,'CHAUPIHUASI',-28.3536420,-67.0804330,12),(2435,'CHEPES',-31.3506190,-66.6046420,12),(2436,'CHILECITO',-29.1634980,-67.5074280,12),(2437,'CHUQUIS',-28.8979800,-66.9765190,12),(2438,'COLONIA ANGUINAN',-29.2540980,-67.4261370,12),(2439,'COLONIA CATINZACO',-29.6731660,-67.3823670,12),(2440,'COLONIA MALLIGASTA',-29.2029670,-67.4003470,12),(2441,'COLONIA ORTIZ DE OCAMPO',-30.9752910,-66.1953880,12),(2442,'COLONIA VICHIGASTA',-29.4490720,-67.4914200,12),(2443,'CUIPAN',-28.4517970,-67.1178980,12),(2444,'DESIDERIO TELLO',-31.2240300,-66.3334920,12),(2445,'ESTACION MAZAN',-28.6648260,-66.5166200,12),(2446,'FAMATINA',-28.9291000,-67.5207600,12),(2447,'GUANCHIN',-29.1927260,-67.6392750,12),(2448,'GUANDACOL',-29.5098590,-68.5522050,12),(2449,'JAGUE',-28.6604900,-68.3668740,12),(2450,'LA CUADRA',-28.4724820,-67.6918650,12),(2451,'LA PUNTILLA',-29.1484700,-67.4191240,12),(2452,'LA RIOJA',-29.4217830,-66.8566750,12),(2453,'LAS TALAS',-28.4517970,-67.1178980,12),(2454,'LOMA BLANCA',-30.6446140,-66.2387420,12),(2455,'LOS MOLINOS',-28.7544150,-66.9389200,12),(2456,'LOS PALACIOS',-29.3713120,-68.2271330,12),(2457,'LOS ROBLES',-28.4517970,-67.1178980,12),(2458,'LOS SARMIENTOS',-29.1517470,-67.4826010,12),(2459,'MACHIGASTA',-28.5410840,-66.8070300,12),(2460,'MALANZAN',-30.8155440,-66.6194810,12),(2461,'MALLIGASTA',-29.1772020,-67.4408320,12),(2462,'MILAGRO',-31.0131720,-65.9882550,12),(2463,'MIRANDA',-29.3410380,-67.6618700,12),(2464,'NACATE',-30.8640380,-66.4051060,12),(2465,'NONOGASTA',-29.3040960,-67.5072780,12),(2466,'OLPAS',-30.8195240,-66.2483100,12),(2467,'OLTA',-30.6399760,-66.2780600,12),(2468,'PAGANCILLO',-29.5412540,-68.0970400,12),(2469,'PATQUIA',-30.0522110,-66.8915890,12),(2470,'PINCHAS',-28.9370760,-66.9665170,12),(2471,'PITUIL',-28.5815080,-67.4508380,12),(2472,'PLAZA VIEJA',-28.9731600,-67.5201320,12),(2473,'POLCO',-30.4293150,-66.3586420,12),(2474,'PORTEZUELO',-30.8476190,-66.7186800,12),(2475,'PUNTA DE LOS LLANOS',-30.1654340,-66.5565750,12),(2476,'SALICAS',-28.4076260,-67.0961550,12),(2477,'SAN ANTONIO',-28.5553800,-66.8013860,12),(2478,'SAN ANTONIO',-31.0900910,-66.7571870,12),(2479,'SAN BLAS',-28.4076260,-67.0961550,12),(2480,'SAN MIGUEL',-29.1846750,-67.4780830,12),(2481,'SAN NICOLAS',-29.1217630,-67.4758960,12),(2482,'SAN PEDRO',-28.6697090,-66.9281340,12),(2483,'SANTA CLARA',-29.3613770,-68.6264100,12),(2484,'SANTA CRUZ',-28.4907370,-67.6899250,12),(2485,'SANTA FLORENTINA',-29.1330620,-67.5576080,12),(2486,'SANTA RITA DE CATUNA',-30.9665200,-66.2356610,12),(2487,'SANTA VERA CRUZ',-28.6835040,-66.9654940,12),(2488,'SANTO DOMINGO',-28.5600670,-67.6855700,12),(2489,'SA?OGASTA',-29.3203740,-67.6277960,12),(2490,'SHAQUI',-28.4812200,-67.1282350,12),(2491,'SURIYACO',-28.5555820,-67.1592840,12),(2492,'TAMA',-30.5173080,-66.5413790,12),(2493,'TERMAS DE SANTA TERESITA',-28.5917750,-66.5563890,12),(2494,'TILIMUQUI',-29.1494440,-67.4296650,12),(2495,'TUYUBIL',-28.5555820,-67.1592840,12),(2496,'ULAPES',-31.5829790,-66.2514030,12),(2497,'VICHIGASTA',-29.4885970,-67.5022850,12),(2498,'VILLA CASTELLI',-29.0207520,-68.2253710,12),(2499,'VILLA MAZAN',-28.6586280,-66.5552760,12),(2500,'VILLA SAN JOSE DE VINCHINA',-28.7797110,-68.2060370,12),(2501,'VILLA SANAGASTA',-29.3064490,-67.0414100,12),(2502,'VILLA UNION',-29.3227050,-68.2230740,12),(2503,'SE DESCONOCE',0.0000000,0.0000000,13),(2504,'AGRELO',-33.1173840,-68.8960240,13),(2505,'AGUA ESCONDIDA',-36.1532390,-68.3048430,13),(2506,'ALTO VERDE',-33.1195040,-68.4180220,13),(2507,'ANDRADE',-33.1624680,-68.5060670,13),(2508,'BARRANCAS',-33.0833360,-68.7343790,13),(2509,'BARRIO 12 DE OCTUBRE',-33.1912020,-68.2809620,13),(2510,'BARRIO ADINA I Y II',-33.0649390,-68.8877010,13),(2511,'BARRIO ALTO DEL OLVIDO',-32.6727790,-68.5922470,13),(2512,'BARRIO BELGRANO NORTE',-33.3301030,-69.1359510,13),(2513,'BARRIO CAMPOS EL TOLEDANO',-34.5736540,-68.3294340,13),(2514,'BARRIO CARRASCO',-33.8321070,-69.0490030,13),(2515,'BARRIO CHIVILCOY',-33.0411470,-68.3541530,13),(2516,'BARRIO COOPERATIVA LOS CAMPAMENTOS',-33.2692490,-68.4383630,13),(2517,'BARRIO ECHEVERRIA',-34.6278080,-68.4330730,13),(2518,'BARRIO EL CEPILLO',-33.8386530,-69.1303500,13),(2519,'BARRIO EL NEVADO',-34.7898640,-67.9874650,13),(2520,'BARRIO EMANUEL',-32.8468560,-68.4100200,13),(2521,'BARRIO EMPLEADOS DE COMERCIO',-34.5522300,-68.3032400,13),(2522,'BARRIO INTENDENCIA',-34.6451010,-68.2754540,13),(2523,'BARRIO JESUS DE NAZARET',-33.0103240,-68.7265920,13),(2524,'BARRIO JOCOLI II',-32.6740790,-68.6692700,13),(2525,'BARRIO LA ESPERANZA',-32.6735730,-68.3840800,13),(2526,'BARRIO LA ESTACION',-33.1552900,-68.3543620,13),(2527,'BARRIO LA PALMERA',-32.6969330,-68.5506210,13),(2528,'BARRIO LA PEGA',-32.8128590,-68.6835370,13),(2529,'BARRIO LAGUNAS DE BARTOLUZZI',-32.6111090,-68.5714750,13),(2530,'BARRIO LAS ROSAS',-34.6278080,-68.4330730,13),(2531,'BARRIO LOS CHARABONES',-32.9785120,-68.3051020,13),(2532,'BARRIO LOS JARILLEROS',-32.7153970,-68.6584020,13),(2533,'BARRIO LOS OLIVOS',-32.6972160,-68.3295580,13),(2534,'BARRIO MARIA AUXILIADORA',-33.2425140,-68.1826760,13),(2535,'BARRIO MOLINA CABRERA',-33.1297120,-68.2037880,13),(2536,'BARRIO NTRA. SRA. DE FATIMA',-33.1309710,-68.3512780,13),(2537,'BARRIO PERDRIEL IV',-33.0753280,-68.9250400,13),(2538,'BARRIO PRIMAVERA',-34.6298100,-68.5105920,13),(2539,'BARRIO RIVADAVIA',-33.2304640,-68.4837260,13),(2540,'BARRIO SAN CAYETANO',-33.6339140,-69.1879020,13),(2541,'BARRIO VIRGEN DEL ROSARIO',-32.7027600,-68.3124920,13),(2542,'BERMEJO',-32.8674490,-68.8015980,13),(2543,'BLANCO ENCALADA',-33.0355490,-69.0065320,13),(2544,'BOWEN',-35.0009120,-67.5161820,13),(2545,'BUENA NUEVA',-32.8876100,-68.7797110,13),(2546,'CACHEUTA',-33.0367100,-69.1159070,13),(2547,'CAMPO LOS ANDES',-33.7070790,-69.1826330,13),(2548,'CAPDEVILA',-32.7248780,-68.9085580,13),(2549,'CAPILLA DEL ROSARIO',-32.9057060,-68.7753110,13),(2550,'CAPITAN MONTOYA',-34.5835610,-68.4654390,13),(2551,'CARMENSA',-35.1449060,-67.6629550,13),(2552,'CARRODILLA',-32.9776580,-68.8524390,13),(2553,'CHACRAS DE CORIA',-32.9899030,-68.8913680,13),(2554,'CHAPANAY',-32.9801180,-68.4765250,13),(2555,'CHILECITO',-33.8934020,-69.0804630,13),(2556,'CHIVILCOY',-33.0383360,-68.4594030,13),(2557,'CIUDAD DE SAN MARTIN',-33.0732180,-68.4605130,13),(2558,'COLONIA LAS ROSAS',-33.6129360,-69.1126490,13),(2559,'COLONIA SEGOVIA',-32.8445720,-68.7264020,13),(2560,'COQUIMBITO',-32.9792550,-68.8089840,13),(2561,'CORDON DEL PLATA',-33.4689490,-69.1399450,13),(2562,'COSTA DE ARAUJO',-32.7568940,-68.4085950,13),(2563,'COSTA FLORES',-33.0705180,-68.9343210,13),(2564,'CRUZ DE PIEDRA',-33.0293390,-68.7922410,13),(2565,'CUADRO NACIONAL',-34.6175050,-68.2817530,13),(2566,'CUADRO ORTEGA',-33.2829490,-68.4657440,13),(2567,'DESAGUADERO',-33.4052270,-67.1641660,13),(2568,'DORREGO',-32.9079280,-68.8402490,13),(2569,'EL ALGARROBAL',-32.8327490,-68.7957180,13),(2570,'EL BORBOLLON',-32.8069210,-68.7772860,13),(2571,'EL CARMELO',-32.9551110,-69.2811920,13),(2572,'EL CARRIZAL',-33.3037430,-68.7554950,13),(2573,'EL CHALLAO',-32.8187510,-68.9164320,13),(2574,'EL ESPINO',-33.0773330,-68.3982840,13),(2575,'EL MANZANO',-33.6005740,-69.3350880,13),(2576,'EL MIRADOR',-33.2906470,-68.3475560,13),(2577,'EL NIHUIL',-35.0353710,-68.6806150,13),(2578,'EL PARAMILLO',-32.7813090,-68.5336830,13),(2579,'EL PEDREGAL',-32.8558810,-68.6544790,13),(2580,'EL PERAL',-33.3706550,-69.1923490,13),(2581,'EL PLUMERILLO',-32.8468360,-68.8191470,13),(2582,'EL RAMBLON',-33.1617710,-68.2954840,13),(2583,'EL RESGUARDO',-32.7650500,-68.7913050,13),(2584,'EL SALTO',-32.8994780,-69.3336480,13),(2585,'EL SAUCE',-32.8664940,-68.7583330,13),(2586,'EL SOSNEADO',-35.0821770,-69.5924130,13),(2587,'EL TROPEZON',-34.6856450,-68.2855510,13),(2588,'EL VERGEL',-32.7623130,-68.6476010,13),(2589,'EL ZAMPAL',-33.3989500,-69.1057370,13),(2590,'EL ZAPALLAR',-32.8555540,-68.8280320,13),(2591,'EUGENIO BUSTOS',-33.7850220,-69.0729050,13),(2592,'FRAY LUIS BELTRAN',-33.0049400,-68.6612380,13),(2593,'GENERAL ALVEAR',-34.9804690,-67.7009950,13),(2594,'GENERAL BELGRANO',-32.8819030,-68.8087570,13),(2595,'GENERAL GUTIERREZ',-32.9797720,-68.7694300,13),(2596,'GOBERNADOR BENEGAS',-32.9443750,-68.8651880,13),(2597,'GODOY CRUZ',-32.9215280,-68.8549230,13),(2598,'GOUDGE',-34.6803230,-68.1358420,13),(2599,'GUAYMALLEN',-32.8925290,-68.8200690,13),(2600,'INGENIERO GIAGNONI',-33.1247750,-68.4208930,13),(2601,'INGENIERO GUSTAVO ANDRE',-32.6824000,-68.3268970,13),(2602,'JAIME PRATS',-34.9146830,-67.8191470,13),(2603,'JESUS NAZARENO',-32.9208010,-68.7868070,13),(2604,'JOCOLI',-32.6125410,-68.6790410,13),(2605,'JOCOLI',-32.5843190,-68.6808090,13),(2606,'JOCOLI VIEJO',-32.7274620,-68.6602320,13),(2607,'JUNIN',-33.1450870,-68.4921160,13),(2608,'LA ARBOLEDA',-33.3688270,-69.1247360,13),(2609,'LA CENTRAL',-33.2736420,-68.3224070,13),(2610,'LA CIENEGUITA',-32.8444580,-68.8646210,13),(2611,'LA COLONIA',-33.0927990,-68.4874960,13),(2612,'LA CONSULTA',-33.7386760,-69.1281260,13),(2613,'LA DORMIDA',-33.3499240,-67.9160460,13),(2614,'LA ESPERANZA',-33.3170660,-68.3343430,13),(2615,'LA FLORIDA',-33.2827920,-68.4657170,13),(2616,'LA LIBERTAD',-33.2163870,-68.5166270,13),(2617,'LA LLAVE NUEVA',-34.6449300,-68.0147700,13),(2618,'LA PAZ',-33.4610190,-67.5595790,13),(2619,'LA PRIMAVERA',-32.9212120,-68.6797680,13),(2620,'LA PUNTILLA',-32.9609710,-68.8723320,13),(2621,'LAS CA?AS',-32.9057700,-68.8263410,13),(2622,'LAS CARDITAS',-32.9551110,-69.2811920,13),(2623,'LAS CATITAS',-33.3001060,-68.0532180,13),(2624,'LAS COMPUERTAS',-33.0343950,-68.9757200,13),(2625,'LAS CUEVAS',-32.8079620,-70.0851820,13),(2626,'LAS HERAS',-32.8499240,-68.8452570,13),(2627,'LAS LE?AS',-35.1539650,-70.0817910,13),(2628,'LAS MALVINAS',-34.8384150,-68.2539360,13),(2629,'LAS TORTUGAS',-32.9453110,-68.8411730,13),(2630,'LAS VEGAS',-33.0058790,-69.2764000,13),(2631,'LAS VIOLETAS',-32.8208150,-68.6164140,13),(2632,'LOS ARBOLES',-33.1813160,-68.5759160,13),(2633,'LOS BARRIALES',-33.1010410,-68.5675280,13),(2634,'LOS CAMPAMENTOS',-33.2763610,-68.4008490,13),(2635,'LOS COMPARTOS',-34.9792600,-67.6590890,13),(2636,'LOS CORRALITOS',-32.8978660,-68.7059890,13),(2637,'LOS MANANTIALES',-32.8990130,-69.3340870,13),(2638,'LOS PENITENTES',-32.8369500,-69.8539210,13),(2639,'LOS REYUNOS',-34.6099290,-68.6205430,13),(2640,'LOS SAUCES',-33.5952100,-69.1840210,13),(2641,'LUJAN DE CUYO',-33.0328670,-68.8912070,13),(2642,'LUZURIAGA',-32.9500580,-68.8034450,13),(2643,'MAIPU',-32.9394310,-68.8068440,13),(2644,'MALARGUE',-35.4770110,-69.5886490,13),(2645,'MAYOR DRUMMOND',-33.0038390,-68.8612970,13),(2646,'MEDRANO',-33.1762910,-68.6231700,13),(2647,'MEDRANO',-33.1787460,-68.6219270,13),(2648,'MONTE COMAN',-34.5971810,-67.8842900,13),(2649,'MONTECASEROS',-33.0109970,-68.3936800,13),(2650,'MUNDO NUEVO',-33.1753420,-68.4371730,13),(2651,'NUEVA CALIFORNIA',-32.7450610,-68.3354510,13),(2652,'PALMIRA',-33.0499930,-68.5490900,13),(2653,'PANQUEHUA',-32.8349240,-68.8451650,13),(2654,'PAREDITAS',-33.9452560,-69.0824860,13),(2655,'PEDRO MOLINA',-32.8749830,-68.8287740,13),(2656,'PERDRIEL',-33.0690100,-68.8986010,13),(2657,'PHILLIPS',-33.2032510,-68.3832300,13),(2658,'PIEDRAS BLANCAS',-33.0198800,-69.3030040,13),(2659,'POBRE DIABLO',-34.6703590,-68.3591850,13),(2660,'POLVAREDAS',-32.8190380,-69.7097350,13),(2661,'POTRERILLOS',-32.9454870,-69.2086450,13),(2662,'PRESIDENTE SARMIENTO',-32.9171350,-68.9190970,13),(2663,'PUENTE DE HIERRO',-32.8597000,-68.6889630,13),(2664,'PUENTE DEL INCA',-32.8198840,-69.9250020,13),(2665,'PUNTA DE VACAS',-32.8488060,-69.7763010,13),(2666,'PUNTA DEL AGUA',-35.5301660,-68.0825090,13),(2667,'RAMA CAIDA',-34.7043760,-68.3708630,13),(2668,'REAL DEL PADRE',-34.8433150,-67.7674200,13),(2669,'REDUCCION DE ABAJO',-33.2063090,-68.5835150,13),(2670,'RIVADAVIA',-33.1940320,-68.4736190,13),(2671,'RODEO DE LA CRUZ',-32.9233880,-68.7484040,13),(2672,'RODEO DEL MEDIO',-32.9880060,-68.7010650,13),(2673,'RODRIGUEZ PE?A',-33.1211520,-68.6046800,13),(2674,'RUSSELL',-33.0046770,-68.8012720,13),(2675,'SALTO DE LAS ROSAS',-34.7269580,-68.2329030,13),(2676,'SAN CARLOS',-33.7744490,-69.0490910,13),(2677,'SAN FRANCISCO DEL MONTE',-32.9176430,-68.8127480,13),(2678,'SAN FRANCISCO DEL MONTE',-32.9301250,-68.8333390,13),(2679,'SAN JOSE',-32.8879100,-68.8336080,13),(2680,'SAN JOSE',-33.3068450,-69.1645780,13),(2681,'SAN RAFAEL',-34.6356100,-68.3310920,13),(2682,'SAN ROQUE',-33.0285640,-68.5981480,13),(2683,'SANTA MARIA DE ORO',-33.2059810,-68.4335590,13),(2684,'SANTA ROSA',-33.2544230,-68.1567440,13),(2685,'SIERRAS DE ENCALADA',-32.9869460,-68.9485090,13),(2686,'TRES PORTE?AS',-32.8994800,-68.3990960,13),(2687,'TUNUYAN',-33.5775550,-69.0253760,13),(2688,'TUPUNGATO',-33.3643640,-69.1513190,13),(2689,'UGARTECHE',-33.2109450,-68.8972090,13),(2690,'USPALLATA',-32.5955350,-69.3582050,13),(2691,'VALLE DEL SOL',-33.0174260,-69.2972910,13),(2692,'VILLA ANTIGUA',-33.4645160,-67.6055790,13),(2693,'VILLA ATUEL',-34.8345020,-67.9257910,13),(2694,'VILLA ATUEL NORTE',-34.7606000,-68.0374060,13),(2695,'VILLA BASTIAS',-33.3420990,-69.1487760,13),(2696,'VILLA EL REFUGIO',-32.9975300,-69.3176800,13),(2697,'VILLA HIPODROMO',-32.9085520,-68.8709990,13),(2698,'VILLA MARINI',-32.9368990,-68.8625260,13),(2699,'VILLA NUEVA',-32.9010420,-68.8031460,13),(2700,'VILLA TERESA',-33.0183180,-68.6288150,13),(2701,'VILLA TULUMAYA',-32.7196140,-68.6030440,13),(2702,'VISTA FLORES',-33.6513550,-69.1646920,13),(2703,'VISTALBA',-33.0237920,-68.9247430,13),(2704,'SE DESCONOCE',0.0000000,0.0000000,14),(2705,'ALBA POSSE',-27.5641500,-54.6870110,14),(2706,'ALBERDI',-27.3569660,-55.2326590,14),(2707,'ALICIA BAJA',-27.4285420,-54.3575080,14),(2708,'ALMAFUERTE',-27.5062140,-55.4018890,14),(2709,'ALMIRANTE BROWN',-25.6674360,-54.0456430,14),(2710,'APOSTOLES',-27.9098070,-55.7532130,14),(2711,'ARISTOBULO DEL VALLE',-27.0952900,-54.8949050,14),(2712,'ARROYO DEL MEDIO',-27.6980030,-55.4064790,14),(2713,'AZARA',-28.0572510,-55.6767990,14),(2714,'BARIO ITA',-26.5283260,-54.7089180,14),(2715,'BARRA CONCEPCION',-28.1109520,-55.5820050,14),(2716,'BARRIO CUATRO BOCAS',-26.5482210,-54.6748840,14),(2717,'BARRIO DEL LAGO',-27.4636030,-55.8005800,14),(2718,'BARRIO ESCUELA 461',-27.6169030,-55.0424750,14),(2719,'BARRIO ESCUELA 633',-27.4689930,-55.0771070,14),(2720,'BARRIO GUATAMBU',-26.6027930,-54.6955810,14),(2721,'BARRIO NUEVO GARUPA',-27.4321010,-55.8261390,14),(2722,'BARRIO RURAL',-27.8839190,-55.7857810,14),(2723,'BARRIO TUNGOIL',-27.1077570,-55.3881150,14),(2724,'BERNARDO DE IRIGOYEN',-26.2546760,-53.6472130,14),(2725,'BONPLAND',-27.4820700,-55.4774200,14),(2726,'CAA - YARI',-27.4807840,-55.2992350,14),(2727,'CABUREI',-25.6820370,-54.1426090,14),(2728,'CAMPO GRANDE',-27.2062680,-54.9790960,14),(2729,'CAMPO RAMON',-27.4522700,-55.0237350,14),(2730,'CAMPO VIERA',-27.3310560,-55.0528550,14),(2731,'CANDELARIA',-27.4591650,-55.7430840,14),(2732,'CAPIOVI',-26.9292030,-55.0569370,14),(2733,'CAPIOVICI?O',-26.8795020,-55.0705130,14),(2734,'CARAGUATAY',-26.6563490,-54.7392270,14),(2735,'CERRO AZUL',-27.6310350,-55.4938680,14),(2736,'CERRO CORA',-27.5086100,-55.6038620,14),(2737,'COLONIA ALICIA',-27.3792090,-54.3673000,14),(2738,'COLONIA AURORA',-27.4795580,-54.5154360,14),(2739,'COLONIA POLANA',-26.9810480,-55.3170690,14),(2740,'COLONIA VICTORIA',-26.3298890,-54.6215570,14),(2741,'CONCEPCION DE LA SIERRA',-27.9813160,-55.5209340,14),(2742,'CORPUS',-27.1278040,-55.5094180,14),(2743,'CRUCE CABALLERO',-26.5379470,-53.9437320,14),(2744,'DOMINGO SAVIO',-27.3546880,-55.3368340,14),(2745,'DOS ARROYOS',-27.6941710,-55.2587800,14),(2746,'DOS DE MAYO NUCLEO III',-27.0065770,-54.6123540,14),(2747,'DOS HERMANAS',-26.2918650,-53.7575830,14),(2748,'EL ALCAZAR',-26.7102590,-54.8161440,14),(2749,'EL SALTO',-27.4917330,-55.1989610,14),(2750,'EL SOBERBIO',-27.2908600,-54.2007780,14),(2751,'ELDORADO',-26.4086210,-54.6238430,14),(2752,'ESPERANZA',-26.0232970,-54.6125090,14),(2753,'ESTACION APOSTOLES',-27.9079590,-55.8079580,14),(2754,'FLORENTINO AMEGHINO',-27.6349580,-55.0877550,14),(2755,'FRACRAN',-26.7401510,-54.3000440,14),(2756,'GARUHAPE',-26.8186830,-54.9576120,14),(2757,'GARUPA',-27.4788130,-55.8224410,14),(2758,'GENERAL ALVEAR',-27.4228670,-55.1702710,14),(2759,'GENERAL URQUIZA',-27.1077320,-55.3737660,14),(2760,'GOBERNADOR LOPEZ',-27.6615250,-55.2124460,14),(2761,'GOBERNADOR ROCA',-27.1910170,-55.4682800,14),(2762,'GUARANI',-27.5203320,-55.1613630,14),(2763,'HELVECIA',-27.1105260,-55.3438280,14),(2764,'HIPOLITO YRIGOYEN',-27.0900610,-55.2870720,14),(2765,'INTEGRACION',-25.7724730,-53.8522970,14),(2766,'ITACARUARE',-27.8655820,-55.2638530,14),(2767,'JARDIN AMERICA',-27.0410710,-55.2320860,14),(2768,'KILOMETRO 17 RUTA 8)',-27.3105260,-54.9030560,14),(2769,'LA CORITA',-27.8884120,-55.3553000,14),(2770,'LAHARRAGUE',-26.5328190,-54.6506740,14),(2771,'LEANDRO N. ALEM',-27.6018680,-55.3264660,14),(2772,'LIBERTAD',-25.9216710,-54.5821210,14),(2773,'LORETO',-27.3296010,-55.5228090,14),(2774,'LOS HELECHOS',-27.5531850,-55.0778230,14),(2775,'MARIA MAGDALENA',-26.2380920,-54.6018100,14),(2776,'MARTIRES',-27.4188650,-55.3777940,14),(2777,'MBOPICUA',-26.8615010,-55.0463440,14),(2778,'MOJON GRANDE',-27.7077680,-55.1582020,14),(2779,'MONTECARLO',-26.5661760,-54.7614270,14),(2780,'NEMESIO PARMA',-27.3670040,-55.9982210,14),(2781,'NUCLEO I',-26.9808940,-54.7030770,14),(2782,'NUCLEO II',-27.0234500,-54.6788260,14),(2783,'NUEVA DELICIA',-26.1791400,-54.5836570,14),(2784,'OASIS',-26.9708360,-55.2491780,14),(2785,'OBERA',-27.4816560,-55.1251550,14),(2786,'OLEGARIO V. ANDRADE',-27.5658220,-55.5017250,14),(2787,'PANAMBI',-27.7185150,-54.9183710,14),(2788,'PANAMBI KILOMETRO 15',-27.7043310,-54.9664320,14),(2789,'PANAMBI KILOMETRO 8',-27.6631610,-54.9846520,14),(2790,'PARAISO',-26.6835660,-54.2050110,14),(2791,'PINDAPOY',-27.7474270,-55.7932490,14),(2792,'PI?ALITO NORTE',-25.9269850,-53.9254400,14),(2793,'PI?ALITO SUR',-26.4160780,-53.8369130,14),(2794,'PIRAY KILOMETRO 18',-26.5237920,-54.5916550,14),(2795,'POSADAS',-27.3662170,-55.8940020,14),(2796,'PROFUNDIDAD',-27.5585200,-55.7034470,14),(2797,'PUEBLO ILLIA',-27.1485150,-54.5624940,14),(2798,'PUEBLO NUEVO',-26.2445410,-54.5904680,14),(2799,'PUERTO ANDRESITO',-25.5880680,-54.0084920,14),(2800,'PUERTO DESEADO',-25.7862400,-54.0382670,14),(2801,'PUERTO IGUAZU',-25.6010430,-54.5767370,14),(2802,'PUERTO LEONI',-26.9840910,-55.1694840,14),(2803,'PUERTO MADO',-26.2310900,-54.6247150,14),(2804,'PUERTO PINARES',-26.4268170,-54.6857660,14),(2805,'PUERTO PIRAY',-26.4674950,-54.7136760,14),(2806,'PUERTO RICO',-26.8148520,-55.0240730,14),(2807,'PUERTO SANTA ANA',-27.3330800,-55.5864350,14),(2808,'RINCON DE AZARA',-28.1080780,-55.6318880,14),(2809,'ROCA CHICA',-27.2143690,-55.4202790,14),(2810,'RUIZ DE MONTOYA',-26.9665880,-55.0575900,14),(2811,'SALTO ENCANTADO',-27.0822800,-54.8334860,14),(2812,'SAN ALBERTO',-26.8048950,-54.9881510,14),(2813,'SAN ANTONIO',-26.0557840,-53.7339960,14),(2814,'SAN FRANCISCO DE ASIS',-27.4597790,-54.7478070,14),(2815,'SAN GOTARDO',-26.9225120,-55.1238740,14),(2816,'SAN IGNACIO',-27.2573500,-55.5397360,14),(2817,'SAN JAVIER',-27.8653230,-55.1348380,14),(2818,'SAN JOSE',-27.7653180,-55.7746920,14),(2819,'SAN MARTIN',-27.4618130,-55.2783440,14),(2820,'SAN MIGUEL',-26.8533370,-54.8892920,14),(2821,'SAN PEDRO',-26.6197900,-54.1146820,14),(2822,'SAN VICENTE',-26.9953790,-54.4834970,14),(2823,'SANTA ANA',-27.3671210,-55.5805570,14),(2824,'SANTA MARIA',-27.9292850,-55.4120570,14),(2825,'SANTA RITA',-27.5183530,-54.7305710,14),(2826,'SANTIAGO DE LINIERS',-26.3905870,-54.3947100,14),(2827,'SANTO PIPO',-27.1418560,-55.4074700,14),(2828,'TARUMA',-26.7282100,-54.7278210,14),(2829,'TOBUNA',-26.4664420,-53.8919890,14),(2830,'TRES CAPONES',-28.0000870,-55.6080430,14),(2831,'VALLE HERMOSO',-26.3825350,-54.4652850,14),(2832,'VILLA AKERMAN',-26.9412650,-55.0957710,14),(2833,'VILLA BONITA',-27.4796990,-54.9639230,14),(2834,'VILLA COOPERATIVA',-25.9359870,-54.5384660,14),(2835,'VILLA LIBERTAD',-27.5583420,-55.3160860,14),(2836,'VILLA PARODI',-26.4980180,-54.6804150,14),(2837,'VILLA ROULET',-26.4422590,-54.6405730,14),(2838,'VILLA URRUTIA',-26.8462680,-54.7397540,14),(2839,'WANDA',-25.9713260,-54.5610260,14),(2840,'SE DESCONOCE',0.0000000,0.0000000,15),(2841,'AGUADA SAN ROQUE',-37.9994790,-68.9231100,15),(2842,'ALUMINE',-39.2395010,-70.9180130,15),(2843,'ANDACOLLO',-37.1814100,-70.6690770,15),(2844,'A?ELO',-38.3514440,-68.7919720,15),(2845,'ARROYITO',-39.0744000,-68.5703350,15),(2846,'BAJADA DEL AGRIO',-38.4079800,-70.0276790,15),(2847,'BARRANCAS',-36.8247370,-69.9164780,15),(2848,'BARRIO RUCA LUHE',-38.7543910,-68.1803400,15),(2849,'BUTA RANQUIL',-37.0507880,-69.8738510,15),(2850,'CAVIAHUE',-37.8741210,-71.0537790,15),(2851,'CENTENARIO',-38.8275780,-68.1532190,15),(2852,'CHORRIACA',-37.9296240,-70.0562160,15),(2853,'CHOS MALAL',-37.3792570,-70.2723770,15),(2854,'COPAHUE',-37.8191700,-71.0991110,15),(2855,'COVUNCO CENTRO',-38.7532470,-70.0275920,15),(2856,'CUTRAL CO',-38.9366020,-69.2413390,15),(2857,'EL CHOCON',-39.2589790,-68.8268720,15),(2858,'EL CHOLAR',-37.4408650,-70.6441820,15),(2859,'EL HUECU',-37.6415830,-70.5790880,15),(2860,'EL SAUCE',-39.4750730,-69.5298230,15),(2861,'HUINGANCO',-37.1622540,-70.6240350,15),(2862,'JUNIN DE LOS ANDES',-39.9494720,-71.0703340,15),(2863,'LA BUITRERA',-38.5574700,-70.3665560,15),(2864,'LAGO MELIQUINA',-40.3816880,-71.2616150,15),(2865,'LAS COLORADAS',-39.5578640,-70.5932890,15),(2866,'LAS LAJAS',-38.5292610,-70.3689500,15),(2867,'LAS OVEJAS',-36.9881340,-70.7487000,15),(2868,'LONCOPUE',-38.0699430,-70.6124040,15),(2869,'LOS CATUTOS',-38.8384810,-70.1962110,15),(2870,'LOS MICHES',-37.2079270,-70.8208610,15),(2871,'MANZANO AMARGO',-36.7475540,-70.7652790,15),(2872,'MARI MENUCO',-38.5383040,-68.5575480,15),(2873,'MARIANO MORENO',-38.7642590,-70.0386670,15),(2874,'MOQUEHUE',-38.9431840,-71.3282930,15),(2875,'NEUQUEN',-38.9492860,-68.0839060,15),(2876,'OCTAVIO PICO',-37.5865100,-68.2686080,15),(2877,'PASO AGUERRE',-39.3393980,-69.8442150,15),(2878,'PICUN LEUFU',-39.5191360,-69.2962670,15),(2879,'PIEDRA DEL AGUILA',-40.0465540,-70.0773200,15),(2880,'PLAZA HUINCUL',-38.9290710,-69.2021590,15),(2881,'PLOTTIER',-38.9510560,-68.2478400,15),(2882,'QUILI MALAL',-38.3213180,-69.8143690,15),(2883,'RAMON M. CASTRO',-38.8655010,-69.7502650,15),(2884,'RINCON DE LOS SAUCES',-37.3899080,-68.9309940,15),(2885,'SAN MARTIN DE LOS ANDES',-40.1537600,-71.3550100,15),(2886,'SAN PATRICIO DEL CHA?AR',-38.6257820,-68.2986460,15),(2887,'SANTO TOMAS',-39.8218010,-70.1028880,15),(2888,'SENILLOSA',-39.0113030,-68.4333830,15),(2889,'TAQUIMILAN',-37.5169100,-70.2503860,15),(2890,'TRICAO MALAL',-37.0428490,-70.3347180,15),(2891,'VARVARCO',-36.8575630,-70.6784180,15),(2892,'VILLA DEL CURI LEUVU',-37.1337370,-70.3969230,15),(2893,'VILLA DEL NAHUEVE',-37.1209840,-70.7687470,15),(2894,'VILLA EL CHOCON',-39.2610100,-68.7842560,15),(2895,'VILLA LA ANGOSTURA',-40.7631760,-71.6451970,15),(2896,'VILLA PEHUENIA',-38.8838570,-71.1721340,15),(2897,'VILLA TRAFUL',-40.6515340,-71.4069730,15),(2898,'VISTA ALEGRE NORTE',-38.7277120,-68.1721440,15),(2899,'VISTA ALEGRE SUR',-38.7715540,-68.1369190,15),(2900,'ZAPALA',-38.8961690,-70.0668550,15),(2901,'SE DESCONOCE',0.0000000,0.0000000,16),(2902,'AGUADA CECILIO',-40.8478740,-65.8393270,16),(2903,'AGUADA DE GUERRA',-41.0639020,-68.3843810,16),(2904,'AGUADA GUZMAN',-39.9787590,-68.8683980,16),(2905,'ALLEN',-38.9795110,-67.8280210,16),(2906,'ARROYO LOS BERROS',-41.4372540,-66.0950770,16),(2907,'ARROYO VENTANA',-41.6653940,-66.0860140,16),(2908,'BAHIA CREEK',-41.0954240,-63.9092240,16),(2909,'BAJO SAN CAYETANO',-38.7513230,-68.0085540,16),(2910,'BARDA DEL MEDIO',-38.7246630,-68.1580560,16),(2911,'BARRIO BLANCO',-39.0309640,-67.7863230,16),(2912,'BARRIO CALLE CIEGA N? 10',-39.0230090,-67.8005040,16),(2913,'BARRIO CALLE CIEGA N? 6',-39.0430890,-67.7520660,16),(2914,'BARRIO CANALE',-39.0682960,-67.6389240,16),(2915,'BARRIO CHACRA MONTE',-39.0516490,-67.6345850,16),(2916,'BARRIO COLONIA CONESA',-40.1405720,-64.3297430,16),(2917,'BARRIO COSTA ESTE',-39.0418590,-67.8075970,16),(2918,'BARRIO COSTA LINDA',-38.9435970,-67.9095130,16),(2919,'BARRIO COSTA OESTE',-39.0280740,-67.8406950,16),(2920,'BARRIO DESTACAMENTO',-37.6888020,-67.8695490,16),(2921,'BARRIO EL LABRADOR',-38.6719230,-68.2343300,16),(2922,'BARRIO EL MARUCHITO',-38.9965480,-67.7600070,16),(2923,'BARRIO EL PETROLEO',-39.0639270,-67.5120160,16),(2924,'BARRIO EL PILAR',-41.1814200,-71.3493440,16),(2925,'BARRIO EL TREINTA',-38.8937120,-67.9710680,16),(2926,'BARRIO EMERGENTE',-39.0016520,-67.8506840,16),(2927,'BARRIO ESPERANZA',-39.0418770,-63.9985910,16),(2928,'BARRIO FRONTERA',-39.0719160,-67.7129100,16),(2929,'BARRIO GORETTI',-38.9655980,-67.9509550,16),(2930,'BARRIO GUERRICO',-39.0416840,-67.7340080,16),(2931,'BARRIO ISLA 10',-38.9966440,-67.9181460,16),(2932,'BARRIO LA BARDA',-39.0494650,-67.2177940,16),(2933,'BARRIO LA COSTA',-39.0753070,-67.5392260,16),(2934,'BARRIO LA COSTA',-39.0923450,-67.2007280,16),(2935,'BARRIO LA DEFENSA',-39.0331820,-67.3862480,16),(2936,'BARRIO LA HERRADURA',-39.0370770,-67.7820590,16),(2937,'BARRIO LA LOR',-38.9245850,-68.0307900,16),(2938,'BARRIO LA RIBERA - BARRIO APYCAR',-39.0772590,-67.5794990,16),(2939,'BARRIO LAS ANGUSTIAS',-39.0298110,-67.5009910,16),(2940,'BARRIO LUISILLO',-39.0514050,-67.3468990,16),(2941,'BARRIO MAR DEL PLATA',-39.0827870,-67.6523990,16),(2942,'BARRIO MARIA ELVIRA',-38.9901440,-67.9613100,16),(2943,'BARRIO MO?O AZUL',-39.1306870,-66.8941650,16),(2944,'BARRIO MOSCONI',-39.0907180,-67.5898600,16),(2945,'BARRIO NORTE',-38.8637280,-68.0231910,16),(2946,'BARRIO PINAR',-37.6748280,-67.8736520,16),(2947,'BARRIO PINO AZUL',-39.0557370,-67.5935300,16),(2948,'BARRIO PLANTA COMPRESORA DE GAS',-40.0564740,-64.4726090,16),(2949,'BARRIO PORVENIR',-39.0430280,-67.4642040,16),(2950,'BARRIO PRESIDENTE PERON',-38.7961850,-68.0734330,16),(2951,'BARRIO PUENTE 83',-38.9655980,-67.9509550,16),(2952,'BARRIO PUENTE DE MADERA',-38.9589650,-67.9492410,16),(2953,'BARRIO SANTA RITA',-39.1260790,-67.1035170,16),(2954,'BARRIO TRES LUCES',-38.9386790,-67.9440030,16),(2955,'BARRIO UNION',-39.1585370,-66.1856070,16),(2956,'BARRIO UNION',-38.9791870,-67.9419760,16),(2957,'CA?ADON CHILENO',-40.8843060,-70.0229630,16),(2958,'CATRIEL',-37.8815290,-67.7945570,16),(2959,'CERRO POLICIA',-39.7252940,-68.4939530,16),(2960,'CERVANTES',-39.0515790,-67.3930560,16),(2961,'CHELFORO',-39.0881630,-66.5209550,16),(2962,'CHICHINALES',-39.1148810,-66.9425150,16),(2963,'CHIMPAY',-39.1651530,-66.1447070,16),(2964,'CHOELE CHOEL',-39.2884540,-65.6632810,16),(2965,'CINCO SALTOS',-38.8405540,-68.0623010,16),(2966,'CIPOLLETTI',-38.9220600,-67.9955490,16),(2967,'CLEMENTE ONELLI',-41.2448350,-70.0342030,16),(2968,'COLAN CONUE',-40.6706080,-69.1112550,16),(2969,'COLONIA FATIMA',-39.0531680,-67.4729670,16),(2970,'COLONIA JULIA Y ECHARREN',-39.0361230,-64.0139390,16),(2971,'COLONIA SUIZA',-41.0947500,-71.5055270,16),(2972,'COMALLO',-41.0298750,-70.2699810,16),(2973,'COMICO',-41.0632760,-67.5965600,16),(2974,'CONA NIYEU',-41.8812020,-66.9407400,16),(2975,'CONTRALMIRANTE CORDERO',-38.7570060,-68.0994970,16),(2976,'CORONEL BELISLE',-39.1858300,-65.9563190,16),(2977,'DARWIN',-39.2026910,-65.7409170,16),(2978,'DINA HUAPI',-41.0691930,-71.1621930,16),(2979,'EL BOLSON',-41.9804860,-71.5336170,16),(2980,'EL CAIN',-41.8182870,-68.0774150,16),(2981,'EL CONDOR',-41.0430740,-62.8212340,16),(2982,'EL CUY',-39.9230910,-68.3369500,16),(2983,'EL FOYEL',-41.6571200,-71.4592780,16),(2984,'EL JUNCAL',-40.8040460,-63.1192580,16),(2985,'ESTACION EMPALME',-40.7066030,-65.0030740,16),(2986,'FERRI',-38.8871750,-68.0068430,16),(2987,'GENERAL CONESA',-40.1047350,-64.4529620,16),(2988,'GENERAL ENRIQUE GODOY',-39.0795500,-67.1575510,16),(2989,'GENERAL FERNANDEZ ORO',-38.9543600,-67.9251090,16),(2990,'GUARDIA MITRE',-40.4302950,-63.6719140,16),(2991,'INGENIERO JACOBACCI',-41.3268130,-69.5441260,16),(2992,'INGENIERO LUIS A. HUERGO',-39.0711760,-67.2328880,16),(2993,'INGENIERO OTTO KRAUSE',-39.1114280,-66.9939100,16),(2994,'JUVENTUD UNIDA',-39.0125650,-64.0650450,16),(2995,'LA LOBERIA',-41.1541010,-63.1234800,16),(2996,'LAGUNA BLANCA',-40.7925950,-69.8810400,16),(2997,'LAMARQUE',-39.4232650,-65.7014500,16),(2998,'LAS BAYAS',-41.4504060,-70.6827890,16),(2999,'LAS GRUTAS',-40.8060930,-65.0847020,16),(3000,'LAS PERLAS',-38.9840690,-68.1403500,16),(3001,'LOS MENUCOS',-40.8451910,-68.0832030,16),(3002,'LOTEO COSTA DE RIO',-40.8722980,-62.9146640,16),(3003,'LUIS BELTRAN',-39.3088800,-65.7648710,16),(3004,'MAINQUE',-39.0637560,-67.3042810,16),(3005,'MALLIN AHOGADO',-41.8412740,-71.5091290,16),(3006,'MAMUEL CHOIQUE',-41.7698420,-70.1708630,16),(3007,'MAQUINCHAO',-41.2475170,-68.7003410,16),(3008,'MENCUE',-40.4229030,-69.6143880,16),(3009,'MINA SANTA TERESITA',-40.9343440,-69.4116590,16),(3010,'MINISTRO RAMOS MEXIA',-40.5085400,-67.2619210,16),(3011,'NAHUEL NIYEU',-40.5041980,-66.5657530,16),(3012,'NAUPA HUEN',-39.8282850,-69.5089730,16),(3013,'?IRIHUAU',-41.0885590,-71.1369130,16),(3014,'?ORQUINCO',-41.8434490,-70.8943930,16),(3015,'OJOS DE AGUA',-41.5348920,-69.8546460,16),(3016,'PASO CORDOVA',-39.1153330,-67.6264970,16),(3017,'PASO CORDOVA',-39.1077500,-67.6277070,16),(3018,'PENINSULA RUCA CO',-38.7010670,-68.0277180,16),(3019,'PICHI MAHUIDA',-38.8296140,-64.9374200,16),(3020,'PILCANIYEU',-41.1252900,-70.7216940,16),(3021,'PILQUINIYEU',-41.9083870,-68.3424730,16),(3022,'PILQUINIYEU DEL LIMAY',-40.5448520,-70.0532310,16),(3023,'PLAYAS DORADAS',-41.6276790,-65.0236750,16),(3024,'POMONA',-39.4841600,-65.6124600,16),(3025,'POZO SALADO',-41.0178490,-64.1403930,16),(3026,'PRAHUANIYEU',-41.3591520,-67.9314760,16),(3027,'PUERTO SAN ANTONIO ESTE',-40.8008820,-64.8778970,16),(3028,'PUNTA COLORADA',-41.6941220,-65.0245570,16),(3029,'RIO CHICO',-41.7167230,-70.4710840,16),(3030,'RIO COLORADO',-38.9914140,-64.0874680,16),(3031,'RIO VILLEGAS',-41.5822160,-71.5012930,16),(3032,'SACO VIEJO',-40.8110050,-64.7581130,16),(3033,'SALTO ANDERSEN',-38.8229790,-64.8182780,16),(3034,'SAN ANTONIO OESTE',-40.7312950,-64.9552940,16),(3035,'SAN CARLOS DE BARILOCHE',-41.1192630,-71.3511420,16),(3036,'SAN JAVIER',-40.7472510,-63.2646520,16),(3037,'SANTA LUCIA',-39.0282520,-67.2984550,16),(3038,'SARGENTO VIDAL',-38.6856410,-68.1580780,16),(3039,'SIERRA COLORADA',-40.5850990,-67.7555450,16),(3040,'SIERRA GRANDE',-41.6071860,-65.3534020,16),(3041,'SIERRA PAILEMAN',-41.1812710,-65.9614290,16),(3042,'TRENETA',-40.8508280,-66.9816850,16),(3043,'TRES LUCES',-38.9655980,-67.9509550,16),(3044,'VALCHETA',-40.6778620,-66.1653260,16),(3045,'VALLE AZUL',-39.1404830,-66.7285640,16),(3046,'VIEDMA',-40.8093230,-62.9853200,16),(3047,'VILLA ALBERDI',-39.1283460,-67.0481130,16),(3048,'VILLA ARELAUQUEN',-41.1700880,-71.3851120,16),(3049,'VILLA CAMPANARIO',-41.0649700,-71.4726740,16),(3050,'VILLA CATEDRAL',-41.1666350,-71.4375750,16),(3051,'VILLA DEL PARQUE',-39.1258080,-66.9976300,16),(3052,'VILLA LLANQUIN',-40.9239100,-71.0338580,16),(3053,'VILLA LLAO LLAO',-41.0697600,-71.5396510,16),(3054,'VILLA LOS COIHUES',-41.1575790,-71.4131560,16),(3055,'VILLA MANZANO',-38.6806040,-68.2157180,16),(3056,'VILLA MASCARDI',-41.3495540,-71.5090420,16),(3057,'VILLA REGINA',-39.0962970,-67.0828090,16),(3058,'VILLA SAN ISIDRO',-38.7064850,-68.1737460,16),(3059,'YAMINUE',-40.8429270,-67.1922500,16),(3060,'SE DESCONOCE',0.0000000,0.0000000,17),(3061,'ACOYTE',-22.2625710,-64.9993430,17),(3062,'AGUARAY',-22.2388140,-63.7283890,17),(3063,'AGUAS BLANCAS',-22.7245610,-64.3463190,17),(3064,'ALTO DE LA SIERRA',-22.6893770,-62.4527760,17),(3065,'AMPASCACHI',-25.3554560,-65.5323040,17),(3066,'ANGASTACO',-25.6837320,-66.1630080,17),(3067,'ANIMANA',-25.9250700,-65.9634890,17),(3068,'ANTILLA',-26.1367470,-64.6079960,17),(3069,'APOLINARIO SARAVIA',-24.4402120,-64.0003360,17),(3070,'ATOCHA',-24.8166720,-65.4787180,17),(3071,'BARRIO EL CONGRESO',-24.8774310,-65.4784640,17),(3072,'BARRIO EL JARDIN DE SAN MARTIN',-22.4497650,-63.8856190,17),(3073,'BARRIO EL MILAGRO',-22.5413250,-63.7927890,17),(3074,'BARRIO LA ROTONDA',-25.0825650,-65.5369940,17),(3075,'BARRIO LAS TUNAS',-24.8581690,-65.3991340,17),(3076,'BARRIO LOS OLMOS',-24.8784310,-65.4662900,17),(3077,'BARRIO LOS PINARES',-24.8581690,-65.3991340,17),(3078,'BARRIO SAN RAFAEL',-24.8141970,-65.4579730,17),(3079,'BARRIO SANTA TERESITA',-25.0370260,-65.5726460,17),(3080,'CABRA CORRAL',-25.2900370,-65.3877850,17),(3081,'CACHI',-25.1201640,-66.1679490,17),(3082,'CAFAYATE',-26.0765380,-65.9862900,17),(3083,'CAMPAMENTO VESPUCIO',-22.5800470,-63.8523230,17),(3084,'CAMPICHUELO',-23.1062410,-63.9953140,17),(3085,'CAMPO DURAN',-22.1925190,-63.6556170,17),(3086,'CAMPO LA CRUZ',-22.4282270,-65.1454050,17),(3087,'CAMPO QUIJANO',-24.9095600,-65.6395050,17),(3088,'CAMPO SANTO',-24.6839920,-65.1028560,17),(3089,'CAPIAZUTI',-22.1673390,-63.7086210,17),(3090,'CAPITAN JUAN PAGE',-23.7084880,-62.3817950,17),(3091,'CARBONCITO',-23.2595020,-63.8026690,17),(3092,'CC EL TIPAL',-24.7656880,-65.4762990,17),(3093,'CC LA ALMUDENA',-24.7635440,-65.4639760,17),(3094,'CEIBALITO',-25.1278600,-64.2896740,17),(3095,'CENTRO 25 DE JUNIO',-24.9773190,-63.8698560,17),(3096,'CERRILLOS',-24.8997480,-65.4884060,17),(3097,'CHICOANA',-25.1056020,-65.5368900,17),(3098,'COBOS',-24.7414710,-65.0839320,17),(3099,'COBRES',-23.6392000,-66.2684040,17),(3100,'COLONIA SANTA ROSA',-23.3664490,-64.3524070,17),(3101,'COPO QUILE',-26.0280260,-64.6831910,17),(3102,'CORONEL CORNEJO',-22.7366060,-63.8212340,17),(3103,'CORONEL JUAN SOLA',-23.4836430,-62.8913110,17),(3104,'CORONEL MOLDES',-25.2889400,-65.4745370,17),(3105,'CORONEL MOLLINEDO',-24.5136420,-64.0648840,17),(3106,'CORONEL OLLEROS',-25.1146920,-64.2258660,17),(3107,'DRAGONES',-23.2581870,-63.3390560,17),(3108,'EL BARRIAL',-25.9119190,-65.9509640,17),(3109,'EL BORDO',-24.6610740,-65.1054300,17),(3110,'EL CARRIL',-25.0768550,-65.4938470,17),(3111,'EL GALPON',-25.3915860,-64.6595060,17),(3112,'EL JARDIN',-26.0938830,-65.4138420,17),(3113,'EL NARANJO',-25.7376090,-65.0197890,17),(3114,'EL POTRERO',-26.0638950,-64.6568310,17),(3115,'EL QUEBRACHAL',-25.3519820,-64.0287960,17),(3116,'EL TABACAL',-23.2500270,-64.2445060,17),(3117,'EL TALA',-26.1208920,-65.2873060,17),(3118,'EL TUNAL',-25.2652650,-64.4061040,17),(3119,'EMBARCACION',-23.2350870,-64.0122930,17),(3120,'GAONA',-25.2581750,-64.0470240,17),(3121,'GENERAL BALLIVIAN',-22.9276110,-63.8522930,17),(3122,'GENERAL GUEMES',-24.6684440,-65.0493530,17),(3123,'GENERAL MOSCONI',-22.5888630,-63.8118900,17),(3124,'GENERAL PIZARRO',-24.2342250,-63.9910920,17),(3125,'GUACHIPAS',-25.5235480,-65.5187640,17),(3126,'HICKMAN',-23.2174880,-63.5643620,17),(3127,'HIPOLITO YRIGOYEN',-23.2382700,-64.2718130,17),(3128,'HITO 1',-21.9997110,-62.8237380,17),(3129,'IRUYA',-22.7789160,-65.2063600,17),(3130,'ISLA DE CA?AS',-22.8864200,-64.6573760,17),(3131,'JOAQUIN V. GONZALEZ',-25.1294320,-64.1385890,17),(3132,'LA CALDERA',-24.6049490,-65.3823380,17),(3133,'LA CANDELARIA',-26.0961790,-65.0610120,17),(3134,'LA CIENAGA',-24.8086150,-65.5127340,17),(3135,'LA MAROMA',-25.1512350,-65.4426110,17),(3136,'LA MERCED',-24.9660900,-65.4895900,17),(3137,'LA MERCED DEL ENCON',-24.8709650,-65.5607600,17),(3138,'LA MISION',-23.3154630,-64.4077090,17),(3139,'LA POMA',-24.7129010,-66.1997390,17),(3140,'LA PUERTA',-25.2804540,-66.4508400,17),(3141,'LA SILLETA',-24.8784640,-65.5901790,17),(3142,'LA UNION',-23.9462050,-63.1119730,17),(3143,'LA VI?A',-25.4719720,-65.5719840,17),(3144,'LAS COSTAS',-24.7690500,-65.4860330,17),(3145,'LAS LAJITAS',-24.7331990,-64.1994830,17),(3146,'LOS BLANCOS',-23.6301480,-62.5972370,17),(3147,'LOS TOLDOS',-22.2528950,-64.6816680,17),(3148,'LUIS BURELA',-24.3977140,-63.9961110,17),(3149,'LUMBRERAS',-25.2172580,-64.9306860,17),(3150,'MACAPILLO',-25.4215690,-63.9896050,17),(3151,'METAN VIEJO',-25.5418040,-64.9849390,17),(3152,'MISION CHAQUE?A',-23.2761410,-63.7361800,17),(3153,'MISION EL CRUCE',-22.5413250,-63.7927890,17),(3154,'MISION KILOMETRO 6',-22.5060230,-63.7399720,17),(3155,'MISION TIERRAS FISCALES',-23.2644560,-64.0052650,17),(3156,'MOLINOS',-25.4442430,-66.3088500,17),(3157,'NAZARENO',-22.4818540,-65.0949730,17),(3158,'NUESTRA SE?ORA DE TALAVERA',-25.4810730,-63.7880010,17),(3159,'OLACAPATO',-24.1197750,-66.7142590,17),(3160,'PACARA',-22.4452720,-63.4354320,17),(3161,'PADRE LOZANO',-23.2157250,-63.8426470,17),(3162,'PAYOGASTA',-25.0489480,-66.1027100,17),(3163,'PICHANAL',-23.3133900,-64.2197520,17),(3164,'PIQUETE CABADO',-24.8260410,-64.1855790,17),(3165,'PIQUIRENDA',-22.3335490,-63.7596850,17),(3166,'PLUMA DE PATO',-23.3808430,-63.0980560,17),(3167,'POSCAYA',-22.4336270,-65.0678960,17),(3168,'PROFESOR SALVADOR MAZZA',-22.0542630,-63.6872830,17),(3169,'PUEBLO VIEJO',-22.8263430,-65.2018360,17),(3170,'RECAREDO',-22.4497650,-63.8856190,17),(3171,'RIO DEL VALLE',-24.6839690,-64.2017890,17),(3172,'RIO PIEDRAS',-25.3211820,-64.9173290,17),(3173,'RIVADAVIA',-24.1928480,-62.8855850,17),(3174,'ROSARIO DE LA FRONTERA',-25.8088970,-64.9840620,17),(3175,'ROSARIO DE LERMA',-24.9780010,-65.5804320,17),(3176,'SALTA',-24.7865550,-65.3976350,17),(3177,'SAN AGUSTIN',-24.9967900,-65.4377600,17),(3178,'SAN ANTONIO DE LOS COBRES',-24.2099310,-66.3154360,17),(3179,'SAN CARLOS',-25.8954500,-65.9374120,17),(3180,'SAN FELIPE',-25.7231130,-64.8260630,17),(3181,'SAN JOSE DE METAN',-25.5077210,-64.9821250,17),(3182,'SAN JOSE DE ORQUERA',-25.2783090,-64.0850560,17),(3183,'SAN MARCOS',-22.5090050,-65.1012420,17),(3184,'SAN RAMON DE LA NUEVA ORAN',-23.1298140,-64.3185880,17),(3185,'SANTA MARIA',-22.1394980,-62.8383250,17),(3186,'SANTA ROSA',-24.0763770,-63.1236770,17),(3187,'SANTA ROSA DE LOS PASTOS GRANDES',-24.4781060,-66.6785400,17),(3188,'SANTA VICTORIA',-22.2294620,-64.9503260,17),(3189,'SANTA VICTORIA ESTE',-22.2772900,-62.7043720,17),(3190,'SECLANTAS',-25.3305100,-66.2484470,17),(3191,'TALAPAMPA',-25.5463750,-65.5596730,17),(3192,'TARTAGAL',-22.5098650,-63.7970470,17),(3193,'TOBANTIRENDA',-22.1383320,-63.7061820,17),(3194,'TOLAR GRANDE',-24.5579850,-67.4369650,17),(3195,'TOLLOCHE',-25.5466460,-63.5342920,17),(3196,'TOLOMBOM',-26.2029570,-65.9467960,17),(3197,'TRANQUITAS',-22.4076170,-63.7681400,17),(3198,'URUNDEL',-23.5516310,-64.3965190,17),(3199,'VAQUEROS',-24.6945210,-65.4026940,17),(3200,'VILLA LOS ALAMOS',-24.8640290,-65.4641820,17),(3201,'VILLA SAN LORENZO',-24.7333010,-65.4847890,17),(3202,'YACUY',-22.3765770,-63.7654300,17),(3203,'SE DESCONOCE',0.0000000,0.0000000,18),(3204,'ALTO DE SIERRA',-31.5265280,-68.4106010,18),(3205,'ANGUALASTO',-30.0536460,-69.1717080,18),(3206,'ASTICA',-30.9538850,-67.3006350,18),(3207,'BALDE DEL ROSARIO',-30.3207150,-67.6951970,18),(3208,'BARREAL',-31.6523290,-69.4796740,18),(3209,'BARRIO JUSTO P. CASTRO IV',-31.6283030,-68.3008270,18),(3210,'BARRIO MUNICIPAL',-31.7523490,-68.5597210,18),(3211,'BARRIO RUTA 40',-31.8595310,-68.5345170,18),(3212,'BARRIO SADOP',-31.5367180,-68.3955680,18),(3213,'BELLA VISTA',-30.4401530,-69.2447870,18),(3214,'BERMEJO',-31.5918360,-67.6623620,18),(3215,'CALINGASTA',-31.3354100,-69.4273820,18),(3216,'CAMPO AFUERA',-31.4165330,-68.5316140,18),(3217,'CA?ADA HONDA',-31.9850530,-68.5481910,18),(3218,'CARPINTERIA',-31.8301410,-68.5420990,18),(3219,'CAUCETE',-31.6514790,-68.2821400,18),(3220,'CHIMBAS',-31.4929010,-68.4840480,18),(3221,'CHUCUMA',-31.0688860,-67.2788290,18),(3222,'CIENAGUITA',-32.0763380,-68.6907630,18),(3223,'COLONIA FIORITO',-31.5551790,-68.4205990,18),(3224,'COLONIA FISCAL',-31.9027440,-68.4696590,18),(3225,'COLONIA GUTIERREZ',-31.5173970,-68.4546490,18),(3226,'DIVISADERO',-32.0104980,-68.6904860,18),(3227,'DOS ACEQUIAS',-31.4913860,-68.4185300,18),(3228,'EL ENCON',-32.2163730,-67.7930570,18),(3229,'EL FISCAL',-30.2202750,-68.6909970,18),(3230,'EL MEDANITO',-31.5834830,-68.4697870,18),(3231,'EL MEDANO',-30.1293830,-68.6791730,18),(3232,'EL MOGOTE',-31.4800260,-68.4821820,18),(3233,'EL RINCON',-31.6648790,-68.3211580,18),(3234,'EL RINCON',-31.4480940,-68.5425140,18),(3235,'GRAN CHINA',-30.1225270,-68.7162000,18),(3236,'GUANACACHE',-32.0753810,-68.5856950,18),(3237,'HUACO',-30.1570670,-68.4809370,18),(3238,'IGLESIA',-30.4128220,-69.2051640,18),(3239,'LA CA?ADA',-31.4475640,-68.4817210,18),(3240,'LA CHIMBERA',-31.8505510,-68.3094620,18),(3241,'LA FALDA',-30.1628730,-68.6652630,18),(3242,'LA RINCONADA',-31.6952380,-68.5923030,18),(3243,'LAS CHACRITAS',-31.5936420,-68.4077200,18),(3244,'LAS FLORES',-30.3242640,-69.2453070,18),(3245,'LAS LAGUNAS',-32.0443780,-68.3778990,18),(3246,'LAS PIEDRITAS',-31.6294740,-68.6080770,18),(3247,'LAS TALAS',-31.6009570,-68.2979740,18),(3248,'LAS TAPIAS',-31.4084470,-68.3999430,18),(3249,'LOS BALDECITOS',-30.2241890,-67.7014210,18),(3250,'LOS BERROS',-31.9514580,-68.6510940,18),(3251,'LOS MEDANOS',-31.6267500,-68.2618590,18),(3252,'MARAYES',-31.4776700,-67.3093650,18),(3253,'MOGNA',-30.6845100,-68.3775540,18),(3254,'NIQUIVIL',-30.4006750,-68.6910630,18),(3255,'PAMPA VIEJA',-30.2202750,-68.6909970,18),(3256,'PEDERNAL',-31.9950080,-68.7590870,18),(3257,'PIE DE PALO',-31.6609350,-68.2204020,18),(3258,'PISMANTA',-30.2709800,-69.2286100,18),(3259,'PUNTA DEL MEDANO',-31.8946040,-68.4183100,18),(3260,'QUINTO CUARTEL',-31.6140360,-68.6001750,18),(3261,'RAWSON',-31.5696190,-68.5577690,18),(3262,'RIVADAVIA',-31.5335200,-68.5920690,18),(3263,'RODEO',-30.2099580,-69.1336130,18),(3264,'SAN ISIDRO',-30.1488920,-68.7044950,18),(3265,'SAN ISIDRO',-31.4870990,-68.3251340,18),(3266,'SAN JOSE DE JACHAL',-30.2427670,-68.7454930,18),(3267,'SAN JUAN',-31.5371970,-68.5250180,18),(3268,'SANTA LUCIA',-31.5130350,-68.4565990,18),(3269,'TAMBERIAS',-30.1822860,-68.7277860,18),(3270,'TAMBERIAS',-31.4603770,-69.4229130,18),(3271,'TUDCUM',-30.1883780,-69.2702840,18),(3272,'TUPELI',-31.8390320,-68.3573940,18),(3273,'USNO',-30.5640050,-67.5403270,18),(3274,'VALLECITO',-31.7403740,-67.9885250,18),(3275,'VILLA ABERASTAIN',-31.6570130,-68.5736090,18),(3276,'VILLA AMPACAMA',-31.3864090,-68.4572410,18),(3277,'VILLA BARBOZA',-31.5921800,-68.5723920,18),(3278,'VILLA BASILIO NIEVAS',-31.5438790,-68.7407760,18),(3279,'VILLA BOLA?OS',-31.6292970,-68.4706680,18),(3280,'VILLA BORJAS',-31.8100070,-68.3289620,18),(3281,'VILLA CENTENARIO',-31.6684030,-68.5222920,18),(3282,'VILLA DOMINGUITO',-31.5591210,-68.2976450,18),(3283,'VILLA DON BOSCO',-31.5518880,-68.3390190,18),(3284,'VILLA EL SALVADOR',-31.4454020,-68.4176400,18),(3285,'VILLA EL SALVADOR',-31.4639040,-68.4095850,18),(3286,'VILLA EL TANGO',-31.7632690,-68.2222970,18),(3287,'VILLA GENERAL SAN MARTIN',-31.4210710,-68.4907610,18),(3288,'VILLA IBA?EZ',-31.4659390,-68.7353340,18),(3289,'VILLA INDEPENDENCIA',-31.6245290,-68.3138150,18),(3290,'VILLA KRAUSE',-31.5837190,-68.5410820,18),(3291,'VILLA MALVINAS ARGENTINAS',-30.2142410,-68.7165560,18),(3292,'VILLA MEDIA AGUA',-31.9810020,-68.4270030,18),(3293,'VILLA MERCEDES',-30.1088720,-68.7009430,18),(3294,'VILLA NACUSI',-31.6219380,-68.5359580,18),(3295,'VILLA PAULA ALBARRACIN',-31.4936360,-68.5357080,18),(3296,'VILLA PITUIL',-31.6528320,-69.4815390,18),(3297,'VILLA SAN AGUSTIN',-30.6367080,-67.4650600,18),(3298,'VILLA SAN MARTIN',-31.5167620,-68.3526470,18),(3299,'VILLA SANTA ROSA',-31.7448090,-68.3142410,18),(3300,'VILLA SEFAIR TALACASTO)',-31.4439400,-68.4217690,18),(3301,'VILLA TACU',-31.5293320,-68.7253410,18),(3302,'SE DESCONOCE',0.0000000,0.0000000,19),(3303,'ALTO PELADO',-33.8425030,-66.1375990,19),(3304,'ALTO PENCOSO',-33.4306360,-66.9279670,19),(3305,'ANCHORENA',-35.6746450,-65.4244230,19),(3306,'ARIZONA',-35.7229150,-65.3187210,19),(3307,'BAGUAL',-35.1448480,-65.5676650,19),(3308,'BALDE',-33.3432700,-66.6260470,19),(3309,'BATAVIA',-34.7755330,-65.6862990,19),(3310,'BEAZLEY',-33.7577340,-66.6459600,19),(3311,'BUENA ESPERANZA',-34.7582790,-65.2503690,19),(3312,'CANDELARIA',-32.0607490,-65.8276910,19),(3313,'CAROLINA',-32.8128570,-66.0932330,19),(3314,'CARPINTERIA',-32.4102500,-65.0113930,19),(3315,'CAZADOR',-33.8576580,-66.3696150,19),(3316,'CERRO COLORADO',-33.2550960,-66.2286550,19),(3317,'CERRO DE ORO',-32.3851960,-64.9859440,19),(3318,'CHOSMES',-33.3959970,-66.7463970,19),(3319,'CIUDAD DE LA PUNTA',-33.1816570,-66.3136080,19),(3320,'CONCARAN',-32.5607280,-65.2452810,19),(3321,'CORTADERAS',-32.5076500,-64.9869660,19),(3322,'COUNTRY CLUB LOS CALDENES',-33.7036130,-65.3290340,19),(3323,'CRUZ DE PIEDRA',-33.2662670,-66.2171500,19),(3324,'DESAGUADERO',-33.4004590,-67.1480820,19),(3325,'EL CHORRILLO',-33.2889480,-66.2580410,19),(3326,'EL TRAPICHE',-33.1082720,-66.0633710,19),(3327,'EL VOLCAN',-33.2512970,-66.1877020,19),(3328,'ESTANCIA GRANDE',-33.1905470,-66.1527990,19),(3329,'FORTIN EL PATRIA',-34.7697570,-65.5229350,19),(3330,'FORTUNA',-35.1282920,-65.3818220,19),(3331,'FRAGA',-33.5020870,-65.7926480,19),(3332,'JARILLA',-33.3986580,-67.0274300,19),(3333,'JUAN JORBA',-33.6132810,-65.2717500,19),(3334,'JUAN LLERENA',-33.2811130,-65.6145770,19),(3335,'JUSTO DARACT',-33.8585830,-65.1870410,19),(3336,'LA BAJADA',-33.1571610,-66.0131880,19),(3337,'LA CALERA',-32.8619920,-66.8506530,19),(3338,'LA FLORIDA',-33.1167590,-66.0020090,19),(3339,'LA MAROMA',-35.2127000,-66.3264250,19),(3340,'LA PUNILLA',-33.1429540,-65.0861310,19),(3341,'LA RIBERA',-33.6918120,-65.5007310,19),(3342,'LA TOMA',-33.0544380,-65.6226980,19),(3343,'LA VERTIENTE',-32.7975030,-65.7568970,19),(3344,'LAFINUR',-32.0621150,-65.3496820,19),(3345,'LAS AGUADAS',-32.3763580,-65.5012040,19),(3346,'LAS CHACRAS',-32.5435130,-65.7446390,19),(3347,'LAS CHACRAS',-33.2608220,-66.2381060,19),(3348,'LAS LAGUNAS',-32.6298120,-65.5511440,19),(3349,'LAVAISSE',-33.8221480,-65.4237930,19),(3350,'LEANDRO N. ALEM',-32.1047820,-65.9621120,19),(3351,'LOS CAJONES',-32.0257510,-65.3749360,19),(3352,'LOS MOLLES',-32.4395450,-65.0106820,19),(3353,'LOS OVEROS',-35.8808970,-66.4450140,19),(3354,'LUJAN',-32.3660350,-65.9425440,19),(3355,'MARTIN DE LOYOLA',-35.7111680,-66.3525280,19),(3356,'MERLO',-32.3425390,-65.0141370,19),(3357,'MOSMOTA',-33.6458920,-66.9934500,19),(3358,'NACION RANQUEL',-34.6086190,-65.7348530,19),(3359,'NAHUEL MAPA',-34.7833680,-66.1701500,19),(3360,'NASCHEL',-32.9168220,-65.3755480,19),(3361,'NAVIA',-34.7726730,-66.5862790,19),(3362,'NOGOLI',-32.9173750,-66.3257600,19),(3363,'NUEVA GALIA',-35.1124750,-65.2532110,19),(3364,'PAPAGAYOS',-32.6786410,-64.9881800,19),(3365,'PASO GRANDE',-32.8769740,-65.6345300,19),(3366,'POTRERILLO',-32.6714010,-65.6626270,19),(3367,'POTRERO DE LOS FUNES',-33.2187790,-66.2307290,19),(3368,'QUINES',-32.2330820,-65.8056330,19),(3369,'RENCA',-32.7717680,-65.3637610,19),(3370,'RIO GRANDE',-33.0485050,-66.0717540,19),(3371,'RIOCITO',-33.0964300,-65.9908380,19),(3372,'SALADILLO',-33.2005660,-65.8531360,19),(3373,'SALINAS DEL BEBEDERO',-33.5011250,-66.6514410,19),(3374,'SAN FRANCISCO DEL MONTE DE ORO',-32.6006390,-66.1273700,19),(3375,'SAN JERONIMO',-33.1383050,-66.5166860,19),(3376,'SAN JOSE DEL MORRO',-33.2119850,-65.4927330,19),(3377,'SAN LUIS',-33.3023140,-66.3360880,19),(3378,'SAN MARTIN',-32.4132690,-65.6759310,19),(3379,'SAN PABLO',-32.6583420,-65.3080920,19),(3380,'SAN ROQUE',-33.2720250,-66.2276620,19),(3381,'SANTA ROSA DEL CONLARA',-32.3423080,-65.2071210,19),(3382,'TALITA',-32.2481200,-65.5838730,19),(3383,'TILISARAO',-32.7329280,-65.2915270,19),(3384,'UNION',-35.1549260,-65.9424470,19),(3385,'VILLA DE LA QUEBRADA',-33.0161740,-66.2920460,19),(3386,'VILLA DE PRAGA',-32.5339640,-65.6477040,19),(3387,'VILLA DEL CARMEN',-32.9411270,-65.0394660,19),(3388,'VILLA GENERAL ROCA',-32.6661930,-66.4524010,19),(3389,'VILLA LARCA',-32.6175430,-64.9809090,19),(3390,'VILLA MERCEDES',-33.6773700,-65.4731430,19),(3391,'VILLA SALLES',-33.8429280,-65.2147610,19),(3392,'ZANJITAS',-33.8022750,-66.4154630,19),(3393,'SE DESCONOCE',0.0000000,0.0000000,20),(3394,'BAJO CARACOLES',-47.4461490,-70.9285160,20),(3395,'CALETA OLIVIA',-46.4459490,-67.5251560,20),(3396,'CA?ADON SECO',-46.5588460,-67.6168560,20),(3397,'COMANDANTE LUIS PIEDRABUENA',-49.9859910,-68.9130820,20),(3398,'EL CALAFATE',-50.3373210,-72.2619950,20),(3399,'EL CHALTEN',-49.3319730,-72.8916270,20),(3400,'EL TURBIO',-51.6805340,-72.0874860,20),(3401,'FITZ ROY',-47.0257940,-67.2542860,20),(3402,'GOBERNADOR GREGORES',-48.7521220,-70.2442040,20),(3403,'HIPOLITO YRIGOYEN',-47.5667810,-71.7434760,20),(3404,'JARAMILLO',-47.1847030,-67.1455820,20),(3405,'JULIA DUFOUR',-51.5406110,-72.2398970,20),(3406,'KOLUEL KAIKE',-46.7168270,-68.2279610,20),(3407,'LAS HERAS',-46.5424550,-68.9341770,20),(3408,'LOS ANTIGUOS',-46.5487480,-71.6274840,20),(3409,'MINA 3',-51.5487660,-72.2333910,20),(3410,'PERITO MORENO',-46.5921420,-70.9257280,20),(3411,'PICO TRUNCADO',-46.7938980,-67.9575700,20),(3412,'PUERTO DESEADO',-47.7514650,-65.9012040,20),(3413,'PUERTO SAN JULIAN',-49.3077040,-67.7319700,20),(3414,'PUERTO SANTA CRUZ',-50.0171890,-68.5248250,20),(3415,'RIO GALLEGOS',-51.6214350,-69.2290510,20),(3416,'ROSPENTEK',-51.6639330,-72.1426990,20),(3417,'TELLIER',-47.6487690,-66.0446360,20),(3418,'TRES LAGOS',-49.5990150,-71.4458020,20),(3419,'YACIMIENTOS RIO TURBIO',-51.5328380,-72.3341030,20),(3420,'SE DESCONOCE',0.0000000,0.0000000,21),(3421,'AARON CASTELLANOS',-34.3345320,-62.3748010,21),(3422,'ACEBAL',-33.2436510,-60.8371950,21),(3423,'AGUARA GRANDE',-30.1093090,-60.9437540,21),(3424,'ALBARELLOS',-33.2413030,-60.6365750,21),(3425,'ALCORTA',-33.5401980,-61.1246340,21),(3426,'ALDAO',-30.9823470,-61.7439870,21),(3427,'ALDAO',-32.7069850,-60.8179520,21),(3428,'ALEJANDRA',-29.9103570,-59.8281610,21),(3429,'ALVAREZ',-33.1306250,-60.8039630,21),(3430,'ALVEAR',-33.0614580,-60.6159770,21),(3431,'AMBROSETTI',-30.0170000,-61.5765790,21),(3432,'AMENABAR',-34.1361180,-62.4229080,21),(3433,'ANGEL GALLARDO',-31.5551880,-60.6783110,21),(3434,'ANGELICA',-31.5526330,-61.5462650,21),(3435,'ANGELONI',-30.8575180,-60.6486100,21),(3436,'ARBILLA',-33.0919520,-60.6993160,21),(3437,'AREQUITO',-33.1483010,-61.4713350,21),(3438,'ARMINDA',-33.2658620,-60.9669190,21),(3439,'ARMSTRONG',-32.7846560,-61.6054820,21),(3440,'AROCENA',-32.0800270,-60.9770050,21),(3441,'ARROYO AGUIAR',-31.4322200,-60.6676590,21),(3442,'ARROYO CEIBAL',-28.7250870,-59.4804160,21),(3443,'ARROYO LEYES',-31.5577010,-60.5166670,21),(3444,'ARROYO SECO',-33.1560230,-60.5101310,21),(3445,'ARRUFO',-30.2341500,-61.7285810,21),(3446,'ARTEAGA',-33.0911310,-61.7917110,21),(3447,'ATALIVA',-30.9981190,-61.4325190,21),(3448,'AURELIA',-31.4236020,-61.4244710,21),(3449,'AVELLANEDA',-29.1193660,-59.6592510,21),(3450,'BALNEARIO LA VERDE',-29.9827370,-61.2428660,21),(3451,'BALNEARIO MONJE',-32.3349560,-60.8760520,21),(3452,'BARRANCAS',-32.2366360,-60.9827400,21),(3453,'BARRIO ARROYO DEL MEDIO',-33.2860670,-60.2720980,21),(3454,'BARRIO CAIMA',-31.8320800,-60.8719650,21),(3455,'BARRIO CICARELLI',-32.6103780,-61.3244410,21),(3456,'BARRIO EL PACAA - BARRIO COMIPINI',-32.1313360,-60.9282690,21),(3457,'BARRIO MITRE',-33.2555950,-60.3897760,21),(3458,'BARRIOS ACAPULCO Y VERACRUZ',-31.4192520,-62.0591460,21),(3459,'BAUER Y SIGEL',-31.2731230,-61.9448850,21),(3460,'BELLA ITALIA',-31.2839800,-61.4093430,21),(3461,'BERAVEBU',-33.3414150,-61.8622810,21),(3462,'BERNA',-29.2752680,-59.8472220,21),(3463,'BERNARDO DE IRIGOYEN',-32.1709310,-61.1572750,21),(3464,'BIGAND',-33.3761180,-61.1855010,21),(3465,'BOMBAL',-33.4600620,-61.3189320,21),(3466,'BOUQUET',-32.4248000,-61.8903350,21),(3467,'BUSTINZA',-32.7399960,-61.2915870,21),(3468,'CABAL',-31.1039910,-60.7271530,21),(3469,'CACIQUE ARIACAIQUIN',-30.6581360,-60.2307360,21),(3470,'CAFFERATA',-33.4414160,-62.0868710,21),(3471,'CALCHAQUI',-29.8905440,-60.2857380,21),(3472,'CAMPO ANDINO',-31.2410700,-60.5311890,21),(3473,'CANDIOTI',-31.3995240,-60.7491150,21),(3474,'CA?ADA DE GOMEZ',-32.8166870,-61.3899660,21),(3475,'CA?ADA DEL UCLE',-33.4103440,-61.6070430,21),(3476,'CA?ADA OMBU',-28.3108300,-59.9837170,21),(3477,'CA?ADA RICA',-33.5174180,-60.6132970,21),(3478,'CA?ADA ROSQUIN',-32.0562930,-61.6025430,21),(3479,'CAPITAN BERMUDEZ',-32.8282350,-60.7168210,21),(3480,'CAPIVARA',-30.4615030,-61.2722740,21),(3481,'CARCARA?A',-32.8588280,-61.1523500,21),(3482,'CARLOS PELLEGRINI',-32.0526640,-61.7889500,21),(3483,'CARMEN',-33.7327790,-61.7609270,21),(3484,'CARMEN DEL SAUCE',-33.2376880,-60.8118680,21),(3485,'CARRERAS',-33.5982830,-61.3117680,21),(3486,'CARRIZALES',-32.5112870,-61.0305150,21),(3487,'CASALEGNO',-32.2638310,-61.1261490,21),(3488,'CASAS',-32.1279980,-61.5421280,21),(3489,'CASILDA',-33.0424960,-61.1693310,21),(3490,'CASTELAR',-31.6691690,-62.0899870,21),(3491,'CASTELLANOS',-31.2085400,-61.7255960,21),(3492,'CAVOUR',-31.3666330,-61.0172250,21),(3493,'CAYASTA',-31.2023250,-60.1614500,21),(3494,'CAYASTACITO',-31.1150070,-60.5814000,21),(3495,'CENTENO',-32.2980240,-61.4107240,21),(3496,'CEPEDA',-33.3984210,-60.6241110,21),(3497,'CERES',-29.8823370,-61.9452370,21),(3498,'CHABAS',-33.2470670,-61.3575940,21),(3499,'CHA?AR LADEADO',-33.3258410,-62.0386500,21),(3500,'CHAPUY',-33.8005300,-61.7440180,21),(3501,'CHOVET',-33.6007830,-61.6046650,21),(3502,'CHRISTOPHERSEN',-34.1846190,-62.0235320,21),(3503,'CLASSON',-32.4634200,-61.2910430,21),(3504,'COLMENA',-28.7658190,-60.0880420,21),(3505,'COLONIA ANA',-30.1450000,-61.9147920,21),(3506,'COLONIA BELGRANO',-31.9118940,-61.4023840,21),(3507,'COLONIA BICHA',-30.8557810,-61.8509150,21),(3508,'COLONIA BOSSI',-30.6691250,-61.7896030,21),(3509,'COLONIA CELLO',-31.4338500,-61.8417020,21),(3510,'COLONIA DOLORES',-30.3836830,-60.3307250,21),(3511,'COLONIA DURAN',-29.5607540,-59.9270690,21),(3512,'COLONIA MARGARITA',-31.6868330,-61.6492970,21),(3513,'COLONIA MEDICI',-32.5988900,-61.3767120,21),(3514,'COLONIA RAQUEL',-30.8392240,-61.4897110,21),(3515,'COLONIA ROSA',-30.3022790,-61.9844910,21),(3516,'CONSTANZA',-30.6646340,-61.3207550,21),(3517,'CORONDA',-31.9756470,-60.9201340,21),(3518,'CORONEL ARNOLD',-33.1066180,-60.9665020,21),(3519,'CORONEL BOGADO',-33.3175120,-60.6036350,21),(3520,'CORONEL FRAGA',-31.1761590,-61.9194620,21),(3521,'CORONEL RODOLFO S. DOMINGUEZ',-33.1854760,-60.7228630,21),(3522,'CORREA',-32.8494610,-61.2545570,21),(3523,'CRISPI',-31.7417250,-62.0378770,21),(3524,'CUATRO ESQUINAS',-33.2466230,-60.7649740,21),(3525,'CULULU',-31.2053110,-60.9314000,21),(3526,'CURUPAYTI',-30.3979120,-61.6518040,21),(3527,'DESVIO ARIJON',-31.8727390,-60.8896990,21),(3528,'DIAZ',-32.3750590,-61.0914430,21),(3529,'DIEGO DE ALVEAR',-34.3743430,-62.1289270,21),(3530,'EGUSQUIZA',-31.0976250,-61.6283120,21),(3531,'EL ARAZA',-29.1334940,-59.9473150,21),(3532,'EL CARAMELO',-33.1288730,-60.7130390,21),(3533,'EL RABON',-28.2302080,-59.2639840,21),(3534,'EL TREBOL',-32.2030240,-61.7028940,21),(3535,'ELISA',-30.6980800,-61.0487590,21),(3536,'ELORTONDO',-33.7016560,-61.6163730,21),(3537,'EMILIA',-31.0610950,-60.7464380,21),(3538,'EMPALME SAN CARLOS',-31.5487780,-60.8127220,21),(3539,'EMPALME VILLA CONSTITUCION',-33.2628630,-60.3804640,21),(3540,'ESMERALDA',-31.6178590,-61.9329260,21),(3541,'ESPERANZA',-31.4505970,-60.9310070,21),(3542,'ESTACION CLUCELLAS',-31.5241690,-61.7206460,21),(3543,'ESTACION PRESIDENTE ROCA',-31.2319180,-61.6101080,21),(3544,'ESTACION SAGUIER',-31.3174600,-61.6940030,21),(3545,'ESTEBAN RAMS',-29.7726720,-61.4881510,21),(3546,'ESTHER',-31.0434860,-60.6448660,21),(3547,'EUSEBIA Y CAROLINA',-30.9476140,-61.8577740,21),(3548,'EUSTOLIA',-31.5777450,-61.7836660,21),(3549,'FELICIA',-31.2463940,-61.2128820,21),(3550,'FIGHIERA',-33.1950190,-60.4706040,21),(3551,'FIRMAT',-33.4580500,-61.4914530,21),(3552,'FIRMAT',-33.4410240,-61.4731430,21),(3553,'FLORENCIA',-28.0427360,-59.2187470,21),(3554,'FORTIN OLMOS',-29.0560210,-60.4143950,21),(3555,'FRANCK',-31.5888740,-60.9388950,21),(3556,'FRAY LUIS BELTRAN',-32.7855580,-60.7291240,21),(3557,'FRONTERA',-31.4313990,-62.0634920,21),(3558,'FUENTES',-33.1744420,-61.0750540,21),(3559,'FUNES',-32.9227830,-60.8121800,21),(3560,'GABOTO',-32.4343760,-60.8185390,21),(3561,'GALVEZ',-32.0326460,-61.2199610,21),(3562,'GARABATO',-28.9553450,-60.1384380,21),(3563,'GARIBALDI',-31.6520280,-61.8053910,21),(3564,'GATO COLORADO',-28.0245790,-61.1879370,21),(3565,'GENERAL GELLY',-33.6018430,-60.5989380,21),(3566,'GENERAL LAGOS',-33.1121590,-60.5665740,21),(3567,'GESSLER',-31.8770450,-61.1288370,21),(3568,'GOBERNADOR CRESPO',-30.3648350,-60.4011680,21),(3569,'GODEKEN',-33.4024060,-61.8449310,21),(3570,'GODOY',-33.3697100,-60.5094130,21),(3571,'GOLONDRINA',-28.5588710,-60.0251920,21),(3572,'GRANADERO BAIGORRIA',-32.8613640,-60.7062160,21),(3573,'GREGORIA PEREZ DE DENIS',-28.2296230,-61.5297530,21),(3574,'GRUTLY',-31.2705030,-61.0727540,21),(3575,'GUADALUPE NORTE',-28.9453020,-59.5634150,21),(3576,'HELVECIA',-31.0992710,-60.0881510,21),(3577,'HERSILIA',-30.0056770,-61.8396470,21),(3578,'HIPATIA',-31.1282520,-61.0327680,21),(3579,'HUANQUEROS',-30.0136750,-61.2192950,21),(3580,'HUGHES',-33.8028560,-61.3358030,21),(3581,'HUMBERTO PRIMO',-30.8702090,-61.3485900,21),(3582,'HUMBOLDT',-31.4009210,-61.0825520,21),(3583,'IBARLUCEA',-32.8512560,-60.7884940,21),(3584,'INGENIERO CHANOURDIE',-28.7598140,-59.5772320,21),(3585,'INTIYACO',-28.6779250,-60.0724680,21),(3586,'IRIGOYEN',-32.1607730,-61.1104260,21),(3587,'JACINTO L. ARAUZ',-30.7370340,-60.9759510,21),(3588,'JOSEFINA',-31.4079690,-61.9921850,21),(3589,'JUAN B. MOLINA',-33.4960210,-60.5122130,21),(3590,'JUNCAL',-33.7176150,-61.0500180,21),(3591,'KILOMETRO 101',-33.0605850,-60.6856440,21),(3592,'KILOMETRO 115',-28.8247510,-60.2256040,21),(3593,'LA BRAVA',-30.4477830,-60.1409360,21),(3594,'LA CABRAL',-30.0876440,-61.1797070,21),(3595,'LA CHISPA',-33.5446700,-61.9736320,21),(3596,'LA CRIOLLA',-30.2261580,-60.3664970,21),(3597,'LA GALLARETA',-29.5854890,-60.3799390,21),(3598,'LA ISLETA',-28.4939360,-59.2950750,21),(3599,'LA LUCILA',-30.4196640,-61.0033070,21),(3600,'LA PELADA',-30.8679480,-60.9718120,21),(3601,'LA PENCA Y CARAGUATA',-30.3484960,-60.5217850,21),(3602,'LA RUBIA',-30.1113970,-61.7927610,21),(3603,'LA SARITA',-28.9728530,-59.8484990,21),(3604,'LA VANGUARDIA',-33.3596260,-60.6584570,21),(3605,'LABORDEBOY',-33.7196530,-61.3149210,21),(3606,'LAGUNA PAIVA',-31.3092620,-60.6607820,21),(3607,'LANDETA',-32.0138150,-62.0611770,21),(3608,'LANTERI',-28.8429710,-59.6379290,21),(3609,'LARGUIA',-32.5539810,-61.2198000,21),(3610,'LARRECHEA',-31.9361310,-61.0477170,21),(3611,'LAS AVISPAS',-29.8953130,-61.2911990,21),(3612,'LAS BANDURRIAS',-32.1991900,-61.4927940,21),(3613,'LAS GARZAS',-28.8490100,-59.5005780,21),(3614,'LAS PALMERAS',-30.6326350,-61.6277230,21),(3615,'LAS PAREJAS',-32.6826840,-61.5185800,21),(3616,'LAS PETACAS',-31.8247280,-62.1089910,21),(3617,'LAS ROSAS',-32.4785770,-61.5748040,21),(3618,'LAS TOSCAS',-28.3540750,-59.2595520,21),(3619,'LAS TUNAS',-31.5722370,-60.9959290,21),(3620,'LAZZARINO',-34.1663300,-62.4280380,21),(3621,'LEHMANN',-31.1272470,-61.4529570,21),(3622,'LLAMBI CAMPBELL',-31.1862570,-60.7484790,21),(3623,'LOGRO?O',-29.5042810,-61.6967330,21),(3624,'LOMA ALTA',-31.9614430,-61.1783800,21),(3625,'LOPEZ',-31.9069670,-61.2799300,21),(3626,'LOS AMORES',-28.1063720,-59.9786650,21),(3627,'LOS CARDOS',-32.3243030,-61.6321110,21),(3628,'LOS LAURELES',-29.3701210,-59.7378680,21),(3629,'LOS MOLINOS',-33.1054900,-61.3265020,21),(3630,'LOS MUCHACHOS - LA ALBORADA',-33.0915730,-60.7354250,21),(3631,'LOS NOGALES',-33.1430060,-61.6066130,21),(3632,'LOS QUIRQUINCHOS',-33.3769920,-61.7121940,21),(3633,'LOS ZAPALLOS',-31.4956370,-60.4286470,21),(3634,'LUCIO  V. LOPEZ',-32.7147300,-61.0226070,21),(3635,'LUIS PALACIOS',-32.7848700,-60.9076380,21),(3636,'MACIEL',-32.4587650,-60.8931130,21),(3637,'MAGGIOLO',-33.7244240,-62.2478390,21),(3638,'MALABRIGO',-29.3506760,-59.9705880,21),(3639,'MARCELINO ESCALADA',-30.5819490,-60.4693860,21),(3640,'MARGARITA',-29.6910880,-60.2524650,21),(3641,'MARIA JUANA',-31.6766280,-61.7536010,21),(3642,'MARIA LUISA',-31.0126440,-60.9114330,21),(3643,'MARIA SUSANA',-32.2654860,-61.9010250,21),(3644,'MARIA TERESA',-34.0062850,-61.9004400,21),(3645,'MATILDE',-31.7932160,-60.9818060,21),(3646,'MAXIMO PAZ',-33.4851440,-60.9567890,21),(3647,'MELINCUE',-33.6619140,-61.4576890,21),(3648,'MIGUEL TORRES',-33.5299500,-61.4662070,21),(3649,'MOISES VILLE',-30.7182010,-61.4691400,21),(3650,'MONIGOTES',-30.4901360,-61.6348220,21),(3651,'MONJE',-32.3587360,-60.9429040,21),(3652,'MONTE FLORES',-33.0800070,-60.6355230,21),(3653,'MONTE VERA',-31.5184860,-60.6781000,21),(3654,'MONTEFIORE',-29.6678700,-61.8671080,21),(3655,'MONTES DE OCA',-32.5679970,-61.7680760,21),(3656,'MURPHY',-33.6428620,-61.8577970,21),(3657,'NARE',-30.9510760,-60.4682100,21),(3658,'NELSON',-31.2670750,-60.7621360,21),(3659,'NUEVA LEHMANN',-31.1189050,-61.5151980,21),(3660,'NUEVO TORINO',-31.3468820,-61.2357260,21),(3661,'?ANDUCITA',-30.3724600,-61.1326020,21),(3662,'OLIVEROS',-32.5758220,-60.8553520,21),(3663,'PALACIOS',-30.7106690,-61.6236950,21),(3664,'PARAJE 29',-29.1097650,-60.2391300,21),(3665,'PARAJE CHACO CHICO',-31.5673000,-60.6617470,21),(3666,'PARAJE LA COSTA',-31.5177970,-60.6115160,21),(3667,'PARAJE SAN MANUEL',-28.8716620,-59.8656040,21),(3668,'PAVON',-33.2430750,-60.4062760,21),(3669,'PAVON ARRIBA',-33.3134170,-60.8249760,21),(3670,'PEDRO GOMEZ CELLO',-30.0384740,-60.3152430,21),(3671,'PEREZ',-32.9988110,-60.7721590,21),(3672,'PEYRANO',-33.5411380,-60.8043300,21),(3673,'PIAMONTE',-32.1458670,-61.9811200,21),(3674,'PILAR',-31.4420160,-61.2600250,21),(3675,'PI?ERO',-33.1112070,-60.7964960,21),(3676,'PLAZA CLUCELLAS',-31.4545510,-61.7074760,21),(3677,'PLAZA MATILDE',-31.7974830,-61.0111680,21),(3678,'PLAZA SAGUIER',-31.3251050,-61.6777370,21),(3679,'POZO BORRADO',-28.9399420,-61.7056000,21),(3680,'POZO DE LOS INDIOS',-28.9451310,-60.2520040,21),(3681,'PRESIDENTE ROCA',-31.2296980,-61.6101040,21),(3682,'PROGRESO',-31.1397690,-60.9902540,21),(3683,'PROVIDENCIA',-30.9845870,-61.0218280,21),(3684,'PUEBLO ANDINO',-32.6717910,-60.8761810,21),(3685,'PUEBLO ESTHER',-33.0730970,-60.5789200,21),(3686,'PUEBLO MARINI',-31.0409750,-61.8898830,21),(3687,'PUEBLO MU?OZ',-33.1744830,-60.8971400,21),(3688,'PUEBLO SANTA LUCIA',-29.2838160,-60.4038560,21),(3689,'PUEBLO URANGA',-33.2645300,-60.7083350,21),(3690,'PUERTO ARAGON',-32.2447220,-60.9239840,21),(3691,'PUERTO ARROYO SECO',-33.1315110,-60.5078880,21),(3692,'PUERTO GENERAL SAN MARTIN',-32.7190030,-60.7334930,21),(3693,'PUERTO RECONQUISTA',-29.2349870,-59.5802690,21),(3694,'PUJATO',-33.0195730,-61.0438320,21),(3695,'RAFAELA',-31.2482480,-61.4998120,21),(3696,'RAMAYON',-30.6758150,-60.4995550,21),(3697,'RAMONA',-31.0937040,-61.9032320,21),(3698,'RECONQUISTA',-29.1451470,-59.6510730,21),(3699,'RECREO',-31.4935810,-60.7354110,21),(3700,'RICARDONE',-32.7736810,-60.7869280,21),(3701,'RINCON NORTE',-31.5644330,-60.4149550,21),(3702,'RINCON POTRERO',-31.5286180,-60.4756660,21),(3703,'ROLDAN',-32.9023880,-60.9108830,21),(3704,'ROMANG',-29.5018290,-59.7485930,21),(3705,'ROSARIO',-32.9538140,-60.6515380,21),(3706,'RUEDA',-33.3358550,-60.4608740,21),(3707,'RUFINO',-34.2636100,-62.7117040,21),(3708,'SA PEREYRA',-31.5721510,-61.3782230,21),(3709,'SALADERO MARIANO CABAL',-30.9229850,-60.0481150,21),(3710,'SALTO GRANDE',-32.6680220,-61.0890490,21),(3711,'SAN AGUSTIN',-31.6847780,-60.9413150,21),(3712,'SAN ANTONIO',-31.2128130,-61.7257200,21),(3713,'SAN ANTONIO DE OBLIGADO',-28.3823470,-59.2645740,21),(3714,'SAN BERNARDO',-28.6300340,-61.5069220,21),(3715,'SAN BERNARDO',-30.8905400,-60.5751460,21),(3716,'SAN CARLOS CENTRO',-31.7284180,-61.0913960,21),(3717,'SAN CARLOS NORTE',-31.6743110,-61.0762590,21),(3718,'SAN CARLOS SUD',-31.7575950,-61.1007510,21),(3719,'SAN CRISTOBAL',-30.3116870,-61.2386440,21),(3720,'SAN EDUARDO',-33.8723970,-62.0917160,21),(3721,'SAN EUGENIO',-32.0768950,-61.1174230,21),(3722,'SAN FABIAN',-32.1383720,-60.9832660,21),(3723,'SAN FRANCISCO DE SANTA FE',-33.5905400,-62.1244690,21),(3724,'SAN GENARO',-32.3735380,-61.3606570,21),(3725,'SAN GENARO NORTE',-32.3658070,-61.3401800,21),(3726,'SAN GREGORIO',-34.3265190,-62.0379530,21),(3727,'SAN GUILLERMO',-30.3602100,-61.9178270,21),(3728,'SAN JAVIER',-30.5822070,-59.9313990,21),(3729,'SAN JERONIMO DEL SAUCE',-31.6112120,-61.1425180,21),(3730,'SAN JERONIMO NORTE',-31.5545320,-61.0785140,21),(3731,'SAN JERONIMO SUD',-32.8787350,-61.0243900,21),(3732,'SAN JORGE',-31.8980040,-61.8603290,21),(3733,'SAN JOSE DE LA ESQUINA',-33.1140490,-61.7033120,21),(3734,'SAN JOSE DEL RINCON',-31.6061470,-60.5696320,21),(3735,'SAN JUSTO',-30.7908670,-60.5940370,21),(3736,'SAN LORENZO',-32.7523070,-60.7356210,21),(3737,'SAN MARIANO',-31.6702110,-61.3480210,21),(3738,'SAN MARTIN DE LAS ESCOBAS',-31.8596740,-61.5702160,21),(3739,'SAN MARTIN NORTE',-30.3493000,-60.3040550,21),(3740,'SAN VICENTE',-31.6999510,-61.5688420,21),(3741,'SANCTI SPIRITU',-34.0095290,-62.2424500,21),(3742,'SANFORD',-33.1477730,-61.2778570,21),(3743,'SANTA CLARA DE BUENA VISTA',-31.7657960,-61.3210240,21),(3744,'SANTA CLARA DE SAGUIER',-31.3373590,-61.8181780,21),(3745,'SANTA FE',-31.6451650,-60.7093150,21),(3746,'SANTA ISABEL',-33.8894890,-61.6965910,21),(3747,'SANTA MARGARITA',-28.3149550,-61.5503300,21),(3748,'SANTA ROSA DE CALCHINES',-31.4223660,-60.3348940,21),(3749,'SANTA TERESA',-33.4385470,-60.7911540,21),(3750,'SANTO DOMINGO',-31.1222770,-60.8888850,21),(3751,'SANTO TOME',-31.6648420,-60.7626400,21),(3752,'SANTURCE',-30.1866450,-61.1785280,21),(3753,'SARGENTO CABRAL',-33.4330130,-60.6301910,21),(3754,'SARMIENTO',-31.0606020,-61.1678900,21),(3755,'SASTRE',-31.7695330,-61.8294530,21),(3756,'SAUCE VIEJO',-31.7630680,-60.8898610,21),(3757,'SERODINO',-32.6055740,-60.9481760,21),(3758,'SILVA',-30.4486400,-60.4300700,21),(3759,'SOLDINI',-33.0239870,-60.7561880,21),(3760,'SOLEDAD',-30.6225540,-60.9166110,21),(3761,'STEPHENSON',-33.4178570,-60.5572140,21),(3762,'SUARDI',-30.5361450,-61.9616810,21),(3763,'SUNCHALES',-30.9468560,-61.5612500,21),(3764,'SUSANA',-31.3575960,-61.5164390,21),(3765,'TACUARENDI',-28.4202060,-59.2556740,21),(3766,'TACURAL',-30.8481070,-61.5924020,21),(3767,'TARTAGAL',-28.6722100,-59.8468200,21),(3768,'TEODELINA',-34.1916130,-61.5272260,21),(3769,'THEOBALD',-33.3122170,-60.3120510,21),(3770,'TIMBUES',-32.6696250,-60.7943550,21),(3771,'TOBA',-29.2675880,-60.1726560,21),(3772,'TORTUGAS',-32.7482980,-61.8203360,21),(3773,'TOSTADO',-29.2344730,-61.7719820,21),(3774,'TOTORAS',-32.5863520,-61.1673290,21),(3775,'TRAILL',-31.9225990,-61.7024470,21),(3776,'VENADO TUERTO',-33.7473150,-61.9695360,21),(3777,'VERA',-29.4629200,-60.2133480,21),(3778,'VERA Y PINTADO',-30.1436430,-60.3373530,21),(3779,'VIDELA',-30.9465030,-60.6564410,21),(3780,'VILA',-31.1923710,-61.8336140,21),(3781,'VILLA ADELINA',-31.7077600,-60.7883380,21),(3782,'VILLA AMELIA',-33.1771930,-60.6677300,21),(3783,'VILLA ANA',-28.4933210,-59.6141210,21),(3784,'VILLA CA?AS',-34.0061340,-61.6063880,21),(3785,'VILLA CONSTITUCION',-33.2324130,-60.3324990,21),(3786,'VILLA DEL PLATA',-33.1271770,-60.7090280,21),(3787,'VILLA ELOISA',-32.9643240,-61.5478330,21),(3788,'VILLA ELVIRA',-32.6429190,-60.8177100,21),(3789,'VILLA GOBERNADOR GALVEZ',-33.0224080,-60.6336420,21),(3790,'VILLA GUILLERMINA',-28.2450750,-59.4547600,21),(3791,'VILLA JOSEFINA',-31.4418600,-62.0297170,21),(3792,'VILLA LA RIVERA - OLIVEROS',-32.6334310,-60.8208780,21),(3793,'VILLA LA RIVERA - PUEBLO ANDINO',-32.6413860,-60.8234180,21),(3794,'VILLA LAURA',-31.3738960,-60.6647180,21),(3795,'VILLA MINETTI',-28.6247100,-61.6279860,21),(3796,'VILLA MUGUETA',-33.3139350,-61.0570700,21),(3797,'VILLA OCAMPO',-28.4904510,-59.3587640,21),(3798,'VILLA SAN JOSE',-31.3391350,-61.6225880,21),(3799,'VILLA SARALEGUI',-30.5427030,-60.7477100,21),(3800,'VILLA TRINIDAD',-30.2176460,-61.8775680,21),(3801,'VILLADA',-33.3503090,-61.4460370,21),(3802,'VIRGINIA',-30.7402530,-61.3409670,21),(3803,'WHEELWRIGHT',-33.7942940,-61.2114410,21),(3804,'WILDERMUTH',-31.9469900,-61.4025550,21),(3805,'ZAVALLA',-33.0215700,-60.8793030,21),(3806,'ZENON PEREYRA',-31.5643970,-61.8984250,21),(3807,'SE DESCONOCE',0.0000000,0.0000000,22),(3808,'ABRA GRANDE',-27.2931340,-64.3790660,22),(3809,'AEROLITO',-27.2367910,-62.3796550,22),(3810,'ALHUAMPA',-27.1327720,-62.5491670,22),(3811,'ANCAJAN',-28.4309060,-64.9233000,22),(3812,'ANTAJE',-27.6273170,-64.2527820,22),(3813,'A?ATUYA',-28.4645610,-62.8371550,22),(3814,'ARDILES',-27.4150070,-64.5005840,22),(3815,'ARGENTINA',-29.5347580,-62.2668040,22),(3816,'ARRAGA',-28.0530240,-64.2227940,22),(3817,'AVERIAS',-28.7471560,-62.4500330,22),(3818,'BANDERA',-28.8825050,-62.2661990,22),(3819,'BANDERA BAJADA',-27.2724260,-63.5140110,22),(3820,'BELTRAN',-27.8315910,-64.0613790,22),(3821,'BREA POZO',-28.2433820,-63.9464100,22),(3822,'CAMPO GALLO',-26.5815890,-62.8521380,22),(3823,'CA?ADA ESCOBAR',-27.7093510,-64.0345630,22),(3824,'CASARES',-28.9529390,-62.8005350,22),(3825,'CASPI CORRAL',-27.3907600,-63.5489560,22),(3826,'CHA?AR POZO DE ABAJO',-27.5668160,-64.6802360,22),(3827,'CHAUCHILLAS',-27.5214740,-64.5558860,22),(3828,'CHAUPI POZO',-27.5090070,-64.4230090,22),(3829,'CHILCA JULIANA',-28.7964590,-63.5791250,22),(3830,'CHOYA',-28.4942400,-64.8563030,22),(3831,'CLODOMIRA',-27.5762760,-64.1322400,22),(3832,'COLONIA ALPINA',-30.0603800,-62.1051310,22),(3833,'COLONIA DORA',-28.6031170,-62.9510730,22),(3834,'COLONIA EL SIMBOLAR',-27.7226470,-63.8598770,22),(3835,'COLONIA SAN JUAN',-27.6175440,-63.3018780,22),(3836,'COLONIA TINCO',-27.4319200,-64.9313040,22),(3837,'CORONEL MANUEL L. RICO',-26.3836120,-61.8096460,22),(3838,'CUATRO BOCAS',-28.8813440,-61.8646070,22),(3839,'DONADEU',-26.7266820,-62.7208020,22),(3840,'EL 49',-29.0559760,-63.9559620,22),(3841,'EL ARENAL',-26.7716730,-64.6015460,22),(3842,'EL BOBADAL',-26.7184010,-64.3982910,22),(3843,'EL CABURE',-26.0165510,-62.3330210,22),(3844,'EL CHARCO',-27.2257680,-64.7003030,22),(3845,'EL CHARCO',-27.2348880,-64.6978220,22),(3846,'EL COLORADO',-27.9168520,-62.1779640,22),(3847,'EL CRUCERO',-27.5779250,-63.3309310,22),(3848,'EL CUADRADO',-28.2978510,-61.8013600,22),(3849,'EL DEAN',-27.7173430,-64.3318930,22),(3850,'EL MOJON',-26.0941780,-64.3077510,22),(3851,'EL MOJON',-27.9899320,-64.2133550,22),(3852,'EL RINCON',-26.7333690,-64.4768350,22),(3853,'EL ZANJON',-27.8750410,-64.2433910,22),(3854,'ESTACION ATAMISQUI',-28.4946170,-63.9414270,22),(3855,'ESTACION LA PUNTA',-28.4119640,-64.7564290,22),(3856,'ESTACION ROBLES',-28.0511950,-63.9907280,22),(3857,'ESTACION TABOADA',-28.0088250,-63.7454950,22),(3858,'ESTACION TACA?ITAS',-28.6254000,-62.6050050,22),(3859,'FERNANDEZ',-27.9241250,-63.8937760,22),(3860,'FORTIN INCA',-29.1249940,-61.9377330,22),(3861,'FRIAS',-28.6399180,-65.1306370,22),(3862,'GARZA',-28.1529580,-63.5345160,22),(3863,'GRAMILLA',-27.3020070,-64.6130860,22),(3864,'GRAMILLA',-27.2971940,-64.6107540,22),(3865,'GUARDIA ESCOLTA',-28.9901980,-62.1274460,22),(3866,'HASSE',-27.0720920,-62.6462010,22),(3867,'HERNAN MEJIA MIRAVAL',-27.1785920,-62.4685540,22),(3868,'HERRERA',-28.4852360,-63.0697580,22),(3869,'HUYAMAMPA',-27.3875690,-64.2962550,22),(3870,'ICA?O',-28.6784710,-62.8846260,22),(3871,'INGENIERO FORRES',-27.8774910,-63.9791360,22),(3872,'ISCA YACU',-27.0297710,-64.6107280,22),(3873,'ISCA YACU SEMAUL',-27.0332820,-64.6122140,22),(3874,'KILOMETRO 30',-27.3845040,-63.5296770,22),(3875,'LA AURORA',-27.4964060,-64.2315610,22),(3876,'LA BANDA',-27.7339060,-64.2389610,22),(3877,'LA CA?ADA',-27.7113500,-63.7764660,22),(3878,'LA DARSENA',-27.6984440,-64.2891590,22),(3879,'LA FIRMEZA',-25.9734490,-63.1213350,22),(3880,'LA INVERNADA',-27.3853380,-63.4863110,22),(3881,'LA NENA',-28.4600120,-61.8401410,22),(3882,'LA NUEVA DONOSA',-27.4563910,-64.9277000,22),(3883,'LAPRIDA',-28.3756320,-64.5305520,22),(3884,'LAS DELICIAS',-26.6821240,-64.0011050,22),(3885,'LAS TINAJAS',-27.4618190,-62.9188080,22),(3886,'LAVALLE',-28.1989650,-65.1121670,22),(3887,'LIBERTAD',-27.0762150,-63.0708910,22),(3888,'LILO VIEJO',-26.9408020,-62.9565690,22),(3889,'LOS CARDOZOS',-27.9125130,-64.1953800,22),(3890,'LOS JURIES',-28.4678990,-62.1097290,22),(3891,'LOS MIRANDA',-27.4719470,-64.6159940,22),(3892,'LOS NU?EZ',-27.5338400,-64.5310860,22),(3893,'LOS PIRPINTOS',-26.1336340,-62.0624000,22),(3894,'LOS QUIROGA',-27.6541810,-64.3550860,22),(3895,'LOS SORIA',-27.6278440,-64.3665480,22),(3896,'LOS TELARES',-28.9858790,-63.4474430,22),(3897,'LOS TIGRES',-25.9094980,-62.5920550,22),(3898,'LUGONES',-28.3346450,-63.3436020,22),(3899,'MACO',-27.8684490,-64.2176850,22),(3900,'MALBRAN',-29.3480280,-62.4374720,22),(3901,'MANSUPA',-27.4611340,-64.9065550,22),(3902,'MAQUITO',-27.8830720,-64.2103650,22),(3903,'MATARA',-28.1104140,-63.1950710,22),(3904,'MEDELLIN',-28.6499390,-63.7875450,22),(3905,'MINERVA',-27.5383380,-63.3844470,22),(3906,'MONTE QUEMADO',-25.8055240,-62.8421850,22),(3907,'MORALES',-27.6811370,-64.3628120,22),(3908,'NUEVA ESPERANZA',-26.2029490,-64.2386860,22),(3909,'NUEVA ESPERANZA',-26.0338470,-63.3180060,22),(3910,'NUEVA FRANCIA',-28.1833430,-64.1968110,22),(3911,'PALO NEGRO',-29.6773080,-62.1374430,22),(3912,'PAMPA DE LOS GUANACOS',-26.2344070,-61.8376680,22),(3913,'PATAY',-26.8432670,-62.9328920,22),(3914,'POZO BETBEDER',-26.4117980,-64.3406020,22),(3915,'POZO HONDO',-27.1646220,-64.4833860,22),(3916,'POZUELOS',-27.3041200,-64.7530800,22),(3917,'PUEBLO PABLO TORELO',-27.3309030,-62.2263990,22),(3918,'PUESTO DE SAN ANTONIO',-27.6663890,-64.3770290,22),(3919,'QUIMILI',-27.6502220,-62.4162410,22),(3920,'RAMIREZ DE VELAZCO',-29.2346590,-63.4745900,22),(3921,'RAPELLI',-26.3973760,-64.5044630,22),(3922,'REAL SAYANA',-28.8166330,-62.8455340,22),(3923,'RODEO DE VALDEZ',-27.5527260,-64.5111170,22),(3924,'ROVERSI',-27.5934680,-61.9454400,22),(3925,'SACHAYOJ',-26.6714340,-61.8174310,22),(3926,'SAN JOSE DEL BOQUERON',-26.1204000,-63.7053350,22),(3927,'SAN PEDRO',-27.9463560,-64.1638900,22),(3928,'SAN PEDRO',-28.4601110,-64.8665610,22),(3929,'SAN PEDRO',-27.9573060,-65.1704510,22),(3930,'SAN PEDRO',-26.7405310,-64.3965510,22),(3931,'SANTA MARIA',-27.9515160,-64.2196920,22),(3932,'SANTIAGO DEL ESTERO',-27.7906470,-64.2622740,22),(3933,'SANTO DOMINGO',-26.2295350,-63.7775040,22),(3934,'SANTOS LUGARES',-26.6920900,-63.5584890,22),(3935,'SAUZAL',-27.4916710,-64.6013990,22),(3936,'SELVA',-29.7604900,-62.0525060,22),(3937,'SIMBOL',-28.1030540,-64.2130480,22),(3938,'SIMBOLAR',-27.6504840,-64.1912420,22),(3939,'SOL DE JULIO',-29.5623400,-63.4575920,22),(3940,'SUMAMAO',-28.1717130,-64.1010410,22),(3941,'SUMAMPA',-29.3856770,-63.4739810,22),(3942,'SUMAMPA VIEJO',-29.3873860,-63.4413440,22),(3943,'SUNCHO CORRAL',-27.9373440,-63.4286560,22),(3944,'TAPSO',-28.4037800,-65.0964320,22),(3945,'TERMAS DE RIO HONDO',-27.5012560,-64.8552590,22),(3946,'TINTINA',-27.0269430,-62.7014760,22),(3947,'TOMAS YOUNG',-28.6023460,-62.1835150,22),(3948,'TRAMO 16',-27.6966790,-64.1719810,22),(3949,'TRAMO 20',-27.7241700,-64.1199540,22),(3950,'URUTAU',-25.7123770,-63.0412760,22),(3951,'VACA HUA?UNA',-27.4744910,-63.4699370,22),(3952,'VILELAS',-27.9593450,-62.6095800,22),(3953,'VILLA ATAMISQUI',-28.4939260,-63.8205160,22),(3954,'VILLA FIGUEROA',-27.7220220,-63.5077020,22),(3955,'VILLA GENERAL MITRE',-29.1446440,-62.6542000,22),(3956,'VILLA GIMENEZ',-27.5749900,-64.4753060,22),(3957,'VILLA LA PUNTA',-28.3713650,-64.7921190,22),(3958,'VILLA MAILIN',-28.4831040,-63.2790900,22),(3959,'VILLA NUEVA',-28.3143320,-63.9957670,22),(3960,'VILLA OJO DE AGUA',-29.5029030,-63.6939740,22),(3961,'VILLA RIO HONDO',-27.5983200,-64.8739940,22),(3962,'VILLA SALAVINA',-28.8049330,-63.4286950,22),(3963,'VILLA SAN MARTIN',-28.3039640,-64.1851460,22),(3964,'VILLA SILIPICA',-28.1105010,-64.1476920,22),(3965,'VILLA TURISTICA DEL EMBALSE',-27.5168490,-64.9027290,22),(3966,'VILLA UNION',-29.4169970,-62.7903870,22),(3967,'VILMER',-27.7878020,-64.1510010,22),(3968,'VINARA',-27.3797060,-64.7967470,22),(3969,'VUELTA DE LA BARRANCA',-27.8762020,-64.1878790,22),(3970,'WEISBURD',-27.3177470,-62.5883450,22),(3971,'YANDA',-27.9106240,-64.2300550,22),(3972,'YUCHAN',-27.7812830,-62.9762830,22),(3973,'SE DESCONOCE',0.0000000,0.0000000,23),(3974,'LAGUNA ESCONDIDA',-54.6376860,-67.7669410,23),(3975,'RIO GRANDE',-53.7870470,-67.7132350,23),(3976,'TOLHUIN',-54.5113870,-67.1958040,23),(3977,'USHUAIA',-54.8036400,-68.3160620,23),(3978,'SE DESCONOCE',0.0000000,0.0000000,24),(3979,'ACHERAL',-27.1207210,-65.4705650,24),(3980,'AGUILARES',-27.4298510,-65.6204070,24),(3981,'ALDERETES',-26.8220640,-65.1385920,24),(3982,'ALPACHIRI',-27.3364640,-65.7560710,24),(3983,'ALTO VERDE',-27.3793990,-65.6079260,24),(3984,'AMAICHA DEL VALLE',-26.5936380,-65.9279890,24),(3985,'ARCADIA',-27.3069480,-65.5760670,24),(3986,'ATAHONA',-27.4175000,-65.2878400,24),(3987,'BANDA DEL RIO SALI',-26.8438680,-65.1632840,24),(3988,'BARRIO AEROPUERTO',-26.8498780,-65.1293140,24),(3989,'BARRIO ARAUJO',-26.8418180,-65.2753560,24),(3990,'BARRIO CASA ROSADA',-27.0430590,-65.4291440,24),(3991,'BARRIO EL CRUCE',-26.7081440,-65.2200820,24),(3992,'BARRIO LOMAS DE TAFI',-26.7465810,-65.2334170,24),(3993,'BARRIO MUTUAL SAN MARTIN',-26.7180170,-65.2249110,24),(3994,'BARRIO PARADA 14',-26.7527990,-65.2484270,24),(3995,'BARRIO SAN FELIPE',-26.8749840,-65.2322260,24),(3996,'BARRIO SAN JORGE',-26.6843400,-65.0481350,24),(3997,'BARRIO SAN JOSE III',-26.7954020,-65.2653910,24),(3998,'BARRIO U.T.A. II',-26.7562640,-65.2390250,24),(3999,'BELLA VISTA',-27.0310040,-65.3086380,24),(4000,'CAMPO DE HERRERA',-27.0256030,-65.3464720,24),(4001,'CAPITAN CACERES',-27.1895220,-65.6039650,24),(4002,'CHOROMORO',-26.4107460,-65.3199730,24),(4003,'COLALAO DEL VALLE',-26.3605360,-65.9589200,24),(4004,'COLOMBRES',-26.8835750,-65.0999410,24),(4005,'COLONIA MAYO - BARRIO LA MILAGROSA',-26.8339560,-64.9893800,24),(4006,'CONCEPCION',-27.3421790,-65.5985580,24),(4007,'COUNTRY JOCKEY CLUB',-26.7629680,-65.3079480,24),(4008,'DIAG. NORTE - LUZ Y FUERZA - LOS POCITOS',-26.7815250,-65.2193040,24),(4009,'EL BRACHO',-26.9921020,-65.1812450,24),(4010,'EL CADILLAL',-26.6325440,-65.2057410,24),(4011,'EL CHA?AR',-26.7583610,-65.0693890,24),(4012,'EL CORTE',-26.8184460,-65.1556780,24),(4013,'EL MANANTIAL',-26.8445600,-65.2856690,24),(4014,'EL MOLLAR',-26.9392210,-65.7081540,24),(4015,'EL NARANJO',-26.6571860,-65.0483600,24),(4016,'EL PARAISO',-26.8346470,-65.0955590,24),(4017,'ESTACION ARAOZ',-27.0571150,-64.9218120,24),(4018,'EX INGENIO ESPERANZA',-26.8440190,-65.0924760,24),(4019,'EX INGENIO LOS RALOS',-26.8771000,-64.9748990,24),(4020,'EX INGENIO LUJAN',-26.8541670,-65.0915200,24),(4021,'EX INGENIO NUEVA BAVIERA',-27.0697370,-65.3999010,24),(4022,'EX INGENIO SAN JOSE',-26.7992050,-65.2646760,24),(4023,'FAMAILLA',-27.0450460,-65.3956360,24),(4024,'GARMENDIA',-26.5736890,-64.5576860,24),(4025,'GRANEROS',-27.6485250,-65.4389220,24),(4026,'ILTICO',-27.3359620,-65.6527260,24),(4027,'INGENIO FRONTERITA',-27.0354710,-65.4556160,24),(4028,'INGENIO LA FLORIDA',-26.8167180,-65.0802670,24),(4029,'INGENIO SAN PABLO',-26.8739970,-65.3103500,24),(4030,'INGENIO SANTA BARBARA',-27.4557980,-65.6064960,24),(4031,'JUAN BAUTISTA ALBERDI',-27.5859770,-65.6208440,24),(4032,'LA COCHA',-27.7730050,-65.5864570,24),(4033,'LA FLORIDA',-26.8190590,-65.0943210,24),(4034,'LA RAMADA',-26.6881470,-64.9464370,24),(4035,'LA REDUCCION',-26.9601340,-65.3514730,24),(4036,'LA TRINIDAD',-27.4134730,-65.5152310,24),(4037,'LAMADRID',-27.6466140,-65.2504930,24),(4038,'LAS CEJAS',-26.8878170,-64.7430770,24),(4039,'LASTENIA',-26.8621610,-65.1625830,24),(4040,'LOS GUTIERREZ',-26.8020460,-65.1258770,24),(4041,'LOS PUESTOS',-27.2809000,-65.0190300,24),(4042,'LOS SARMIENTOS',-27.4137210,-65.6954400,24),(4043,'LULES',-26.9239380,-65.3364020,24),(4044,'MACOMITAS',-26.7303440,-65.0113600,24),(4045,'MANUEL GARCIA FERNANDEZ',-26.9557030,-65.2720730,24),(4046,'MEDINA',-27.4188360,-65.5333450,24),(4047,'MONTEAGUDO',-27.5109100,-65.2776930,24),(4048,'MONTEROS',-27.1674770,-65.4987770,24),(4049,'NUEVA TRINIDAD',-27.4845110,-65.4912510,24),(4050,'PACARA',-26.8992130,-65.1492860,24),(4051,'PALA PALA',-27.0563440,-65.2181040,24),(4052,'PIEDRABUENA',-26.7398610,-64.6493040,24),(4053,'PUEBLO INDEPENDENCIA',-27.2207850,-65.5274170,24),(4054,'RANCHILLOS',-26.9547870,-65.0483780,24),(4055,'RIO CHICO',-27.4809960,-65.6214060,24),(4056,'RIO COLORADO',-27.1496800,-65.3560510,24),(4057,'RIO SECO',-27.2690480,-65.5593460,24),(4058,'SAN ANDRES',-26.8884970,-65.1963400,24),(4059,'SAN JOSE DE LA COCHA',-27.7315970,-65.5827600,24),(4060,'SAN MIGUEL DE TUCUMAN',-26.8290100,-65.2105440,24),(4061,'SAN PEDRO DE COLALAO',-26.2357650,-65.4938520,24),(4062,'SAN ROQUE',-27.3293620,-65.5823860,24),(4063,'SANTA ANA',-27.4722320,-65.6841680,24),(4064,'SANTA CRUZ',-27.3865620,-65.4563890,24),(4065,'SANTA LUCIA',-27.0930810,-65.5325620,24),(4066,'SANTA ROSA DE LEALES',-27.1378930,-65.2614170,24),(4067,'SARGENTO MOYA',-27.2278200,-65.6598560,24),(4068,'SIMOCA',-27.2624230,-65.3552890,24),(4069,'SOLDADO MALDONADO',-27.1423360,-65.5656820,24),(4070,'TACO RALO',-27.8350680,-65.1946020,24),(4071,'TAFI DEL VALLE',-26.8527980,-65.7085570,24),(4072,'TAFI VIEJO',-26.7312680,-65.2558180,24),(4073,'TENIENTE BERDINA',-27.0500350,-65.4875830,24),(4074,'VILLA BELGRANO',-27.5271410,-65.6146130,24),(4075,'VILLA BENJAMIN ARAOZ',-26.5561600,-64.7983840,24),(4076,'VILLA BURRUYACU',-26.5003320,-64.7419940,24),(4077,'VILLA CARMELA',-26.7677750,-65.2708440,24),(4078,'VILLA CHICLIGASTA',-27.4352230,-65.1635440,24),(4079,'VILLA CLODOMIRO HILERET',-27.4739470,-65.6592300,24),(4080,'VILLA DE LEALES',-27.1942610,-65.3095560,24),(4081,'VILLA DE TRANCAS',-26.2307320,-65.2851660,24),(4082,'VILLA FIAD - INGENIO LEALES',-27.0677470,-65.2354490,24),(4083,'VILLA LAS FLORES',-26.7695780,-65.2336100,24),(4084,'VILLA MARIANO MORENO - EL COLMENAR',-26.7759820,-65.2019700,24),(4085,'VILLA PADRE MONTI',-26.5064030,-64.9998990,24),(4086,'VILLA QUINTEROS',-27.2536710,-65.5524720,24),(4087,'VILLA RECASTE',-26.8868080,-65.0074360,24),(4088,'VILLA TERCERA',-26.8914690,-65.0131820,24),(4089,'YERBA BUENA - MARCOS PAZ',-26.8088450,-65.3106990,24),(4090,'Seleccionar...',0.0000000,0.0000000,0);
/*!40000 ALTER TABLE `ciudades` ENABLE KEYS */;
UNLOCK TABLES;

--
-- Table structure for table `convivientes`
--

DROP TABLE IF EXISTS `convivientes`;
/*!40101 SET @saved_cs_client     = @@character_set_client */;
/*!40101 SET character_set_client = utf8 */;
CREATE TABLE `convivientes` (
  `id` int(11) unsigned NOT NULL AUTO_INCREMENT,
  `nombre_y_apellido` varchar(100) DEFAULT NULL,
  `edad` int(22) DEFAULT NULL,
  `vinculo_victima` int(11) DEFAULT NULL,
  `vinculo_otro` varchar(60) DEFAULT '0',
  `niveleducativo_id` int(11) DEFAULT NULL,
  `condiciones_de_trabajo` int(11) DEFAULT NULL,
  `idCaso` int(11) DEFAULT NULL,
  `idVictim` int(11) DEFAULT NULL,
  `created_at` timestamp NULL DEFAULT NULL,
  `userID_create` int(11) DEFAULT NULL,
  `updated_at` timestamp NULL DEFAULT NULL,
  `userID_modify` int(11) DEFAULT NULL,
  `activo` int(11) DEFAULT NULL,
  PRIMARY KEY (`id`)
) ENGINE=InnoDB AUTO_INCREMENT=57 DEFAULT CHARSET=latin1;
/*!40101 SET character_set_client = @saved_cs_client */;

--
-- Dumping data for table `convivientes`
--

LOCK TABLES `convivientes` WRITE;
/*!40000 ALTER TABLE `convivientes` DISABLE KEYS */;
INSERT INTO `convivientes` VALUES (1,'Se desconoce',0,5,NULL,8,5,12,13,'2019-09-05 16:30:39',45,'2019-09-05 16:30:39',NULL,NULL),(2,'Se desconoce',0,5,NULL,8,5,12,13,'2019-09-05 16:31:09',45,'2019-09-05 16:31:09',NULL,NULL),(3,'Se desconoce',0,5,NULL,8,5,12,13,'2019-09-05 16:31:30',45,'2019-09-05 16:31:30',NULL,NULL),(4,'PAOLA LINDER',25,1,NULL,8,5,13,14,'2019-09-05 16:33:22',50,'2019-09-05 16:33:22',NULL,NULL),(5,'EMANUEL',0,2,NULL,8,5,18,20,'2019-09-05 16:53:34',50,'2019-09-05 16:53:34',NULL,NULL),(6,'ARIANA CHAZARRETA',20,1,NULL,5,1,20,22,'2019-09-05 16:57:57',37,'2019-09-05 16:57:57',NULL,NULL),(7,'AGUSTINA CHAZARRETA',17,1,NULL,2,1,20,22,'2019-09-05 16:58:39',37,'2019-09-05 16:58:39',NULL,NULL),(8,'JUAN CARLOS RECIFE',0,2,NULL,8,5,23,24,'2019-09-05 17:12:14',50,'2019-09-05 17:12:14',NULL,NULL),(9,'PAMELA HERNÁNDEZ',0,1,NULL,5,1,27,26,'2019-09-05 17:22:40',23,'2019-09-05 17:22:40',NULL,NULL),(10,'VERONICA DE FRANCESCO',0,2,NULL,8,5,32,30,'2019-09-05 17:26:38',22,'2019-09-05 17:26:38',NULL,NULL),(11,'Se desconoce',0,5,NULL,8,5,32,30,'2019-09-05 17:27:26',22,'2019-09-05 17:27:26',NULL,NULL),(12,'CLAUDIA RAQUEL GOMEZ',0,1,NULL,8,5,37,39,'2019-09-05 17:50:13',23,'2019-09-05 17:50:13',NULL,NULL),(13,'ANDREA LORENA RODRÍGUEZ',0,1,NULL,8,5,44,45,'2019-09-05 17:59:33',50,'2019-09-05 17:59:33',NULL,NULL),(14,'MARIA CRISTINA JUAREZ',69,1,NULL,7,4,47,49,'2019-09-05 18:02:43',82,'2019-09-05 18:02:43',NULL,NULL),(15,'SUSANA JUAREZ',0,1,NULL,7,4,47,49,'2019-09-05 18:03:00',82,'2019-09-05 18:03:00',NULL,NULL),(16,'ROSANA RAMIREZ',0,1,NULL,7,3,52,52,'2019-09-05 18:12:18',21,'2019-09-05 18:12:18',NULL,NULL),(17,'Se desconoce',0,5,NULL,8,5,56,57,'2019-09-05 18:16:59',69,'2019-09-05 18:16:59',NULL,NULL),(18,'PAOLA ROMERO',30,1,NULL,8,5,60,62,'2019-09-05 18:23:25',82,'2019-09-05 18:23:25',NULL,NULL),(19,'NELSON DEL VALLE',0,1,NULL,8,5,74,74,'2019-09-05 18:44:52',21,'2019-09-05 18:44:52',NULL,NULL),(20,'MARIA',0,1,NULL,8,5,80,79,'2019-09-05 18:54:10',24,'2019-09-05 18:54:10',NULL,NULL),(21,'HORACIO ORTIZ',0,1,NULL,8,2,82,80,'2019-09-05 18:55:53',11,'2019-09-05 18:58:48',11,NULL),(22,'MARINA',0,3,NULL,8,5,83,81,'2019-09-05 18:57:07',50,'2019-09-05 18:57:07',NULL,NULL),(23,'RAMON CABRAL',0,1,NULL,8,5,87,87,'2019-09-05 19:08:54',36,'2019-09-05 19:08:54',NULL,NULL),(24,'OSCAR ANTONIO',0,1,NULL,8,5,91,88,'2019-09-05 19:10:43',50,'2019-09-05 19:10:43',NULL,NULL),(25,'PRUEBAS',45,3,NULL,3,3,93,92,'2019-09-05 19:17:39',22,'2019-09-05 19:43:18',22,NULL),(26,'ZURITA CAROLINA',28,1,NULL,8,1,96,96,'2019-09-05 19:22:28',85,'2019-09-05 19:22:28',NULL,NULL),(27,'ROXANA',0,1,NULL,8,5,106,104,'2019-09-05 19:34:11',50,'2019-09-05 19:34:11',NULL,NULL),(28,'LUIS SUAREZ L',33,2,NULL,3,2,93,94,'2019-09-05 19:43:54',22,'2019-09-05 19:43:54',NULL,NULL),(29,'RODOLFO R',0,2,NULL,2,2,93,94,'2019-09-05 19:44:21',22,'2019-09-05 19:44:21',NULL,NULL),(30,'VANESA',0,1,NULL,8,5,119,115,'2019-09-05 20:14:03',50,'2019-09-05 20:14:03',NULL,NULL),(31,'SOFIA LOIZATI',0,2,NULL,8,5,123,118,'2019-09-05 20:48:19',36,'2019-09-05 20:48:19',NULL,NULL),(32,'FERNANDA GENOUD',0,1,NULL,7,3,124,119,'2019-09-05 21:10:02',36,'2019-09-05 21:10:02',NULL,NULL),(33,'DIEGO LEDESMA',0,1,NULL,8,3,141,137,'2019-09-06 15:58:07',24,'2019-09-06 15:58:07',NULL,NULL),(34,'RICARDO',0,2,NULL,8,5,150,145,'2019-09-06 16:20:35',24,'2019-09-06 16:20:35',NULL,NULL),(35,'MARIA PAULA VILLALBA',0,1,NULL,8,5,149,146,'2019-09-06 16:26:29',36,'2019-09-06 16:26:29',NULL,NULL),(36,'ANDREA FILIBERTO',0,1,NULL,8,3,152,148,'2019-09-06 16:27:35',79,'2019-09-06 16:27:35',NULL,NULL),(37,'DIEGO FILIBERTO',0,1,NULL,8,3,152,148,'2019-09-06 16:27:59',79,'2019-09-06 16:27:59',NULL,NULL),(38,'PEDRO',0,1,NULL,8,5,154,150,'2019-09-06 16:35:11',24,'2019-09-06 16:35:11',NULL,NULL),(39,'MIRIAM FOGONZA',40,1,NULL,8,5,170,163,'2019-09-06 17:01:18',11,'2019-09-06 17:01:18',NULL,NULL),(40,'GALA PEREYRA',14,6,'HIJA',4,1,167,171,'2019-09-06 17:07:48',56,'2019-09-06 17:07:48',NULL,NULL),(41,'WALTER PEREYRA',20,6,'HIJO',4,5,167,171,'2019-09-06 17:08:51',56,'2019-09-06 17:08:51',NULL,NULL),(42,'SILVIA HERRERA',0,1,NULL,4,1,185,182,'2019-09-06 17:20:45',70,'2019-09-06 17:20:45',NULL,NULL),(43,'Se desconoce',0,5,NULL,8,5,193,190,'2019-09-06 17:40:15',77,'2019-09-06 17:40:15',NULL,NULL),(44,'Se desconoce',0,5,NULL,8,5,193,190,'2019-09-06 17:41:18',77,'2019-09-06 17:41:18',NULL,NULL),(45,'BEJARANO GONZALO',0,2,NULL,2,2,200,198,'2019-09-06 17:50:15',59,'2019-09-06 17:50:15',NULL,NULL),(46,'LUIS ALBERTO PAZ',0,1,NULL,8,2,209,204,'2019-09-06 18:13:49',77,'2019-09-06 18:13:49',NULL,NULL),(47,'Cecilia Garcia',0,3,NULL,5,3,212,209,'2019-09-06 18:36:21',104,'2019-09-06 18:36:21',NULL,NULL),(48,'SOLEDAD BUSTOS',0,1,NULL,8,5,217,212,'2019-09-06 18:53:06',89,'2019-09-06 18:53:06',NULL,NULL),(49,'NICOLÁS MEDINA ACOSTA',20,5,NULL,8,5,230,225,'2019-09-06 19:44:04',50,'2019-09-06 19:44:04',NULL,NULL),(50,'ISIDORA ALGARIN REYES',0,1,NULL,8,5,234,229,'2019-09-06 20:15:37',100,'2019-09-06 20:15:37',NULL,NULL),(51,'PRUEBAII',45,3,NULL,3,3,238,233,'2019-09-06 22:30:59',11,'2019-09-06 22:33:15',11,NULL),(52,'PRUEBAIII',23,2,NULL,2,2,238,234,'2019-09-06 22:33:03',11,'2019-09-06 22:33:03',NULL,NULL),(53,'PRUEBA',45,4,NULL,3,2,240,236,'2019-09-07 01:44:02',7,'2019-09-07 01:45:55',7,NULL),(54,'PRUEBA',25,2,NULL,2,2,241,238,'2019-09-07 03:25:25',39,'2019-09-07 03:25:25',NULL,NULL),(55,'GRISELDA',0,3,NULL,8,5,252,247,'2019-09-09 14:52:52',50,'2019-09-09 14:52:52',NULL,NULL),(56,'NATALIA',0,3,NULL,8,5,257,250,'2019-09-09 15:13:44',50,'2019-09-09 15:13:44',NULL,NULL);
/*!40000 ALTER TABLE `convivientes` ENABLE KEYS */;
UNLOCK TABLES;

--
-- Table structure for table `delitos`
--

DROP TABLE IF EXISTS `delitos`;
/*!40101 SET @saved_cs_client     = @@character_set_client */;
/*!40101 SET character_set_client = utf8 */;
CREATE TABLE `delitos` (
  `id` int(10) unsigned NOT NULL AUTO_INCREMENT,
  `nombre` varchar(255) DEFAULT NULL,
  PRIMARY KEY (`id`)
) ENGINE=InnoDB AUTO_INCREMENT=38 DEFAULT CHARSET=latin1;
/*!40101 SET character_set_client = @saved_cs_client */;

--
-- Dumping data for table `delitos`
--

LOCK TABLES `delitos` WRITE;
/*!40000 ALTER TABLE `delitos` DISABLE KEYS */;
INSERT INTO `delitos` VALUES (1,' Abandono de persona'),(2,' Abuso sexual'),(3,' Abuso sexual seguido de muerte'),(4,' Acoso sexual'),(5,' Amenazas'),(6,' Averiguación de causales de muerte'),(7,' Bullying'),(8,' Catástrofes naturales'),(9,' Desaparición de personas'),(10,' Femicidio'),(11,' Femicidio indirecto'),(12,' Grooming'),(13,' Homicidio '),(14,' Instigación o ayuda al suicidio'),(15,' Lesiones '),(16,' Pornografía de menores'),(17,' Privación ilegal de la libertad '),(18,' Promoción y facilitación de corrupción de menores'),(19,' Promoción y facilitación de prostitución de mayores'),(20,' Promoción y facilitación de prostitución de menores'),(21,' Reducción a la servidumbre'),(22,' Robo agravado'),(23,' Robo seguido de muerte (criminis causa, art. 80 inc. 7)'),(24,' Secuestro'),(25,' Secuestro seguido de muerte'),(26,' Siniestro vial'),(27,' Suicidio '),(28,' Tentativa de homicidio'),(29,' Tentativa de suicidio'),(30,' Tortura'),(31,' Usurpación'),(32,' Violencia de género'),(33,' Violencia en espectáculos deportivos '),(34,' Violencia institucional'),(35,' Violencia familiar'),(36,' Otro'),(37,' Abuso sexual infantil');
/*!40000 ALTER TABLE `delitos` ENABLE KEYS */;
UNLOCK TABLES;

--
-- Table structure for table `demandas`
--

DROP TABLE IF EXISTS `demandas`;
/*!40101 SET @saved_cs_client     = @@character_set_client */;
/*!40101 SET character_set_client = utf8 */;
CREATE TABLE `demandas` (
  `id` int(10) unsigned NOT NULL AUTO_INCREMENT,
  `created_at` timestamp NULL DEFAULT NULL,
  `updated_at` timestamp NULL DEFAULT NULL,
  `delito` int(11) DEFAULT NULL,
  `otro_delito` varchar(255) DEFAULT NULL,
  `fecha_ingreso` varchar(20) DEFAULT NULL,
  `modalidad_ingreso` int(11) DEFAULT NULL,
  `organismo` int(11) DEFAULT NULL,
  `cual_otro_organismo` varchar(255) DEFAULT NULL,
  `nombre_y_apellido_de_la_victima` varchar(255) DEFAULT NULL,
  `fecha_delito` int(11) DEFAULT NULL,
  `fecha_hecho` varchar(20) DEFAULT NULL,
  `fecha_hecho_otro` varchar(100) DEFAULT NULL,
  `pais_hecho` int(11) DEFAULT NULL,
  `pais_hecho_otro` varchar(255) DEFAULT NULL,
  `provincia_hecho` int(11) DEFAULT NULL,
  `localidad_hecho` int(11) DEFAULT NULL,
  `sede` varchar(250) NOT NULL,
  `userID_create` int(11) DEFAULT NULL,
  `userID_modify` int(11) DEFAULT NULL,
  `activo` int(11) DEFAULT NULL,
  PRIMARY KEY (`id`)
) ENGINE=InnoDB AUTO_INCREMENT=21 DEFAULT CHARSET=latin1;
/*!40101 SET character_set_client = @saved_cs_client */;

--
-- Dumping data for table `demandas`
--

LOCK TABLES `demandas` WRITE;
/*!40000 ALTER TABLE `demandas` DISABLE KEYS */;
INSERT INTO `demandas` VALUES (1,'2019-09-05 19:48:36','2019-09-05 19:48:36',32,NULL,'2017-02-22',3,2,NULL,'ABAL FLORENCIA ROCÍO',1,'1900-01-01',NULL,1,NULL,1,591,'PINAMAR',87,NULL,1),(2,'2019-09-05 19:50:08','2019-09-05 19:50:08',32,NULL,'2017-01-02',3,2,NULL,'ACEBO CAROLINA',3,NULL,NULL,1,NULL,1,591,'PINAMAR',87,NULL,1),(3,'2019-09-06 15:25:46','2019-09-06 15:25:46',13,NULL,'2017-11-15',2,NULL,NULL,'MAXIMO ESTEBAN SANDOVAL',1,'2015-06-21',NULL,1,NULL,1,742,'EZEIZA',11,NULL,1),(4,'2019-09-06 15:40:12','2019-09-06 15:40:12',10,NULL,'2018-11-21',2,NULL,NULL,'ROCIO BELEN ZARATE MARTINEZ',1,'2018-02-17',NULL,1,NULL,1,1,'EZEIZA',11,NULL,1),(5,'2019-09-06 15:42:56','2019-09-06 15:42:56',35,NULL,'2017-03-15',3,5,NULL,'ACOSTA MERCEDES',3,NULL,NULL,1,NULL,1,591,'PINAMAR',87,NULL,1),(6,'2019-09-06 15:45:04','2019-09-06 15:45:04',2,NULL,'2018-12-17',2,NULL,NULL,'ROMINA VILLANUEVA Y JUANA BELTRAMO',3,NULL,NULL,1,NULL,1,154,'EZEIZA',11,NULL,1),(7,'2019-09-06 15:49:19','2019-09-06 15:49:19',35,NULL,'2017-07-12',3,2,NULL,'ACOSTA NARCISO',1,'2017-07-12',NULL,1,NULL,1,591,'PINAMAR',87,NULL,1),(8,'2019-09-06 15:54:39','2019-09-06 15:54:39',37,NULL,'2019-02-11',2,NULL,NULL,'FLORENCIA CAÑETE',2,NULL,'ABUSO SEXUAL DE LARGA DATA PERPETRADO DURANTE VARIOS AÑOS',1,NULL,1,1,'EZEIZA',11,NULL,1),(9,'2019-09-06 15:57:36','2019-09-06 15:57:36',2,NULL,'2019-03-13',2,NULL,NULL,'PRISCILA CELESTE GONZALEZ',1,'2019-03-12',NULL,1,NULL,1,138,'EZEIZA',11,NULL,1),(10,'2019-09-06 16:06:16','2019-09-06 16:06:16',35,NULL,'2017-09-14',3,5,NULL,'AGUERO NOELIA',1,'2017-09-14',NULL,1,NULL,1,591,'PINAMAR',87,NULL,1),(11,'2019-09-06 16:17:39','2019-09-06 16:17:39',13,NULL,'2019-05-30',2,NULL,NULL,'JOSE LUIS FUHR',1,'2019-05-24',NULL,1,NULL,1,536,'EZEIZA',11,NULL,1),(12,'2019-09-06 16:18:35','2019-09-06 16:18:35',31,NULL,'2017-10-03',3,5,NULL,'AGUILERA SILVANA',1,'2017-10-03',NULL,1,NULL,1,591,'PINAMAR',87,NULL,1),(13,'2019-09-06 16:23:19','2019-09-06 16:23:19',36,'INTENTO DE DOBLE FEMICIDIO','2019-06-21',2,NULL,NULL,'ANA BELTRAN',1,'2019-06-15',NULL,1,NULL,1,536,'EZEIZA',11,NULL,1),(14,'2019-09-06 16:24:12','2019-09-06 16:24:12',32,NULL,'2017-10-03',3,5,NULL,'AGUIRRE AMANDA SOLEDAD',1,'2017-10-03',NULL,1,NULL,1,591,'PINAMAR',87,NULL,1),(15,'2019-09-06 16:26:12','2019-09-06 16:26:12',2,NULL,'2019-07-28',2,NULL,NULL,'MARIA ALEJANDRA MIÑO',2,NULL,'LARGA DATA',1,NULL,1,1,'EZEIZA',11,NULL,1),(16,'2019-09-06 16:35:37','2019-09-06 16:35:37',36,'AVERIGUACION DE ILICITO','2019-08-24',2,NULL,NULL,'MICAELA CANCELO',1,'2019-08-19',NULL,1,NULL,1,1,'EZEIZA',11,NULL,1),(17,'2019-09-06 16:40:16','2019-09-06 16:40:16',37,NULL,'2019-09-05',2,NULL,NULL,'LUANA BATISTA Y OTROS',2,NULL,'OCURRIDO DURANTE 2019',1,NULL,1,1,'EZEIZA',11,NULL,1),(18,'2019-09-06 16:47:34','2019-09-06 16:47:34',35,NULL,'2017-02-13',3,2,NULL,'ALBARENGO CASTAÑARES JUAN',1,'2017-02-13',NULL,1,NULL,1,591,'PINAMAR',87,NULL,1),(19,'2019-09-06 16:54:56','2019-09-06 16:54:56',32,NULL,'2017-04-24',3,2,NULL,'ALDERETE MAYRA',1,'2017-04-24',NULL,1,NULL,1,591,'PINAMAR',87,NULL,1),(20,'2019-09-06 17:10:47','2019-09-06 17:10:47',2,NULL,'2019-06-10',3,2,NULL,'CAMILA SCANARO',1,'2018-07-10',NULL,1,NULL,6,1293,'MERCEDES',69,NULL,1);
/*!40000 ALTER TABLE `demandas` ENABLE KEYS */;
UNLOCK TABLES;

--
-- Table structure for table `departamentos`
--

DROP TABLE IF EXISTS `departamentos`;
/*!40101 SET @saved_cs_client     = @@character_set_client */;
/*!40101 SET character_set_client = utf8 */;
CREATE TABLE `departamentos` (
  `id` int(10) unsigned NOT NULL AUTO_INCREMENT,
  `nombre` varchar(255) DEFAULT NULL,
  PRIMARY KEY (`id`)
) ENGINE=InnoDB AUTO_INCREMENT=20 DEFAULT CHARSET=latin1;
/*!40101 SET character_set_client = @saved_cs_client */;

--
-- Dumping data for table `departamentos`
--

LOCK TABLES `departamentos` WRITE;
/*!40000 ALTER TABLE `departamentos` DISABLE KEYS */;
INSERT INTO `departamentos` VALUES (1,'Azul'),(2,'Bahía Blanca'),(3,'Dolores'),(4,'General San Martín '),(5,'Junín '),(6,'La Matanza '),(7,'La Plata '),(8,'Lomas de Zamora '),(9,'Mar del Plata '),(10,'Mercedes'),(11,'Moreno - General Rodríguez '),(12,'Morón '),(13,'Necochea '),(14,'Pergamino '),(15,'Quilmes '),(16,'San Isidro '),(17,'San Nicolás '),(18,'Trenque Lauquen'),(19,'Zárate - Campana');
/*!40000 ALTER TABLE `departamentos` ENABLE KEYS */;
UNLOCK TABLES;

--
-- Table structure for table `derivaciones`
--

DROP TABLE IF EXISTS `derivaciones`;
/*!40101 SET @saved_cs_client     = @@character_set_client */;
/*!40101 SET character_set_client = utf8 */;
CREATE TABLE `derivaciones` (
  `id` int(11) unsigned NOT NULL AUTO_INCREMENT,
  `fecha_ingreso` varchar(20) DEFAULT NULL,
  `nombre_y_apellido` varchar(100) DEFAULT NULL,
  `contacto` varchar(600) DEFAULT NULL,
  `tipo_demanda` int(11) DEFAULT NULL,
  `otra_demanda` varchar(100) DEFAULT NULL,
  `modalidad_ingreso` int(11) DEFAULT NULL,
  `organismo` int(11) DEFAULT NULL,
  `otro_organismo` int(11) DEFAULT NULL,
  `derivacion` int(11) DEFAULT NULL,
  `derivacion_otro` varchar(100) DEFAULT NULL,
  `estado_derivacion` int(11) DEFAULT NULL,
  `created_at` timestamp NULL DEFAULT NULL,
  `updated_at` timestamp NULL DEFAULT NULL,
  `userID_create` int(11) DEFAULT NULL,
  `sede` varchar(255) DEFAULT NULL,
  `activo` int(11) DEFAULT NULL,
  PRIMARY KEY (`id`)
) ENGINE=InnoDB AUTO_INCREMENT=85 DEFAULT CHARSET=latin1;
/*!40101 SET character_set_client = @saved_cs_client */;

--
-- Dumping data for table `derivaciones`
--

LOCK TABLES `derivaciones` WRITE;
/*!40000 ALTER TABLE `derivaciones` DISABLE KEYS */;
INSERT INTO `derivaciones` VALUES (1,'2019-08-27','Gustavo Ezequiel Ruiz','011-15-37599696',9,NULL,2,0,NULL,25,NULL,2,'2019-09-05 15:34:36','2019-09-05 15:34:36',26,'LA PLATA',1),(2,'2019-08-27','VIVIANA DOBA','221-4943601',8,NULL,2,0,NULL,1,NULL,1,'2019-09-05 16:31:22','2019-09-05 16:31:22',26,'LA PLATA',1),(3,'2019-08-28','DANTE PIERRAD','011-26624260',16,NULL,2,0,NULL,26,'SE COMUNICARA CON NOSOTROS CUANDO CONSIDERE NECESARIO',1,'2019-09-05 16:36:22','2019-09-05 16:36:22',26,'LA PLATA',1),(4,'2019-08-28','FARIAS ROXANA','0223-155684040',13,NULL,1,0,NULL,7,NULL,1,'2019-09-05 16:37:21','2019-09-05 16:37:21',26,'LA PLATA',1),(5,'2019-08-28','ESCANDON ALDANA','02254-15423540',8,NULL,1,0,NULL,8,NULL,1,'2019-09-05 16:38:55','2019-09-05 16:38:55',26,'LA PLATA',1),(6,'2019-08-28','GONZALEZ SILVIA','02267-418682',8,NULL,1,0,NULL,7,NULL,3,'2019-09-05 16:40:00','2019-09-05 16:40:00',26,'LA PLATA',1),(7,'2019-08-28','RACCA LAURA','NO POSEE',17,'CUIDADO PERSONAL',1,0,NULL,7,NULL,3,'2019-09-05 16:41:01','2019-09-05 16:41:01',26,'LA PLATA',1),(8,'2019-08-28','BARRIENTOS RUBEN','02254-403181',4,NULL,1,0,NULL,7,NULL,1,'2019-09-05 16:41:55','2019-09-05 16:41:55',26,'LA PLATA',1),(9,'2019-08-28','CACHICATARI SONIA','02254-15-412294',3,NULL,1,0,NULL,7,NULL,1,'2019-09-05 16:43:19','2019-09-05 16:43:19',26,'LA PLATA',1),(10,'2019-08-28','NAVARRO PAMELA','02254-15-596566',3,NULL,1,0,NULL,3,NULL,3,'2019-09-05 16:44:04','2019-09-05 16:44:04',26,'LA PLATA',1),(11,'2019-08-28','MOREIRA CINTHIA','011-1520088505',1,NULL,1,0,NULL,1,NULL,1,'2019-09-05 16:45:00','2019-09-05 16:45:00',26,'LA PLATA',1),(12,'2019-08-28','ANA PATRICIA SOTELO','011-1536570524',4,NULL,1,0,NULL,1,NULL,3,'2019-09-05 16:45:58','2019-09-05 16:45:58',26,'LA PLATA',1),(13,'2019-08-28','ESTEBAN GONZALEZ','011-1568272404',8,NULL,1,0,NULL,26,'SECRETARIA DE NIÑEZ',1,'2019-09-05 16:46:54','2019-09-05 16:46:54',26,'LA PLATA',1),(14,'2019-08-28','LIDIA FRETES SIMBRON','011-1538914136',1,NULL,1,0,NULL,1,NULL,2,'2019-09-05 16:47:36','2019-09-05 16:47:36',26,'LA PLATA',1),(15,'2019-08-28','ELVA ELVIRA BORDON','011-1556657922',17,'DENUNCIA A FINANCIERA',1,0,NULL,21,NULL,1,'2019-09-05 16:48:40','2019-09-05 16:48:40',26,'LA PLATA',1),(16,'2019-08-28','JUAN BENITEZ FIGUEREDA','011-44065744',3,NULL,1,0,NULL,1,NULL,3,'2019-09-05 16:50:31','2019-09-05 16:50:31',26,'LA PLATA',1),(17,'2019-08-28','ROMINA ANDEEL ACUÑA','011-1531787361',3,NULL,1,0,NULL,1,NULL,1,'2019-09-05 16:51:08','2019-09-05 16:51:08',26,'LA PLATA',1),(18,'2019-08-28','ESTER GRISELDA FLEITO','011-1556357765',17,'TRAMITE MIGRACION',1,0,NULL,4,NULL,1,'2019-09-05 16:52:02','2019-09-05 16:52:02',26,'LA PLATA',1),(19,'2019-08-28','NOEALIA VANINA CAÑELE','011-6523997',3,NULL,1,0,NULL,26,'DIRECCION DE GENERO MUNICIPAL',3,'2019-09-05 16:53:01','2019-09-05 16:53:01',26,'LA PLATA',1),(20,'2019-08-28','MARCIA CABRERA','011-68082298',8,NULL,1,0,NULL,26,'DIRECCION DE GENERO MUNICIPAL',2,'2019-09-05 16:54:01','2019-09-05 16:54:01',26,'LA PLATA',1),(21,'2019-08-28','MARIA MONTENEGRO','01170019052',1,NULL,1,0,NULL,2,NULL,1,'2019-09-05 16:54:35','2019-09-05 16:54:35',26,'LA PLATA',1),(22,'2019-08-28','MIRIAM CASTILLO','01158501009',1,NULL,1,0,NULL,1,NULL,3,'2019-09-05 16:55:04','2019-09-05 16:55:04',26,'LA PLATA',1),(23,'2019-08-28','TAMARA PINZA','1554956967',1,NULL,1,0,NULL,2,NULL,2,'2019-09-05 16:55:47','2019-09-05 16:55:47',26,'LA PLATA',1),(24,'2019-08-28','DEBORA GUTIERREZ','01144075562',4,NULL,1,0,NULL,2,NULL,1,'2019-09-05 16:56:16','2019-09-05 16:56:16',26,'LA PLATA',1),(25,'2019-08-28','FLAVIA MORC','01164505193',4,NULL,1,0,NULL,2,NULL,2,'2019-09-05 16:56:47','2019-09-05 16:56:47',26,'LA PLATA',1),(26,'2019-08-28','ROBERTO KOMI SIROFF','011-36894718',4,NULL,1,0,NULL,2,NULL,1,'2019-09-05 16:57:29','2019-09-05 16:57:29',26,'LA PLATA',1),(27,'2019-08-28','ELBA GONZALEZ','01132511735',4,NULL,1,0,NULL,2,NULL,1,'2019-09-05 16:57:59','2019-09-05 16:59:50',26,'LA PLATA',0),(28,'2019-08-28','MELANIE MELIAN','01125663657',1,NULL,1,0,NULL,2,NULL,1,'2019-09-05 16:58:39','2019-09-05 16:58:39',26,'LA PLATA',1),(29,'2019-08-28','CLAUDIA AMADO','01156692028',3,NULL,1,0,NULL,2,NULL,1,'2019-09-05 16:59:12','2019-09-05 16:59:12',26,'LA PLATA',1),(30,'2019-08-28','ELBA GONZALEZ','011-32511735',4,NULL,1,0,NULL,2,NULL,3,'2019-09-05 17:00:18','2019-09-05 17:00:18',26,'LA PLATA',1),(31,'2019-08-22','ERICA HUND','011-66155804',17,'IMPEDIMENTO DE CONTACTO',1,0,NULL,1,NULL,1,'2019-09-05 19:24:15','2019-09-05 19:24:15',26,'LA PLATA',1),(32,'2019-08-22','MABEL TRAMONTANA','01133073596',12,NULL,1,0,NULL,4,NULL,3,'2019-09-05 19:25:24','2019-09-05 19:25:24',26,'LA PLATA',1),(33,'2019-08-22','CLAUDIA AMEIVA','01135139559',12,NULL,1,0,NULL,7,NULL,1,'2019-09-05 19:26:01','2019-09-05 19:26:01',26,'LA PLATA',1),(34,'2019-08-22','SILVIA ORELLANA','01166296823',3,NULL,1,0,NULL,4,NULL,1,'2019-09-05 19:26:32','2019-09-05 19:26:32',26,'LA PLATA',1),(35,'2019-08-22','ALBINO ZARZA','01125823447',1,NULL,1,0,NULL,1,NULL,1,'2019-09-05 19:27:02','2019-09-05 19:27:02',26,'LA PLATA',1),(36,'2019-08-22','ERNESTINA YANZAT','01163556203',7,NULL,1,0,NULL,26,'JUZGADO DE GARANTIAS',1,'2019-09-05 19:27:57','2019-09-05 19:27:57',26,'LA PLATA',1),(37,'2019-08-22','YAMILA MOLEDO','01141965284',10,NULL,1,0,NULL,5,NULL,1,'2019-09-05 19:28:40','2019-09-05 19:28:40',26,'LA PLATA',1),(38,'2019-08-22','LEOPOLDO REYNOSO','01160024370',11,NULL,1,0,NULL,16,NULL,3,'2019-09-05 19:29:21','2019-09-05 19:29:21',26,'LA PLATA',1),(39,'2019-08-22','FLORENCIA GUTIERREZ','01162391919',3,NULL,1,0,NULL,4,NULL,1,'2019-09-05 19:29:54','2019-09-05 19:29:54',26,'LA PLATA',1),(40,'2019-08-22','ROCIO ROMAN','01140451711',1,NULL,1,0,NULL,4,NULL,1,'2019-09-05 19:30:35','2019-09-05 19:30:35',26,'LA PLATA',1),(41,'2019-08-22','FLORENCIA PEREYRA','01123442575',12,NULL,1,0,NULL,4,NULL,1,'2019-09-05 19:31:09','2019-09-05 19:31:09',26,'LA PLATA',1),(42,'2019-08-22','NANCY SEGOVIA','01123292542',3,NULL,1,0,NULL,4,NULL,3,'2019-09-05 19:31:43','2019-09-05 19:31:43',26,'LA PLATA',1),(43,'2019-08-22','ROCIO SAUCEDO','01124803999',3,NULL,1,0,NULL,4,NULL,2,'2019-09-05 19:32:24','2019-09-05 19:32:24',26,'LA PLATA',1),(44,'2019-08-22','ANALIA GALEANO','0111522673962',8,NULL,1,0,NULL,10,NULL,2,'2019-09-05 19:33:02','2019-09-05 19:33:02',26,'LA PLATA',1),(45,'2019-08-22','ARCADIA ESCALANTE','02255-1590051',3,NULL,1,0,NULL,11,NULL,3,'2019-09-05 19:34:13','2019-09-05 19:34:13',26,'LA PLATA',1),(46,'2019-08-22','ALIMIR DAFNE','02254-15-534237',8,NULL,1,0,NULL,7,NULL,1,'2019-09-05 19:34:47','2019-09-05 19:34:47',26,'LA PLATA',1),(47,'2019-08-22','PATRICIA MONTES','02267-15520912',10,NULL,1,0,NULL,7,NULL,1,'2019-09-05 19:35:31','2019-09-05 19:35:31',26,'LA PLATA',1),(48,'2019-08-22','FERNANDO HIDALGO','011-15-45301536',8,NULL,1,0,NULL,26,'NO SE PUDO ARTICULAR YA QUE NO RESPONDE A LOS LLAMADOS',3,'2019-09-05 19:36:28','2019-09-05 19:36:28',26,'LA PLATA',1),(49,'2019-02-22','YAMILA SANCHEZ','01138993039',3,NULL,1,0,NULL,2,NULL,1,'2019-09-05 19:41:01','2019-09-05 19:41:01',26,'LA PLATA',1),(50,'2019-08-15','ROCIO QUINTEROS','01131973687',1,NULL,1,0,NULL,1,NULL,2,'2019-09-05 19:41:47','2019-09-05 19:41:47',26,'LA PLATA',1),(51,'2019-08-15','JORGELINA SILVA','02320-644697',3,NULL,1,0,NULL,3,NULL,1,'2019-09-05 19:42:31','2019-09-05 19:42:31',26,'LA PLATA',1),(52,'2019-08-15','KARINA CORONEL','011-24992646',1,NULL,1,0,NULL,2,NULL,2,'2019-09-05 19:43:04','2019-09-05 19:43:04',26,'LA PLATA',1),(53,'2019-08-15','SOL MORO','011-41895704',1,NULL,1,0,NULL,1,NULL,1,'2019-09-05 19:43:36','2019-09-05 19:43:36',26,'LA PLATA',1),(54,'2017-05-04','ACEVAL ALICIA','0226715439131',11,NULL,3,5,NULL,16,NULL,1,'2019-09-06 15:39:31','2019-09-06 15:39:31',87,'PINAMAR',1),(55,'2019-08-15','LORENA VILLAGRA','01161948491',3,NULL,1,0,NULL,1,NULL,3,'2019-09-06 17:01:19','2019-09-06 17:01:19',26,'LA PLATA',1),(56,'2019-08-15','MARIA ALEJANDRA ALFARO','01166168095',1,NULL,1,0,NULL,2,NULL,3,'2019-09-06 17:01:49','2019-09-06 17:01:49',26,'LA PLATA',1),(57,'2019-08-15','FLORENCIA NUÑEZ','01167221263',11,NULL,1,0,NULL,12,NULL,1,'2019-09-06 17:02:26','2019-09-06 17:02:26',26,'LA PLATA',1),(58,'2019-08-15','YESICA EFFELINO','01130813110',1,NULL,1,0,NULL,2,NULL,1,'2019-09-06 17:03:08','2019-09-06 17:03:08',26,'LA PLATA',1),(59,'2019-08-15','ANDREA TORRES','01126694198',3,NULL,1,0,NULL,2,NULL,1,'2019-09-06 17:03:45','2019-09-06 17:03:45',26,'LA PLATA',1),(60,'2019-08-15','MERCEDES GARCIA','01124836039',1,NULL,1,0,NULL,2,NULL,1,'2019-09-06 17:04:12','2019-09-06 17:04:12',26,'LA PLATA',1),(61,'2019-08-15','MALVINA SOTO','01162873924',4,NULL,1,0,NULL,2,NULL,3,'2019-09-06 17:04:51','2019-09-06 17:04:51',26,'LA PLATA',1),(62,'2019-08-15','MIRTA RODRIGUEZ','01134363982',1,NULL,1,0,NULL,2,NULL,1,'2019-09-06 17:05:37','2019-09-06 17:05:37',26,'LA PLATA',1),(63,'2019-08-15','NATALIA MIRANDA','01133671089',4,NULL,1,0,NULL,2,NULL,1,'2019-09-06 17:06:11','2019-09-06 17:06:11',26,'LA PLATA',1),(64,'2019-08-15','LUDMILA LOMBARDO','01138468548',1,NULL,1,0,NULL,2,NULL,3,'2019-09-06 17:06:49','2019-09-06 17:06:49',26,'LA PLATA',1),(65,'2019-08-15','ROCIO RODRIGUEZ','01136233670',1,NULL,1,0,NULL,2,NULL,3,'2019-09-06 17:07:25','2019-09-06 17:07:25',26,'LA PLATA',1),(66,'2019-08-15','SUSANA FARIAS','01127598673',4,NULL,1,0,NULL,2,NULL,1,'2019-09-06 17:07:55','2019-09-06 17:07:55',26,'LA PLATA',1),(67,'2019-08-15','BEATRIZ COLLMAN','01169182037',1,NULL,1,0,NULL,18,NULL,3,'2019-09-06 17:09:20','2019-09-06 17:09:20',26,'LA PLATA',1),(68,'2019-08-15','EMANUEL ORUE','01141426985',17,'ANTECEDENTES PENALES',1,0,NULL,4,NULL,1,'2019-09-06 17:10:01','2019-09-06 17:10:01',26,'LA PLATA',1),(69,'2019-08-15','EMANUEL ORUE','01141426985',4,NULL,1,0,NULL,1,NULL,1,'2019-09-06 17:10:33','2019-09-06 17:10:33',26,'LA PLATA',1),(70,'2019-08-15','MARCELA GONZALEZ','01132093687',3,NULL,1,0,NULL,1,NULL,1,'2019-09-06 17:11:10','2019-09-06 17:11:10',26,'LA PLATA',1),(71,'2019-08-15','JORGE MONTENEGRO','01140678369',11,NULL,1,0,NULL,12,NULL,3,'2019-09-06 17:11:45','2019-09-06 17:11:45',26,'LA PLATA',1),(72,'2019-08-15','ALEJANDRA MONJES','01140678369',11,NULL,1,0,NULL,1,NULL,3,'2019-09-06 17:12:26','2019-09-06 17:12:26',26,'LA PLATA',1),(73,'2019-08-15','MAXIMILIANO AGUERO','01140678369',17,'CUIDADO PERSONAL',1,0,NULL,1,NULL,2,'2019-09-06 17:13:11','2019-09-06 17:13:11',26,'LA PLATA',1),(74,'2019-08-15','ANGEL PALUMBO','01161173105',8,NULL,1,0,NULL,26,'LA FORTALEZA QUILMES',2,'2019-09-06 17:13:56','2019-09-06 17:13:56',26,'LA PLATA',1),(75,'2019-08-15','BRENDA EGERT','01170283820',1,NULL,1,0,NULL,1,NULL,2,'2019-09-06 17:14:24','2019-09-06 17:14:24',26,'LA PLATA',1),(76,'2019-08-15','ELSA FREITAS','01130967072',10,NULL,1,0,NULL,6,NULL,3,'2019-09-06 17:16:38','2019-09-06 17:16:38',26,'LA PLATA',1),(77,'2018-08-09','GABRIELA BORDON','01123754443',1,NULL,1,0,NULL,1,NULL,1,'2019-09-06 17:17:09','2019-09-06 17:17:09',26,'LA PLATA',1),(78,'2019-08-15','NERI DE LA CRUZ','42127821',17,'MEDIACION',1,0,NULL,4,NULL,1,'2019-09-06 17:23:57','2019-09-06 17:23:57',26,'LA PLATA',1),(79,'2019-08-15','CLAUDIA ORSINGER','0249154498574',8,NULL,1,0,NULL,8,NULL,1,'2019-09-06 17:25:21','2019-09-06 17:25:21',26,'LA PLATA',1),(80,'2019-08-09','PAULA LOMBARDOZO','02494022324',11,NULL,1,0,NULL,12,NULL,1,'2019-09-06 17:25:56','2019-09-06 17:25:56',26,'LA PLATA',1),(81,'2019-08-09','MARISA IFRAN','02254533251',17,'PLAN HACEMOS FUTURO',1,0,NULL,12,NULL,1,'2019-09-06 17:26:43','2019-09-06 17:26:43',26,'LA PLATA',1),(82,'2019-08-08','HAIDE ESTER CAIHICARA','02254596729',17,'PLAN HACEMOS FUTURO',1,0,NULL,12,NULL,1,'2019-09-06 17:27:47','2019-09-06 17:27:47',26,'LA PLATA',1),(83,'2019-08-09','VICTORIA CABRERA','NO POSEE',16,NULL,1,0,NULL,8,NULL,3,'2019-09-06 17:28:24','2019-09-06 17:28:24',26,'LA PLATA',1),(84,'2019-08-09','RAMON BENITEZ','0111528198368',17,'DENUNCIA POR LESIONES',2,0,NULL,26,'MINISTERIO DE SEGURIDAD',1,'2019-09-06 17:29:45','2019-09-06 17:29:45',26,'LA PLATA',1);
/*!40000 ALTER TABLE `derivaciones` ENABLE KEYS */;
UNLOCK TABLES;

--
-- Table structure for table `discapacidades`
--

DROP TABLE IF EXISTS `discapacidades`;
/*!40101 SET @saved_cs_client     = @@character_set_client */;
/*!40101 SET character_set_client = utf8 */;
CREATE TABLE `discapacidades` (
  `id` int(10) unsigned NOT NULL AUTO_INCREMENT,
  `nombre` varchar(255) DEFAULT NULL,
  PRIMARY KEY (`id`)
) ENGINE=InnoDB AUTO_INCREMENT=6 DEFAULT CHARSET=latin1;
/*!40101 SET character_set_client = @saved_cs_client */;

--
-- Dumping data for table `discapacidades`
--

LOCK TABLES `discapacidades` WRITE;
/*!40000 ALTER TABLE `discapacidades` DISABLE KEYS */;
INSERT INTO `discapacidades` VALUES (1,'físico-motriz'),(2,'intelectual-adaptativo'),(3,'psíquica'),(4,'sensorial'),(5,'desconoce');
/*!40000 ALTER TABLE `discapacidades` ENABLE KEYS */;
UNLOCK TABLES;

--
-- Table structure for table `documentos`
--

DROP TABLE IF EXISTS `documentos`;
/*!40101 SET @saved_cs_client     = @@character_set_client */;
/*!40101 SET character_set_client = utf8 */;
CREATE TABLE `documentos` (
  `id` int(10) unsigned NOT NULL AUTO_INCREMENT,
  `tipo_documento` varchar(255) DEFAULT NULL,
  `nombre_documento` varchar(255) DEFAULT NULL,
  `archivo` varchar(255) DEFAULT NULL,
  `IdCaso` int(10) DEFAULT NULL,
  `userID_create` int(11) DEFAULT NULL,
  `created_at` timestamp NULL DEFAULT NULL,
  `userID_modify` int(11) DEFAULT NULL,
  `updated_at` timestamp NULL DEFAULT NULL,
  `activo` int(11) DEFAULT NULL,
  PRIMARY KEY (`id`)
) ENGINE=InnoDB AUTO_INCREMENT=10 DEFAULT CHARSET=latin1;
/*!40101 SET character_set_client = @saved_cs_client */;

--
-- Dumping data for table `documentos`
--

LOCK TABLES `documentos` WRITE;
/*!40000 ALTER TABLE `documentos` DISABLE KEYS */;
INSERT INTO `documentos` VALUES (1,'2','BECMAN SENT','W33R1LhCsyPvCdsUvrwKxv6w6zivNeLfYFYFXq09.rtf',167,56,'2019-09-06 17:26:44',NULL,'2019-09-06 17:26:44',NULL),(2,'2','EXPEDIENTE FAMILIA','wCBOEVO3zqzG5kv4vgCvwYKL2h84a6qqoo1irGKX.jpeg',198,1,'2019-09-06 18:24:58',NULL,'2019-09-06 18:24:58',NULL),(3,'2','EXPEDIENTE FAMILIA','bCqZnvh2jok7hJZZS9imDw0d0AFtGXoL3ywakV8u.jpeg',198,1,'2019-09-06 18:25:18',NULL,'2019-09-06 18:25:18',NULL),(4,'2','EXPEDIENTE FAMILIA','0CozzqlmckYtiMJSxgxUsCmvjg5QfGgAae80HnSF.jpeg',198,1,'2019-09-06 18:25:33',NULL,'2019-09-06 18:25:33',NULL),(5,'2','EXPEDIENTE FAMILIA','pmTcO6sJd4jC1JMvkv0O9YIwebSGb6UQsDVuFB9a.jpeg',198,1,'2019-09-06 18:25:51',NULL,'2019-09-06 18:25:51',NULL),(6,'2','EXPEDIENTE FAMILIA','sXkErCCWKBxioLbXmMkBO8yp93rlsfYhQDltROAy.jpeg',198,1,'2019-09-06 18:26:05',NULL,'2019-09-06 18:26:05',NULL),(7,'2','EXPEDIENTE FAMILIA','4aeTAX3RMBRb4gZYWjJelBTD4XgnKsIlE0P5oLJE.jpeg',198,1,'2019-09-06 18:26:21',NULL,'2019-09-06 18:26:21',NULL),(8,'1','NOTAS 2','BRIqs3iXFkMwbVWOx8W2AkopVzyJda0HXmN6ucc5.png',238,11,'2019-09-06 22:36:00',NULL,'2019-09-06 22:36:00',NULL),(9,'1','img','z1sRfQc7uf1X4dOnadfi4uC845Q0Pac4m5X3mMBP.png',240,7,'2019-09-07 01:48:13',NULL,'2019-09-07 01:48:13',NULL);
/*!40000 ALTER TABLE `documentos` ENABLE KEYS */;
UNLOCK TABLES;

--
-- Table structure for table `hechos`
--

DROP TABLE IF EXISTS `hechos`;
/*!40101 SET @saved_cs_client     = @@character_set_client */;
/*!40101 SET character_set_client = utf8 */;
CREATE TABLE `hechos` (
  `id` int(11) unsigned NOT NULL AUTO_INCREMENT,
  `fecha_delito` int(11) NOT NULL,
  `fecha_hecho` varchar(20) DEFAULT '',
  `fecha_hecho_otro` varchar(100) DEFAULT NULL,
  `pais_hecho` varchar(60) NOT NULL DEFAULT '',
  `provincia_hecho` varchar(60) NOT NULL DEFAULT '',
  `localidad_hecho` varchar(60) NOT NULL DEFAULT '',
  `idCaso` int(11) NOT NULL,
  `userID_create` int(11) DEFAULT NULL,
  `created_at` timestamp NULL DEFAULT NULL,
  `userID_modify` int(11) DEFAULT NULL,
  `updated_at` timestamp NULL DEFAULT NULL,
  PRIMARY KEY (`id`)
) ENGINE=InnoDB DEFAULT CHARSET=latin1;
/*!40101 SET character_set_client = @saved_cs_client */;

--
-- Dumping data for table `hechos`
--

LOCK TABLES `hechos` WRITE;
/*!40000 ALTER TABLE `hechos` DISABLE KEYS */;
/*!40000 ALTER TABLE `hechos` ENABLE KEYS */;
UNLOCK TABLES;

--
-- Table structure for table `imputados`
--

DROP TABLE IF EXISTS `imputados`;
/*!40101 SET @saved_cs_client     = @@character_set_client */;
/*!40101 SET character_set_client = utf8 */;
CREATE TABLE `imputados` (
  `id` int(10) unsigned NOT NULL AUTO_INCREMENT,
  `nombre_y_apellido` varchar(255) DEFAULT NULL,
  `apodo` varchar(50) DEFAULT NULL,
  `tipo_documento_id` varchar(11) DEFAULT NULL,
  `tipo_documento_otro` varchar(50) DEFAULT NULL,
  `documento_nro` int(11) DEFAULT NULL,
  `vinculo_victima` int(11) DEFAULT NULL,
  `vinculo_otro` varchar(100) DEFAULT NULL,
  `caratulacion_judicial` varchar(100) DEFAULT NULL,
  `antecedentes_id` int(11) DEFAULT NULL,
  `antecedentes` varchar(100) DEFAULT NULL,
  `detenido` int(11) DEFAULT NULL,
  `lugar_de_alojamiento` varchar(100) DEFAULT NULL,
  `defensor_particular` int(11) DEFAULT NULL,
  `defensoria_nro` varchar(50) DEFAULT NULL,
  `fiscalia_juzgado` varchar(50) DEFAULT NULL,
  `causa_id_judicial` int(11) DEFAULT NULL,
  `idCaso` int(11) DEFAULT NULL,
  `idVictim` int(11) DEFAULT NULL,
  `userID_create` int(11) DEFAULT NULL,
  `created_at` timestamp NULL DEFAULT NULL,
  `userID_modify` int(11) DEFAULT NULL,
  `updated_at` timestamp NULL DEFAULT NULL,
  `activo` int(11) DEFAULT NULL,
  PRIMARY KEY (`id`)
) ENGINE=InnoDB AUTO_INCREMENT=137 DEFAULT CHARSET=latin1;
/*!40101 SET character_set_client = @saved_cs_client */;

--
-- Dumping data for table `imputados`
--

LOCK TABLES `imputados` WRITE;
/*!40000 ALTER TABLE `imputados` DISABLE KEYS */;
INSERT INTO `imputados` VALUES (1,'LEONARDO RÍOS','Se desconoce','1',NULL,0,4,NULL,'LA MATANZA',3,NULL,3,NULL,3,'Se desconoce','GARANTIAS NO SE CUENTA  FAMILIA 9',1661117,4,3,50,'2019-09-05 16:15:20',NULL,'2019-09-05 16:15:20',NULL),(2,'ABEL OCAMPO','Se desconoce','7',NULL,NULL,2,NULL,'FEMICIDIO',3,NULL,2,NULL,3,'Se desconoce','UFI 1 LA PLATA',280419,9,11,21,'2019-09-05 16:30:41',NULL,'2019-09-05 16:30:41',NULL),(3,'FRANCO ALBERTI','Se desconoce','7',NULL,NULL,7,NULL,'HOMICIDIO',3,NULL,1,'Se desconoce',3,'Se desconoce','UFI1',279819,8,12,48,'2019-09-05 16:33:26',NULL,'2019-09-05 16:33:26',NULL),(4,'Se desconoce','Se desconoce','7',NULL,NULL,6,'EX PAREJA','VIOLENCIA DE GENERO Y ABUSO SEXUAL DOBLEMENTE AGRAVADO POR EL VINCULO',3,NULL,2,NULL,3,'Se desconoce','UFI 5',1801776311,11,10,44,'2019-09-05 16:35:41',NULL,'2019-09-05 16:35:41',NULL),(5,'Se desconoce','Se desconoce','7',NULL,NULL,7,NULL,'LESIONES Y AMENAZAS',3,NULL,3,NULL,3,'Se desconoce','UFI 7',1062118,12,13,45,'2019-09-05 16:36:10',NULL,'2019-09-05 16:36:10',NULL),(6,'Se desconoce','Se desconoce','7',NULL,NULL,4,NULL,'LESIONES',3,NULL,3,NULL,3,'Se desconoce','FISCALIA 3',992919,13,14,50,'2019-09-05 16:36:53',NULL,'2019-09-05 16:36:53',NULL),(7,'Se desconoce','Se desconoce','7',NULL,NULL,7,NULL,'LESIONES Y AMENAZAS',3,NULL,3,NULL,3,'Se desconoce','UFI 11',518018,12,13,45,'2019-09-05 16:37:45',NULL,'2019-09-05 16:37:45',NULL),(8,'Se desconoce','Se desconoce','1',NULL,0,4,NULL,'HOMICIDIO AGRAVADO POR ENSAÑAMIENTO EN CONCURSO CON ROBO',3,NULL,1,'Se desconoce',3,'Se desconoce','2 PRESIDENTE PERON',602300718,15,17,23,'2019-09-05 16:54:27',NULL,'2019-09-05 16:54:27',NULL),(9,'SIXTO MIGUEL GONZALEZ','Se desconoce','7',NULL,NULL,1,NULL,'ABUSO SEXUAL',3,NULL,3,NULL,3,'Se desconoce','UFI N 2 CONFLICTOS Y UFI N 4',60619,18,20,50,'2019-09-05 16:55:59',NULL,'2019-09-05 16:55:59',NULL),(10,'Se desconoce','Se desconoce','1',NULL,0,4,NULL,'SE DESCONOCE',3,NULL,3,NULL,3,'Se desconoce','4 RESPONSABILIDAD PENAL JUVENIL',0,15,17,23,'2019-09-05 16:59:09',NULL,'2019-09-05 16:59:09',NULL),(11,'CRISTIAN MARCELO SICARI','Se desconoce','7',NULL,NULL,2,NULL,'VIOLENCIA DE GENERO',3,NULL,2,NULL,2,'Se desconoce','1 DE GUERNICA',372518,20,22,37,'2019-09-05 17:02:21',NULL,'2019-09-05 17:02:21',NULL),(12,'HUGO IBARRA','Se desconoce','7',NULL,NULL,6,'EX PAREJA','HOMICIDIO AGRAVADO POR EL VINCULO',3,NULL,1,'UNIDAD PENAL DE OLMOS',1,'Se desconoce','UFI 2 MERCEDES',785219,19,21,21,'2019-09-05 17:04:27',NULL,'2019-09-05 17:04:27',NULL),(13,'Se desconoce','Se desconoce','7',NULL,NULL,2,NULL,'Violencia de género',3,NULL,2,NULL,3,'Se desconoce','Juzgado de Paz de Jose C Paz',0,21,23,12,'2019-09-05 17:07:48',NULL,'2019-09-05 17:07:48',NULL),(14,'MIGUEL VELOSO','Se desconoce','7',NULL,NULL,1,NULL,'CAUSA DE ABUSO SEXUAL CON ACCESO CARNAL',3,NULL,3,NULL,3,'Se desconoce','UFI DESCENTRALIZADA',5850218,23,24,50,'2019-09-05 17:19:24',NULL,'2019-09-05 17:19:24',NULL),(15,'Se desconoce','Se desconoce','7',NULL,NULL,7,NULL,'ABUSO SEXUAL INFANTIL',3,NULL,3,NULL,3,'Se desconoce','SE DESCONOCE',0,26,25,89,'2019-09-05 17:21:44',NULL,'2019-09-05 17:21:44',NULL),(16,'Se desconoce','Se desconoce','7',NULL,NULL,7,NULL,'ABUSO SEXUAL INFANTIL',3,NULL,3,NULL,3,'Se desconoce','000',0,26,25,89,'2019-09-05 17:22:28',NULL,'2019-09-05 17:22:28',NULL),(17,'Se desconoce','Se desconoce','7',NULL,NULL,7,NULL,'ABUSO SEXUAL INFANTIL',3,NULL,3,NULL,3,'Se desconoce','000',0,26,25,89,'2019-09-05 17:23:13',NULL,'2019-09-05 17:23:13',NULL),(18,'JONHY','Se desconoce','7',NULL,NULL,1,NULL,'VIOLENCIA FAMILIAR',2,NULL,2,NULL,2,'Se desconoce','UFI6',366141800,28,29,48,'2019-09-05 17:29:54',NULL,'2019-09-05 17:29:54',NULL),(19,'MATIAS EMANUEL ALE','Se desconoce','7',NULL,NULL,6,'EX PAREJA','VIOLENCIA DE GENERO',3,NULL,3,NULL,3,'Se desconoce','SIN DATOS',0,33,32,50,'2019-09-05 17:34:15',NULL,'2019-09-05 17:34:15',NULL),(20,'Se desconoce','Se desconoce','7',NULL,NULL,4,NULL,'HOMICIDIO',3,NULL,3,NULL,3,'Se desconoce','UFI DE RESPONSABILIDAD PENAL JUVENIL',2187618,32,30,22,'2019-09-05 17:35:12',NULL,'2019-09-05 17:35:12',NULL),(21,'ANTONIO DE JESUS','Se desconoce','7',NULL,NULL,6,'PADRASTRO','ABUSO SEXUAL AGRAVADO',3,NULL,1,'Se desconoce',2,'Se desconoce','UFI 1 PRESIDENTE PERON',150618,36,35,44,'2019-09-05 17:40:35',NULL,'2019-09-05 17:40:35',NULL),(22,'Se desconoce','Se desconoce','7',NULL,NULL,1,NULL,'SE DESCONOCE',3,NULL,1,'Se desconoce',3,'Se desconoce','UFI N 1 JUNIN',38092018,37,39,23,'2019-09-05 17:55:35',NULL,'2019-09-05 17:55:35',NULL),(23,'Se desconoce','Se desconoce','8',NULL,NULL,7,NULL,'SE DESCONOCE',2,NULL,2,NULL,3,'Se desconoce','UFI8',1435419,40,43,48,'2019-09-05 17:58:21',NULL,'2019-09-05 17:58:21',NULL),(24,'PABLO RAMÓN FERNÁNDEZ','Se desconoce','7',NULL,NULL,1,NULL,'ABUSO SEXUAL INFANTIL CON ACCESO CARNAL',3,NULL,3,NULL,3,'Se desconoce','DE FAMILIA N 5',234119,44,45,50,'2019-09-05 18:01:29',NULL,'2019-09-05 18:01:29',NULL),(25,'JAIME MARIO NATIVIDAD','Se desconoce','7',NULL,NULL,4,NULL,'LESIONES GRAVES HOMICIDIO CALIFICADO ATENUADO POR EXCESO DE LEGITIMA DEFENSA',1,'Se desconoce',2,NULL,2,'Se desconoce','UFI 18',1302257515,41,42,17,'2019-09-05 18:04:48',NULL,'2019-09-05 18:04:48',NULL),(26,'BENITEZ','Se desconoce','7',NULL,NULL,2,NULL,'SE DESCONOCE',3,NULL,1,'Se desconoce',3,'Se desconoce','UFI13 JUZGADO',1761219,46,48,24,'2019-09-05 18:05:21',NULL,'2019-09-05 18:05:21',NULL),(27,'ESTANCIAS DEL PILAR','Se desconoce','7',NULL,NULL,7,NULL,'HOMICIDIO',3,NULL,2,NULL,3,'Se desconoce','FISCALIA 3 DE PILAR',14311,47,49,82,'2019-09-05 18:06:17',NULL,'2019-09-05 18:06:17',NULL),(28,'HOSPITAL DE PILAR','Se desconoce','8',NULL,NULL,7,NULL,'HOMICIDIO',3,NULL,2,NULL,3,'Se desconoce','FISCALIA 3 DE PILAR',14311,47,49,82,'2019-09-05 18:06:59',NULL,'2019-09-05 18:06:59',NULL),(29,'Fabian Hernandez','Se desconoce','1',NULL,0,6,'pareja de la mama','abuso sexual con acceso carnal',3,NULL,1,'Se desconoce',3,'Se desconoce','juz de familia n 7',1354419,42,44,33,'2019-09-05 18:07:32',NULL,'2019-09-05 18:07:32',NULL),(30,'Fabian Hernandez','Se desconoce','1',NULL,0,6,'pareja de la mama','abuso sexual con acceso carnal',3,NULL,1,'Se desconoce',3,'Se desconoce','juz de familia n 7',1354419,42,44,33,'2019-09-05 18:10:07',NULL,'2019-09-05 18:10:07',NULL),(31,'Iris Amarilla','Se desconoce','1',NULL,0,2,NULL,'Homicidio agravado',2,NULL,1,'Prisión domiciliaria',2,'Se desconoce','000',0,45,47,12,'2019-09-05 18:11:00',NULL,'2019-09-05 18:11:00',NULL),(32,'Se desconoce','Se desconoce','7',NULL,NULL,2,NULL,'VIOLENCIA DE GENERO',3,NULL,2,NULL,3,'7','UFI 2',372221800,55,54,37,'2019-09-05 18:14:07',NULL,'2019-09-05 18:14:07',NULL),(33,'CLAUDIO TIMOSSI','NO TIENE','1',NULL,0,2,NULL,'AMENAZAS',2,NULL,2,NULL,3,'Se desconoce','SE DESCONOCE',0,56,57,69,'2019-09-05 18:21:59',NULL,'2019-09-05 18:21:59',NULL),(34,'COLIN EMILIANO','COLIN','1',NULL,0,2,NULL,'YANQUELEN YESICA ABUSO CON ACCESO CARNAL',3,NULL,2,NULL,3,'Se desconoce','UFI y J N 6',462117,59,60,62,'2019-09-05 18:23:53',NULL,'2019-09-05 18:23:53',NULL),(35,'HUGO ANIBAL FRANCO','Se desconoce','1',NULL,0,1,NULL,'ABUSO SEXUAL',2,NULL,2,NULL,2,'Se desconoce','FISCALIA DE GENERO DE PILAR',178,60,62,82,'2019-09-05 18:25:43',NULL,'2019-09-05 18:25:43',NULL),(36,'MARCOS ARIEL GONZALEZ','Se desconoce','7',NULL,NULL,2,NULL,'SE DESCONOCE',3,NULL,2,NULL,3,'Se desconoce','UFI 15 JUZGADO 7 DE LA PLATA',486219,62,64,24,'2019-09-05 18:28:30',NULL,'2019-09-05 18:28:30',NULL),(37,'Se desconoce','Se desconoce','7',NULL,NULL,4,NULL,'ABUSO SEXUAL',3,NULL,1,'Se desconoce',3,'Se desconoce','UFI 11',1923419,65,65,37,'2019-09-05 18:31:35',NULL,'2019-09-05 18:31:35',NULL),(38,'MIGUEL ANGEL BORDON','Se desconoce','7',NULL,NULL,3,NULL,'ABUSO SEXUAL',2,NULL,2,NULL,2,'Se desconoce','UFI DE JUICIO  N 7 DOLORES',2621,70,70,85,'2019-09-05 18:44:26',NULL,'2019-09-05 18:44:26',NULL),(39,'JUAN CRUZ CHIRINO',NULL,'7',NULL,NULL,2,NULL,'HOMICIDIO AGRAVADO SUICIDIO',3,NULL,2,NULL,2,'Se desconoce','UFI 5',4736118,66,69,36,'2019-09-05 18:46:55',NULL,'2019-09-05 18:46:55',NULL),(40,'Se desconoce','Se desconoce','7',NULL,NULL,4,NULL,'LESIONES',3,NULL,3,NULL,3,'Se desconoce','UFI 16',0,78,78,37,'2019-09-05 18:53:21',NULL,'2019-09-05 18:53:21',NULL),(41,'OSCAR ALBERTO RASISING','Se desconoce','7',NULL,NULL,6,'CUMPLE TAREAS EN SU LUGAR DE TRABAJO','SE DESCONOCE',3,NULL,2,NULL,3,'Se desconoce','UFI15',760319,80,79,24,'2019-09-05 18:56:46',NULL,'2019-09-05 18:56:46',NULL),(42,'QUIROGA EDUARDO NICOLAS','Se desconoce','1',NULL,0,4,NULL,'HOMICIDIO',3,NULL,1,'Se desconoce',1,'Se desconoce','FISCALIA 3 DE PILAR',1,67,85,82,'2019-09-05 19:08:33',NULL,'2019-09-05 19:08:33',NULL),(43,'VALDEZ LUCIANO EZEQUIEL','Se desconoce','1',NULL,0,4,NULL,'HOMICIDIO',3,NULL,1,'Se desconoce',3,'Se desconoce','FISCALIA 3 DE PILAR',1,67,85,82,'2019-09-05 19:09:21',NULL,'2019-09-05 19:09:21',NULL),(44,'Se desconoce',NULL,'8',NULL,NULL,7,NULL,'AVERIGUACION DE CAUSALES DE MUERTE',3,NULL,2,NULL,3,'Se desconoce','UFI 3',3236718,87,87,36,'2019-09-05 19:12:30',NULL,'2019-09-05 19:12:30',NULL),(45,'PEREZ','Se desconoce','7',NULL,NULL,1,NULL,'SE DESCONOCE',3,NULL,1,'Se desconoce',3,'Se desconoce','UFI 2 SAN JUSTO',4935016,92,91,21,'2019-09-05 19:12:34',NULL,'2019-09-05 19:12:34',NULL),(46,'Se desconoce','Se desconoce','7',NULL,NULL,6,'NOVIO','ABUSO SEXUAL',3,NULL,2,NULL,3,'Se desconoce','UFI 7',997416,88,90,37,'2019-09-05 19:13:07',NULL,'2019-09-05 19:13:07',NULL),(47,'PRUEBA',NULL,'1',NULL,0,4,NULL,'CARATULA 1120',1,'Se desconoce',3,NULL,1,'Se desconoce','FISCALIA',1235698,93,92,22,'2019-09-05 19:18:39',NULL,'2019-09-05 19:22:19',NULL),(48,'SANDOVAL BLADIMIR','Se desconoce','7',NULL,NULL,6,'PAREJA DE LA MADRE','ABUSO SEXUAL INFANTIL',3,NULL,1,'EN LA COMISARIA DEL PARTIDO DE LA COSTA',2,'DEFENSORIA PINAMAR','UFI DE JUICIO  N 7 DOLORES',3976186,96,96,85,'2019-09-05 19:25:14',NULL,'2019-09-05 19:25:14',NULL),(49,'Se desconoce','Se desconoce','7',NULL,NULL,4,NULL,'SE DESCONOCE',3,NULL,1,'Se desconoce',3,'Se desconoce','UFI 2 DESCENTRALIZADA DE BERAZATEGUI',599919,94,95,24,'2019-09-05 19:28:20',NULL,'2019-09-05 19:28:20',NULL),(50,'CARINA LORENA MENDOZA','NO TIENE','1',NULL,0,1,NULL,'NO HAY CAUSA PENAL',3,NULL,2,NULL,2,'NO HAY DEFENSORIA INTERVINIENTE','NO HAY FISCALIA INTERVINIENTE',0,107,103,81,'2019-09-05 19:35:23',NULL,'2019-09-05 19:35:23',NULL),(51,'GUILLERMO FARIAS','Se desconoce','7',NULL,NULL,7,NULL,'ABUSO SEXUAL',3,NULL,3,NULL,3,'Se desconoce','UFI N 5',2513711,106,104,50,'2019-09-05 19:36:39',NULL,'2019-09-05 19:36:39',NULL),(52,'RAFAEL VALDEZ','NO TIENE','1',NULL,0,1,NULL,'NO HAY CAUSA PENAL',3,NULL,2,NULL,2,'NO HAY DEFENSORIA INTERVINIENTE','NO HAY FISCALIA INTERVINIENTE',0,107,103,81,'2019-09-05 19:38:15',NULL,'2019-09-05 19:38:15',NULL),(53,'EMANUEL VALDEZ','NO TIENE','1',NULL,0,1,NULL,'NO HAY CAUSA PENAL',3,NULL,2,NULL,2,'NO HAY DEFENSORIA INTERVINIENTE','NO HAY FISCALIA INTERVINIENTE',0,107,103,81,'2019-09-05 19:38:58',NULL,'2019-09-05 19:38:58',NULL),(54,'LUCAS EZEQUIEL GRIPPO','Se desconoce','7',NULL,NULL,2,NULL,'SE DESCONOCE',3,NULL,2,NULL,3,'Se desconoce','UFI 15 JUZGADO 4',0,109,108,24,'2019-09-05 19:42:28',NULL,'2019-09-05 19:42:28',NULL),(55,'DANIEL ALBERTO CERRO','Se desconoce','7',NULL,NULL,7,NULL,'SE DESCONOCE',3,NULL,1,'UNIDAD PENAL DE MAR DEL PLATA',3,'Se desconoce','UFI 2 BALCARCE',196518,116,113,21,'2019-09-05 19:58:11',NULL,'2019-09-05 19:58:11',NULL),(56,'NATIVIDAD MINIO GALARZA','Se desconoce','7',NULL,NULL,6,'EX PAREJA','VIOLENCIA DE GENERO',3,NULL,3,NULL,3,'Se desconoce','FAMILIA  N 2 y N 8',0,117,114,50,'2019-09-05 19:59:41',NULL,'2019-09-05 19:59:41',NULL),(57,'Se desconoce',NULL,'7',NULL,NULL,7,NULL,'ABUSO SEXUAL',3,NULL,2,NULL,2,'Se desconoce','SE DESCONOCE',0,120,116,36,'2019-09-05 20:17:21',NULL,'2019-09-05 20:17:21',NULL),(58,'HUGO RAMON AQUINO VILLALBA','Se desconoce','7',NULL,NULL,1,NULL,'ABUSO SEXUAL INFANTIL',3,NULL,1,'COMISARÍA 2 DEL PARTIDO DE MERLO',3,'Se desconoce','UFI N  11',1316819,119,115,50,'2019-09-05 20:17:35',NULL,'2019-09-05 20:17:35',NULL),(59,'Se desconoce','Se desconoce','7',NULL,NULL,7,NULL,'ROBO SIMPLE LESIONES LEVES',3,NULL,3,NULL,3,'Se desconoce','SE DESCONOCE',0,123,118,36,'2019-09-05 20:49:28',NULL,'2019-09-05 20:49:28',NULL),(60,'MARIO CASTRO','Se desconoce','7',NULL,NULL,6,'PADRASTRO','ABUSO SEXUAL',3,NULL,2,NULL,1,'Se desconoce','UFI 2',1255418,124,119,36,'2019-09-05 21:12:32',NULL,'2019-09-05 21:12:32',NULL),(61,'JOSE CORREGIDOR','Se desconoce','7',NULL,NULL,2,NULL,'VIOLENCIA DE GENERO  LEY 12569',3,NULL,2,NULL,3,'Se desconoce','FISCALÍA 5',0,126,121,86,'2019-09-06 15:12:54',NULL,'2019-09-06 15:12:54',NULL),(62,'Se desconoce','Se desconoce','7',NULL,NULL,7,NULL,'VIOLENCIA DE GENERO  LEY 12569',3,NULL,2,NULL,2,'Se desconoce','FISCALIA 5',0,126,121,86,'2019-09-06 15:15:15',NULL,'2019-09-06 15:15:15',NULL),(63,'ANIBAL SASSO','Se desconoce','7',NULL,NULL,6,'PADRE DE CRIANZA','ABUSO SEXUAL INFANTIL',3,NULL,3,NULL,3,'Se desconoce','000',0,130,125,89,'2019-09-06 15:20:36',NULL,'2019-09-06 15:20:36',NULL),(64,'JAVIER PEREIRA','Se desconoce','7',NULL,NULL,2,NULL,'SE DESCONOCE',3,NULL,1,'Se desconoce',3,'Se desconoce','UFI 5',14555819,129,124,45,'2019-09-06 15:21:58',NULL,'2019-09-06 15:21:58',NULL),(65,'Se desconoce','Se desconoce','1',NULL,0,2,NULL,'VIOLENCIA DE GENERO  LEY 12569',3,NULL,2,NULL,3,'Se desconoce','FISCALIA N5',0,126,121,86,'2019-09-06 15:24:55',NULL,'2019-09-06 15:24:55',NULL),(66,'Regino Albornoz','Se desconoce','7',NULL,NULL,1,NULL,'Abuso sexual agravado por el vinculo',3,NULL,2,NULL,3,'Se desconoce','descentralizada de miramar',2819,131,127,64,'2019-09-06 15:35:51',NULL,'2019-09-06 15:35:51',NULL),(67,'MATIAS EZEQUIEL SARE','NO TIENE','1',NULL,33569917,1,NULL,'SARE MATIAS EZEQUIEL SOBRE ABUSO SEXUAL AGRAVADO VICTIMA VALENTIN SANTIAGO OSTOICH',3,NULL,1,'UNIDAD 49 DE JUNIN',1,'NO HAY DEFENSORIA INTERVINIENTE','UFI N 4 A CARGO DE LA DRA KARINA POLLICE',2368,135,128,81,'2019-09-06 15:37:13',NULL,'2019-09-06 15:37:13',NULL),(68,'MAXIMILIANO EMANUEL DOMINGUEZ','Se desconoce','7',NULL,NULL,6,'EX PAREJA','TENTATIVA DE HOMICIDIO',3,NULL,3,NULL,3,'Se desconoce','003',1300104019,137,131,89,'2019-09-06 15:41:22',NULL,'2019-09-06 15:41:22',NULL),(69,'DIEGO CARLOS LOPEZ','PITA','7',NULL,NULL,1,NULL,'DIEGO CARLOS LOPEZ SOBRE AMENAZAS AGRAVADAS VICTIMA SHEILA DALMA LOPEZ',3,NULL,2,NULL,3,'Se desconoce','UFI N 4 A CARGO DE LA DRA KARINA POLLICE',5797,138,132,79,'2019-09-06 15:45:43',NULL,'2019-09-06 15:45:43',NULL),(70,'Se desconoce','Se desconoce','7',NULL,NULL,2,NULL,'SE DESCONOCE',3,NULL,2,NULL,3,'Se desconoce','SE DESCONOCE',0,141,137,24,'2019-09-06 16:00:20',NULL,'2019-09-06 16:00:20',NULL),(71,'ROMINA PICONE','Se desconoce','7',NULL,NULL,6,'VECINO','SE DESCONOCE',3,NULL,3,NULL,3,'Se desconoce','UFI 3',4361318,150,145,24,'2019-09-06 16:22:13',NULL,'2019-09-06 16:22:13',NULL),(72,'JUAN CARLOS CORONEL','Se desconoce','7',NULL,NULL,2,NULL,'SE DESCONOCE',3,NULL,3,NULL,3,'Se desconoce','UFI 15',0,151,147,45,'2019-09-06 16:24:33',NULL,'2019-09-06 16:24:33',NULL),(73,'Se desconoce','Se desconoce','7',NULL,NULL,6,'EMPLEADOR','ABUSO SEXUAL Y LESIONES',3,NULL,2,NULL,3,'Se desconoce','UFI 9 Y UFI 18',6737717,142,143,57,'2019-09-06 16:31:16',NULL,'2019-09-06 16:31:16',NULL),(74,'Se desconoce','Se desconoce','7',NULL,NULL,4,NULL,'SE DESCONOCE',3,NULL,2,NULL,3,'Se desconoce','UFI 11',3192918,154,150,24,'2019-09-06 16:36:53',NULL,'2019-09-06 16:36:53',NULL),(75,'BRIAN CARRIZO','Se desconoce','1',NULL,0,4,NULL,'BRIAN CARRIZO SOBRE ABANDONO DE PERSONA SEGUIDA DE MUERTE VICTIMA SERGIO FILIBERTO',3,NULL,1,'Se desconoce',1,'NO HAY DEFENSORIA INTERVINIENTE','UFI N 3 A CARGO DEL DOCTOR NELSON MASTORCHIO',882,152,148,79,'2019-09-06 16:39:48',NULL,'2019-09-06 16:39:48',NULL),(76,'Se desconoce','Se desconoce','7',NULL,NULL,4,NULL,'SE DESCONOCE',3,NULL,3,NULL,3,'Se desconoce','SE DESCONOCE',0,155,151,45,'2019-09-06 16:41:49',NULL,'2019-09-06 16:41:49',NULL),(77,'Se desconoce','Se desconoce','7',NULL,NULL,4,NULL,'HOMICIDIO AGRAVADO CRIMINIS CAUSA',1,'ROBO',1,'Se desconoce',1,'Se desconoce','UFI 2 AVELLANEDA',893119,158,152,36,'2019-09-06 16:42:44',NULL,'2019-09-06 16:42:44',NULL),(78,'CAROLINA GUEVARA','Se desconoce','1',NULL,0,4,NULL,'CAROLINA GUEVARA SOBRE ABANDONO DE PERSONA SEGUIDA DE MUERTE VICTIMA SERGIO FILIBERTO',3,NULL,1,'Se desconoce',1,'NO HAY DEFENSORIA INTERVINIENTE','UFI N 3 A CARGO DEL DOCTOR NELSON MASTORCHIO',882,152,148,79,'2019-09-06 16:43:17',NULL,'2019-09-06 16:43:17',NULL),(79,'SERGIO RODAS','Se desconoce','1',NULL,0,4,NULL,'SERGIO RODAS SOBRE ABANDONO DE PERSONA SEGUIDO DE MUERTE VICTIMA SERGIO FILIBERTO',3,NULL,1,'Se desconoce',1,'NO HAY DEFENSORIA INTERVINIENTE','UFI N 3 A CARGO DEL DOCTOR NELSON MASTORCHIO',882,152,148,79,'2019-09-06 16:44:43',NULL,'2019-09-06 16:44:43',NULL),(80,'CARABALLO ACUÑA CLAUDIO DANIEL','Se desconoce','7',NULL,NULL,2,NULL,'Violencia de genero amenazas',3,NULL,2,NULL,3,'Se desconoce','flagrancia',2714518,162,155,64,'2019-09-06 16:45:12',NULL,'2019-09-06 16:45:12',NULL),(81,'MATIAS GIULLIETI','Se desconoce','1',NULL,0,4,NULL,'MATIAS GIULLIETI SOBRE ABANDONOD E PERSONA SEGUIDO DE MUERTE VICTIMA SERGIO FILIBERTO',3,NULL,1,'Se desconoce',1,'NO HAY DEFENSORIA INTERVINIENTE','UFI N 3 A CARGO DEL DOCTOR NELSON MASTORCHIO',882,152,148,79,'2019-09-06 16:46:03',NULL,'2019-09-06 16:46:03',NULL),(82,'ALEXIS EVA LUNA','Se desconoce','1',NULL,0,4,NULL,'ALEXIS EVA LUNA SOBRE ABANDONOD E PERSONA SEGUIDO DE MUERTE VICTIMA SERGIO FILIBERTO',3,NULL,1,'Se desconoce',1,'Se desconoce','UFI N 3 A CARGO DEL DOCTOR NELSON MASTORCHIO',882,152,148,79,'2019-09-06 16:47:20',NULL,'2019-09-06 16:47:20',NULL),(83,'ALBERTO SEBASTIAN DONZA','Se desconoce','1',NULL,0,4,NULL,'ALBERTO SEBASTIAN DONZA SOBRE ABANDONODE PERSONA SEGUIDO DE MUERTE VICTIMA SERGIO FILIBERTO',3,NULL,1,'UNIDAD 49 DE JUNIN',1,'NO HAY DEFENSORIA INTERVINIENTE','UFI N 3 A CARGO DEL DOCTOR NELSON MASTORCHIO',882,152,148,79,'2019-09-06 16:48:34',NULL,'2019-09-06 16:48:34',NULL),(84,'Se desconoce','Se desconoce','7',NULL,NULL,6,'PERSONAL DE LA CLINICA DONDE ESTAN ALOJADOS','SE DESCONOCE',3,NULL,3,NULL,3,'Se desconoce','UFI 3',3931518,166,160,24,'2019-09-06 16:53:15',NULL,'2019-09-06 16:53:15',NULL),(85,'Mauricio Chevalier','Se desconoce','7',NULL,NULL,1,NULL,'Abuso sexual agravado por el vinculo',3,NULL,2,NULL,3,'Se desconoce','001',2741518,169,161,64,'2019-09-06 16:56:47',NULL,'2019-09-06 16:56:47',NULL),(86,'FRANCO APUZZO','Se desconoce','7',NULL,NULL,6,'EX PAREJA','VIOLENCIA DE GENERO Y ABUSO SEXUAL',1,'Se desconoce',1,'Se desconoce',3,'Se desconoce','UFI 13 UFI 17',612119,174,164,36,'2019-09-06 17:04:32',NULL,'2019-09-06 17:04:32',NULL),(87,'EMANUEL TURDARINI','Se desconoce','7',NULL,NULL,4,NULL,'EMANUEL TURDARINI SOBRE HOMICIDIO VICTIMA NATALIA LORENA BLANCO',3,NULL,1,'Se desconoce',3,'Se desconoce','UFI NRO 1 A CARGO DEL DR LAZARTE',60417,163,159,80,'2019-09-06 17:05:19',NULL,'2019-09-06 17:05:19',NULL),(88,'Torres Rodrigo Gonzalo','Se desconoce','7',NULL,NULL,2,NULL,'no hay causa penal',1,'Se desconoce',2,NULL,3,'Se desconoce','no hay causa penal',111111111,176,168,64,'2019-09-06 17:06:49',NULL,'2019-09-06 17:06:49',NULL),(89,'Se desconoce','Se desconoce','7',NULL,NULL,2,NULL,'SE DESCONOCE',3,NULL,2,NULL,3,'Se desconoce','UFI DE GENERO DE PACHECO',0,179,172,24,'2019-09-06 17:09:20',NULL,'2019-09-06 17:09:20',NULL),(90,'Eliazar Amaro Beckman','Se desconoce','1',NULL,0,4,NULL,'ABUSO SEXUAL GRAVEMENTE ULTRAJANTE',3,NULL,2,NULL,1,'TOC 10','UFI15',3384716,167,171,56,'2019-09-06 17:17:12',NULL,'2019-09-06 17:17:12',NULL),(91,'Eliazar Amaro Beckman','Se desconoce','1',NULL,21869733,4,NULL,'ABUSO SEXUAL GRAVEMENTE ULTRAJANTE',3,NULL,2,NULL,1,'TOC 10','UFI15',3384716,167,171,56,'2019-09-06 17:19:29',NULL,'2019-09-06 17:19:29',NULL),(92,'JONATHAN GABRIEL ORELLANA','Se desconoce','7',NULL,NULL,1,NULL,'ABUSO SEXUAL INFANTIL',3,NULL,3,NULL,3,'Se desconoce','UFI 2',1193218,187,180,50,'2019-09-06 17:20:48',NULL,'2019-09-06 17:20:48',NULL),(93,'GREGORIO GALARZA','Se desconoce','7',NULL,NULL,6,'EX PAREJA','AMENAZAS',3,NULL,3,NULL,1,'26','010',1302539418,181,181,89,'2019-09-06 17:21:20',NULL,'2019-09-06 17:21:20',NULL),(94,'Se desconoce','Se desconoce','7',NULL,NULL,3,NULL,'SE DESCONOCE',3,NULL,1,'Se desconoce',3,'Se desconoce','UFI 11 JUZGADO 4',581018,188,179,24,'2019-09-06 17:21:45',NULL,'2019-09-06 17:21:45',NULL),(95,'Gerardo Daniel Ibarra','Se desconoce','1',NULL,32263740,4,NULL,'ABUSO SEXUAL GRAVEMENTE ULTRAJANTE',3,NULL,2,NULL,1,'Se desconoce','UFI15',3384716,167,171,56,'2019-09-06 17:22:09',NULL,'2019-09-06 17:22:09',NULL),(96,'ANGEL ZULETA','Se desconoce','1',NULL,0,2,NULL,'AMENAZAS',2,NULL,2,NULL,3,'Se desconoce','UFI 5',7915,185,182,70,'2019-09-06 17:24:36',NULL,'2019-09-06 17:24:36',NULL),(97,'Marcos Alejandro Ruz','Se desconoce','7',NULL,NULL,2,NULL,'lesiones y amenazas',3,NULL,2,NULL,3,'Se desconoce','flagrancia',111111111,189,184,64,'2019-09-06 17:26:19',NULL,'2019-09-06 17:26:19',NULL),(98,'ALEJANDRO ANDRÉS  GUANCA','Se desconoce','7',NULL,NULL,6,'EX PAREJA','VIOLENCIA FAMILIAR',3,NULL,2,NULL,3,'Se desconoce','FAMILIA N 8 SAN JUSTO',0,194,189,50,'2019-09-06 17:34:10',NULL,'2019-09-06 17:34:10',NULL),(99,'Se desconoce','Se desconoce','7',NULL,NULL,7,NULL,'Averiguación Causal de Muerte',3,NULL,2,NULL,3,'Se desconoce','UFI 23',18152,191,187,12,'2019-09-06 17:34:23',NULL,'2019-09-06 17:34:23',NULL),(100,'ALAN MAXIMILIANO VILTES','Se desconoce','7',NULL,NULL,2,NULL,'ACOSO Y AMENAZAS',3,NULL,2,NULL,3,'Se desconoce','UFI 10',45650,193,190,77,'2019-09-06 17:46:43',NULL,'2019-09-06 17:46:43',NULL),(101,'Se desconoce','Se desconoce','7',NULL,NULL,4,NULL,'SE DESCONOCE',3,NULL,2,NULL,3,'Se desconoce','UFI 17',1834819,202,195,24,'2019-09-06 17:50:22',NULL,'2019-09-06 17:50:22',NULL),(102,'SERGIO LEONARDO GONZÁLEZ','Se desconoce','7',NULL,NULL,6,'EX PAREJA','VIOLENCIA DE GENERO',3,NULL,3,NULL,3,'Se desconoce','SE DESCONOCE',0,203,199,50,'2019-09-06 17:52:00',NULL,'2019-09-06 17:52:00',NULL),(103,'Se desconoce','Se desconoce','7',NULL,NULL,4,NULL,'averiguacion de causales de muerte',3,NULL,2,NULL,2,'Se desconoce','UFI 4',6020117,200,198,59,'2019-09-06 17:55:33',NULL,'2019-09-06 17:55:33',NULL),(104,'Se desconoce','Se desconoce','7',NULL,NULL,4,NULL,'averiguacion de causales de muerte',3,NULL,2,NULL,2,'Se desconoce','UFI 4',6020117,200,198,59,'2019-09-06 17:58:15',NULL,'2019-09-06 17:58:15',NULL),(105,'CRISTIAN HERNÁN DÍAZ','Se desconoce','7',NULL,NULL,6,'EX PAREJA','VIOLENCIA DE GENERO',3,NULL,3,NULL,3,'Se desconoce','JUZGADO DE FAMILIA 5',359282016,205,200,50,'2019-09-06 18:03:40',NULL,'2019-09-06 18:03:40',NULL),(106,'CLEMENTE CIPRIANO','EL PANA','1',NULL,10846514,4,NULL,'SPERONI C CIPRIANO',2,NULL,2,NULL,1,'26','FISCALIA DESCENTRALIZADA N 3',99652016,208,202,11,'2019-09-06 18:10:51',NULL,'2019-09-06 18:10:51',NULL),(107,'Kevin Hernandez','Se desconoce','7',NULL,NULL,2,NULL,'Privacion Abusiva de la Libertad Lesiones',3,NULL,1,'Se desconoce',2,'Se desconoce','UFI 23',2343,206,201,12,'2019-09-06 18:11:35',NULL,'2019-09-06 18:11:35',NULL),(108,'Se desconoce','Se desconoce','7',NULL,NULL,1,NULL,'VIOLENCIA FAMILIAR',3,NULL,2,NULL,3,'Se desconoce','SE DESCONOCE',11111,209,204,77,'2019-09-06 18:15:57',NULL,'2019-09-06 18:15:57',NULL),(109,'ROBERTO GABRIEL BASUALDO','Se desconoce','8',NULL,NULL,2,NULL,'VIOLENCIA DE GENERO',2,NULL,2,NULL,2,'11','UFI  16     FAMILIA 7',4876319,198,193,1,'2019-09-06 18:16:27',NULL,'2019-09-06 18:16:27',NULL),(110,'no hay','Se desconoce','7',NULL,NULL,7,NULL,'Expediente sobre violencia familiar',3,NULL,2,NULL,2,'0','no interviene',0,212,209,104,'2019-09-06 18:40:23',NULL,'2019-09-06 18:40:23',NULL),(111,'NO HAY',NULL,'1',NULL,0,6,'000','NO HAY',2,NULL,2,NULL,2,'Se desconoce','NO INTERVIEN ES DGCYE',0,220,215,104,'2019-09-06 19:07:16',NULL,'2019-09-06 19:07:16',NULL),(112,'HÉCTOR EDUARDO BARRAZA','Se desconoce','7',NULL,NULL,6,'PAREWJA DE ABUELA MATERNA','ABUSO SEXUAL INFANTIL',3,NULL,3,NULL,3,'Se desconoce','UFI  N 2',824217,223,217,50,'2019-09-06 19:18:49',NULL,'2019-09-06 19:18:49',NULL),(113,'Arriola Carlos','Se desconoce','7',NULL,NULL,2,NULL,'HOMICIDIO AGRAVADO POR EL VINCULO',3,NULL,1,'DOLORES',2,'Se desconoce','ufi n 6',228418,224,219,85,'2019-09-06 19:20:19',NULL,'2019-09-06 19:20:19',NULL),(114,'Se desconoce','Se desconoce','7',NULL,NULL,7,NULL,'HOMICIDIO',3,NULL,2,NULL,2,'Se desconoce','UFI 1',513119,222,218,98,'2019-09-06 19:21:00',NULL,'2019-09-06 19:21:00',NULL),(115,'SERGIO SANABRIA','Se desconoce','7',NULL,NULL,6,'AMIGO DE LA FAMILIA','ABUSO SEXUAL INFANTIL',3,NULL,3,NULL,3,'Se desconoce','SE DESCONOCE',0,226,220,50,'2019-09-06 19:26:28',NULL,'2019-09-06 19:26:28',NULL),(116,'MARIANO LENCINA','Se desconoce','7',NULL,NULL,4,NULL,'ABUSO SEXUAL INFANTIL',3,NULL,3,NULL,1,'Se desconoce','008',1300425119,225,221,89,'2019-09-06 19:28:32',NULL,'2019-09-06 19:28:32',NULL),(117,'NICOLAS AVOTS','Se desconoce','7',NULL,NULL,4,NULL,'SE DESCONOCE',3,NULL,3,NULL,3,'Se desconoce','SE DESCONOCE',0,227,222,21,'2019-09-06 19:34:29',NULL,'2019-09-06 19:34:29',NULL),(118,'NICOLÁS MEDINA ACOSTA','Se desconoce','7',NULL,NULL,7,NULL,'HOMICIDIO EN RIÑA',3,NULL,1,'UNIDAD PENITENCIARIA N 43 DE GONZÁLEZ CATÁN',3,'Se desconoce','SE DESCONOCE',0,230,225,50,'2019-09-06 19:45:53',NULL,'2019-09-06 19:45:53',NULL),(119,'DIEGO NAHUEL MERCADO','Se desconoce','7',NULL,NULL,6,'EX PAREJA','VIOLENCIA DE GENERO',3,NULL,3,NULL,3,'Se desconoce','FAMILIA N 6',152862019,233,228,50,'2019-09-06 20:01:49',NULL,'2019-09-06 20:01:49',NULL),(120,'GUSTAVO ADRIÁN ORTEGA','Se desconoce','7',NULL,NULL,7,NULL,'ABUSO SEXUAL INFANTIL',3,NULL,3,NULL,3,'Se desconoce','DE FAMILIA N3',95918,235,230,50,'2019-09-06 20:16:37',NULL,'2019-09-06 20:16:37',NULL),(121,'ADRIANO SANABRIA','Se desconoce','7',NULL,NULL,6,'PAREJA DE LA MADRE','ABUSO SEXUAL INFANTIL',2,NULL,2,NULL,2,'Se desconoce','UFI 14',3161519,234,229,100,'2019-09-06 20:16:56',NULL,'2019-09-06 20:16:56',NULL),(122,'PRUEBAII','Se desconoce','1',NULL,0,4,NULL,'CARATULA 1120',2,NULL,2,NULL,2,'Se desconoce','FISCALIA',213654,238,233,11,'2019-09-06 22:31:41',NULL,'2019-09-06 22:33:27',NULL),(123,'PRUEBAIII','Se desconoce','9','OTRO DOC',2147483640,6,'OTRO VINCULO','CARATULA 1120',2,NULL,2,NULL,3,'Se desconoce','FISCALIA',12930303,238,234,11,'2019-09-06 22:34:42',NULL,'2019-09-06 22:34:42',NULL),(124,'PRUEBA','Se desconoce','2',NULL,0,3,NULL,'CARATULA 1120',2,NULL,2,NULL,2,'Se desconoce','FISCALIA',1345678,240,236,7,'2019-09-07 01:44:46',NULL,'2019-09-07 01:46:15',NULL),(125,'PRUEBA','Se desconoce','1',NULL,0,2,NULL,'CARATULA 1120',2,NULL,2,NULL,2,'Se desconoce','FISCALIA',1345678,241,238,39,'2019-09-07 03:26:03',NULL,'2019-09-07 03:26:03',NULL),(126,'Se desconoce',NULL,'8',NULL,NULL,1,NULL,'VIOLENCIA FAMILIAR',3,NULL,2,NULL,2,'Se desconoce','UFI N 5',0,246,242,86,'2019-09-09 13:48:34',NULL,'2019-09-09 13:48:34',NULL),(127,'CRISTIAN HERNÁN DÍAZ','Se desconoce','7',NULL,NULL,1,NULL,'ABUSO SEXUAL INFANTIL',3,NULL,3,NULL,3,'Se desconoce','DE FAMILIA N 5',4590516,251,246,50,'2019-09-09 14:42:23',NULL,'2019-09-09 14:42:23',NULL),(128,'JONATHAN ROLÓN','Se desconoce','7',NULL,NULL,6,'PADRASTRO','ABUSO SEXUAL INFANTIL',3,NULL,3,NULL,3,'Se desconoce','2 Y JUZGADO DE GARATIAS 1',688019,252,247,50,'2019-09-09 14:54:45',NULL,'2019-09-09 14:54:45',NULL),(129,'JOSÉ EDUARDO CENA','Se desconoce','7',NULL,NULL,6,'EX PAREJA','VIOLENCIA DE GENERO',3,NULL,3,NULL,3,'Se desconoce','SE DESCONOCE',0,255,248,50,'2019-09-09 15:05:29',NULL,'2019-09-09 15:05:29',NULL),(130,'CRISTIAN ROMERO','Se desconoce','7',NULL,NULL,2,NULL,'VIOLENCIA DE GENERO  LEY 12569',3,NULL,2,NULL,2,'Se desconoce','FISCALIA 4',0,256,249,86,'2019-09-09 15:09:37',NULL,'2019-09-09 15:09:37',NULL),(131,'FERNANDO ADRIÁN REYES','Se desconoce','7',NULL,NULL,7,NULL,'ABUSO SEXUAL INFANTIL',3,NULL,3,NULL,3,'Se desconoce','GARANTÍAS N 6   FAMILIA N 5',5475518,257,250,50,'2019-09-09 15:14:59',NULL,'2019-09-09 15:14:59',NULL),(132,'ALFREDO AGUIAR','Se desconoce','7',NULL,NULL,6,'EX PAREJA','VIOLENCIA DE GENERO',3,NULL,3,NULL,3,'Se desconoce','FAMILIA N 9',339512018,259,251,50,'2019-09-09 15:21:57',NULL,'2019-09-09 15:21:57',NULL),(133,'MATIAS ACUÑA','Se desconoce','7',NULL,NULL,7,NULL,'HOMICIDIO',3,NULL,1,'Se desconoce',3,'Se desconoce','UFI ESP HOMICIDIOS',1107815,260,252,50,'2019-09-09 15:33:10',NULL,'2019-09-09 15:33:10',NULL),(134,'ALBERTO ESCOBAR','Se desconoce','7',NULL,NULL,7,NULL,'HOMICIDIO',3,NULL,1,'Se desconoce',3,'Se desconoce','UFI ESP HOMICIDIOS JUZGADO DE GATANTIAS 2',1107815,260,252,50,'2019-09-09 15:34:25',NULL,'2019-09-09 15:34:25',NULL),(135,'DOMINGO MAGUNA','Se desconoce','7',NULL,NULL,7,NULL,'HOMICIDIO',3,NULL,1,'Se desconoce',3,'Se desconoce','UFI ESP HOMICIDIOS 	 JUZGADO DE GARANTÍAS N  2',1107815,260,252,50,'2019-09-09 15:35:32',NULL,'2019-09-09 15:35:32',NULL),(136,'NAHUEL BARRIOS','BRAIAN','7',NULL,NULL,6,'PAREJA DE MADRE','ABUSO SEXUAL INFANTIL',2,NULL,3,NULL,3,'Se desconoce','FAMILIA N 2',5887118,261,253,50,'2019-09-09 15:46:08',NULL,'2019-09-09 15:46:08',NULL);
/*!40000 ALTER TABLE `imputados` ENABLE KEYS */;
UNLOCK TABLES;

--
-- Table structure for table `institucion_asistencia`
--

DROP TABLE IF EXISTS `institucion_asistencia`;
/*!40101 SET @saved_cs_client     = @@character_set_client */;
/*!40101 SET character_set_client = utf8 */;
CREATE TABLE `institucion_asistencia` (
  `id` int(10) unsigned NOT NULL AUTO_INCREMENT,
  `institucion_id` int(11) DEFAULT NULL,
  `asistencia_id` int(11) DEFAULT NULL,
  PRIMARY KEY (`id`)
) ENGINE=InnoDB AUTO_INCREMENT=276 DEFAULT CHARSET=latin1;
/*!40101 SET character_set_client = @saved_cs_client */;

--
-- Dumping data for table `institucion_asistencia`
--

LOCK TABLES `institucion_asistencia` WRITE;
/*!40000 ALTER TABLE `institucion_asistencia` DISABLE KEYS */;
INSERT INTO `institucion_asistencia` VALUES (1,1,1),(2,2,1),(3,2,2),(4,3,1),(5,4,1),(6,4,2),(7,5,1),(8,5,2),(9,5,3),(10,6,1),(11,6,2),(12,7,1),(13,7,2),(14,7,3),(15,10,1),(16,10,2),(17,11,1),(18,12,1),(19,13,1),(20,13,2),(21,14,1),(22,16,1),(23,16,2),(24,18,1),(25,19,1),(26,20,1),(27,20,2),(28,20,3),(29,21,1),(30,21,2),(31,22,1),(32,22,2),(33,23,1),(34,23,2),(35,27,1),(36,28,1),(37,28,2),(38,29,1),(39,29,2),(40,30,1),(41,32,1),(42,32,2),(43,34,1),(44,34,2),(45,34,3),(46,36,1),(47,36,2),(48,37,1),(49,38,1),(50,38,2),(51,39,2),(52,41,1),(53,43,1),(54,43,2),(55,43,3),(56,45,1),(57,49,1),(58,49,2),(59,50,1),(60,50,2),(61,50,3),(62,51,1),(63,51,2),(64,51,3),(65,52,1),(66,53,1),(67,53,2),(68,54,1),(69,55,1),(70,56,1),(71,57,2),(72,58,1),(73,58,2),(74,59,1),(75,59,2),(76,60,1),(77,60,2),(78,62,1),(79,62,2),(80,62,3),(81,63,1),(82,63,2),(83,63,3),(84,64,1),(85,65,2),(86,66,1),(87,66,2),(88,68,1),(89,68,2),(90,70,1),(91,70,2),(92,71,1),(93,72,2),(94,73,1),(95,73,2),(96,75,1),(97,75,2),(98,76,1),(99,76,2),(100,76,3),(101,77,1),(102,77,2),(103,77,3),(104,78,1),(105,79,1),(106,79,2),(107,79,3),(108,81,1),(109,83,1),(110,83,2),(111,84,1),(112,84,2),(113,85,1),(114,85,2),(115,85,3),(116,88,2),(117,88,3),(118,89,1),(119,90,2),(120,92,1),(121,92,2),(122,93,1),(123,94,1),(124,94,2),(125,96,1),(126,96,2),(127,99,1),(128,99,2),(129,100,2),(130,105,1),(131,105,2),(132,107,1),(133,107,2),(134,107,3),(135,109,1),(136,109,2),(137,112,1),(138,113,1),(139,116,1),(140,116,2),(141,116,3),(142,117,1),(143,120,1),(144,120,2),(145,120,3),(146,121,1),(147,121,2),(148,121,3),(149,122,1),(150,123,1),(151,123,2),(152,124,1),(153,124,2),(154,124,3),(155,125,1),(156,125,2),(157,126,1),(158,126,2),(159,126,3),(160,127,1),(161,127,2),(162,127,3),(163,128,2),(164,129,1),(165,129,2),(166,130,1),(167,131,1),(168,131,2),(169,132,1),(170,132,2),(171,133,2),(172,134,1),(173,134,2),(174,135,1),(175,136,1),(176,137,1),(177,137,2),(178,137,3),(179,138,1),(180,138,2),(181,139,1),(182,140,1),(183,141,1),(184,141,2),(185,143,1),(186,144,1),(187,144,2),(188,144,3),(189,145,1),(190,145,2),(191,145,3),(192,146,1),(193,147,1),(194,148,1),(195,150,1),(196,150,2),(197,151,1),(198,151,2),(199,152,1),(200,152,2),(201,152,3),(202,153,1),(203,153,2),(204,153,3),(205,155,1),(206,155,2),(207,155,3),(208,156,1),(209,156,2),(210,157,1),(211,157,2),(212,158,1),(213,158,2),(214,158,3),(215,160,1),(216,160,2),(217,161,1),(218,162,1),(219,163,1),(220,163,2),(221,163,3),(222,166,1),(223,166,2),(224,167,1),(225,167,2),(226,167,3),(227,168,1),(228,168,2),(229,169,2),(230,170,1),(231,170,2),(232,172,1),(235,174,1),(236,174,2),(237,175,1),(238,175,2),(239,176,1),(240,176,2),(241,178,1),(242,179,1),(243,179,2),(244,181,1),(245,183,1),(246,184,1),(247,184,2),(248,186,2),(249,187,1),(250,187,2),(251,188,1),(252,189,1),(253,189,2),(254,190,1),(255,191,1),(256,191,3),(257,192,1),(258,192,3),(259,194,1),(260,195,2),(261,196,1),(262,196,2),(263,199,1),(264,199,2),(265,200,1),(266,200,2),(267,201,1),(268,201,2),(269,203,1),(270,203,2),(271,204,1),(272,204,2),(273,205,2),(274,206,1),(275,206,2);
/*!40000 ALTER TABLE `institucion_asistencia` ENABLE KEYS */;
UNLOCK TABLES;

--
-- Table structure for table `institucion_oarticula`
--

DROP TABLE IF EXISTS `institucion_oarticula`;
/*!40101 SET @saved_cs_client     = @@character_set_client */;
/*!40101 SET character_set_client = utf8 */;
CREATE TABLE `institucion_oarticula` (
  `id` int(10) unsigned NOT NULL AUTO_INCREMENT,
  `institucion_id` int(11) DEFAULT NULL,
  `oarticula_id` int(11) DEFAULT NULL,
  PRIMARY KEY (`id`)
) ENGINE=InnoDB AUTO_INCREMENT=97 DEFAULT CHARSET=latin1;
/*!40101 SET character_set_client = @saved_cs_client */;

--
-- Dumping data for table `institucion_oarticula`
--

LOCK TABLES `institucion_oarticula` WRITE;
/*!40000 ALTER TABLE `institucion_oarticula` DISABLE KEYS */;
INSERT INTO `institucion_oarticula` VALUES (1,3,3),(2,3,24),(3,5,3),(4,8,24),(5,16,24),(6,18,12),(7,21,24),(8,22,3),(9,22,7),(10,25,12),(11,30,7),(12,30,9),(13,30,12),(14,34,3),(15,35,24),(16,39,7),(17,45,3),(18,49,1),(19,49,3),(20,49,12),(21,50,24),(22,51,3),(23,59,3),(24,59,24),(25,61,3),(26,63,3),(27,65,16),(28,66,24),(29,72,24),(30,75,24),(31,77,7),(32,79,3),(33,85,24),(34,88,24),(35,96,24),(36,105,3),(37,105,22),(38,112,3),(39,113,3),(40,114,12),(41,117,3),(42,121,3),(43,121,7),(44,121,14),(45,122,3),(46,124,24),(47,125,3),(48,125,22),(49,126,24),(50,128,24),(51,129,7),(52,130,3),(53,131,3),(54,132,14),(55,135,3),(56,135,11),(57,137,24),(58,139,7),(59,141,11),(60,143,3),(61,144,7),(62,144,11),(63,145,3),(64,145,7),(65,145,10),(66,145,24),(67,146,3),(68,147,3),(69,148,3),(70,148,7),(71,150,24),(72,151,7),(73,152,3),(74,153,10),(75,153,24),(76,156,3),(77,156,24),(78,160,24),(79,163,7),(80,166,7),(81,168,21),(82,169,24),(85,175,24),(86,186,24),(87,187,24),(88,190,24),(89,191,1),(90,191,2),(91,191,24),(92,192,1),(93,192,24),(94,196,22),(95,200,11),(96,205,24);
/*!40000 ALTER TABLE `institucion_oarticula` ENABLE KEYS */;
UNLOCK TABLES;

--
-- Table structure for table `institucion_oprevio`
--

DROP TABLE IF EXISTS `institucion_oprevio`;
/*!40101 SET @saved_cs_client     = @@character_set_client */;
/*!40101 SET character_set_client = utf8 */;
CREATE TABLE `institucion_oprevio` (
  `id` int(10) unsigned NOT NULL AUTO_INCREMENT,
  `institucion_id` int(11) DEFAULT NULL,
  `oprevio_id` int(11) DEFAULT NULL,
  PRIMARY KEY (`id`)
) ENGINE=InnoDB AUTO_INCREMENT=90 DEFAULT CHARSET=latin1;
/*!40101 SET character_set_client = @saved_cs_client */;

--
-- Dumping data for table `institucion_oprevio`
--

LOCK TABLES `institucion_oprevio` WRITE;
/*!40000 ALTER TABLE `institucion_oprevio` DISABLE KEYS */;
INSERT INTO `institucion_oprevio` VALUES (1,3,24),(2,4,2),(3,4,3),(4,5,24),(5,7,4),(6,8,12),(7,8,18),(8,11,24),(9,12,12),(10,12,13),(11,16,24),(12,18,14),(13,19,3),(14,20,5),(15,25,12),(16,25,13),(17,25,14),(18,29,2),(19,29,12),(20,35,24),(21,41,12),(22,41,13),(23,42,16),(24,46,2),(25,46,12),(26,46,13),(27,47,24),(28,50,3),(29,50,12),(30,50,13),(31,57,2),(32,57,5),(33,57,12),(34,57,24),(35,59,12),(36,59,15),(37,61,12),(38,70,24),(39,73,13),(40,74,12),(41,75,2),(42,78,24),(43,84,2),(44,84,13),(45,88,24),(46,91,24),(47,92,12),(48,92,24),(49,95,24),(50,119,14),(51,119,24),(52,122,12),(53,122,24),(54,124,24),(55,125,12),(56,132,9),(57,134,12),(58,134,13),(59,134,22),(60,135,15),(61,139,2),(62,139,5),(63,139,13),(64,148,2),(65,148,5),(66,148,12),(67,148,24),(68,152,15),(69,153,12),(70,158,5),(71,163,5),(72,166,2),(73,166,12),(74,175,24),(75,177,2),(76,177,12),(77,183,24),(78,185,3),(79,191,9),(80,191,10),(81,191,24),(82,192,4),(83,192,24),(84,195,24),(85,196,2),(86,197,2),(87,198,2),(88,199,23),(89,200,15);
/*!40000 ALTER TABLE `institucion_oprevio` ENABLE KEYS */;
UNLOCK TABLES;

--
-- Table structure for table `institucion_socioeconomico`
--

DROP TABLE IF EXISTS `institucion_socioeconomico`;
/*!40101 SET @saved_cs_client     = @@character_set_client */;
/*!40101 SET character_set_client = utf8 */;
CREATE TABLE `institucion_socioeconomico` (
  `id` int(10) unsigned NOT NULL AUTO_INCREMENT,
  `institucion_id` int(11) DEFAULT NULL,
  `socioeconomico_id` int(11) DEFAULT NULL,
  PRIMARY KEY (`id`)
) ENGINE=InnoDB AUTO_INCREMENT=70 DEFAULT CHARSET=latin1;
/*!40101 SET character_set_client = @saved_cs_client */;

--
-- Dumping data for table `institucion_socioeconomico`
--

LOCK TABLES `institucion_socioeconomico` WRITE;
/*!40000 ALTER TABLE `institucion_socioeconomico` DISABLE KEYS */;
INSERT INTO `institucion_socioeconomico` VALUES (1,5,1),(2,7,3),(3,20,4),(4,34,1),(5,43,1),(6,50,1),(7,51,5),(8,62,1),(9,62,2),(10,63,5),(11,76,1),(12,76,2),(13,76,5),(14,77,1),(15,77,3),(16,79,1),(17,79,5),(18,85,4),(19,85,5),(20,88,5),(21,107,2),(22,107,5),(23,116,5),(24,120,4),(25,121,1),(26,121,3),(27,121,4),(28,124,1),(29,124,2),(30,124,3),(31,124,4),(32,126,6),(33,127,5),(34,137,3),(35,137,4),(36,137,5),(37,144,1),(38,144,3),(39,144,4),(40,145,1),(41,145,2),(42,145,3),(43,145,4),(44,145,5),(45,152,5),(46,153,2),(47,153,3),(48,155,1),(49,155,2),(50,155,3),(51,155,4),(52,155,5),(53,158,1),(54,158,3),(55,158,4),(56,163,4),(57,167,1),(58,167,3),(59,167,5),(65,191,1),(66,191,2),(67,191,6),(68,192,1),(69,192,6);
/*!40000 ALTER TABLE `institucion_socioeconomico` ENABLE KEYS */;
UNLOCK TABLES;

--
-- Table structure for table `instituciones`
--

DROP TABLE IF EXISTS `instituciones`;
/*!40101 SET @saved_cs_client     = @@character_set_client */;
/*!40101 SET character_set_client = utf8 */;
CREATE TABLE `instituciones` (
  `id` int(10) unsigned NOT NULL AUTO_INCREMENT,
  `organismos_intervinieron` int(11) DEFAULT NULL,
  `cual_otro_organismo` varchar(100) DEFAULT NULL,
  `requiere_asistencia` int(11) DEFAULT NULL,
  `socioeconomica_otro` varchar(255) DEFAULT NULL,
  `organismo_articula_si_no` int(11) DEFAULT NULL,
  `organismos_actual_otro` varchar(100) DEFAULT NULL,
  `pratocinio_gratuito` int(11) DEFAULT NULL,
  `fecha_de_solicitud` varchar(250) DEFAULT NULL,
  `letrado_designado` varchar(100) DEFAULT NULL,
  `pratocinio_conformidad` int(11) DEFAULT NULL,
  `colegio_departamental` int(11) DEFAULT NULL,
  `fecha_designacion` varchar(250) DEFAULT NULL,
  `fecha_solicitud_designacion` varchar(250) DEFAULT NULL,
  `abogado_particular` varchar(255) DEFAULT NULL,
  `idCaso` int(11) DEFAULT NULL,
  `userID_create` int(11) DEFAULT NULL,
  `created_at` timestamp NULL DEFAULT NULL,
  `userID_modify` int(11) DEFAULT NULL,
  `updated_at` timestamp NULL DEFAULT NULL,
  PRIMARY KEY (`id`)
) ENGINE=InnoDB AUTO_INCREMENT=207 DEFAULT CHARSET=latin1;
/*!40101 SET character_set_client = @saved_cs_client */;

--
-- Dumping data for table `instituciones`
--

LOCK TABLES `instituciones` WRITE;
/*!40000 ALTER TABLE `instituciones` DISABLE KEYS */;
INSERT INTO `instituciones` VALUES (1,2,NULL,1,NULL,2,NULL,4,NULL,NULL,NULL,NULL,NULL,NULL,'2',3,11,'2019-09-05 16:00:27',NULL,'2019-09-05 16:00:27'),(2,4,NULL,1,NULL,3,NULL,4,NULL,NULL,NULL,NULL,NULL,NULL,'3',4,50,'2019-09-05 16:16:14',NULL,'2019-09-05 16:16:14'),(3,1,'SERVICIO SOCIAL DEL HOSPITAL SAN MARTIN',1,NULL,1,'HOSPITAL SAN MARTIN',4,NULL,NULL,NULL,NULL,NULL,NULL,'2',10,17,'2019-09-05 16:20:41',NULL,'2019-09-05 16:20:41'),(4,1,NULL,1,NULL,2,NULL,4,NULL,NULL,NULL,NULL,NULL,NULL,'2',9,21,'2019-09-05 16:32:32',NULL,'2019-09-05 16:32:32'),(5,1,'CENTRO DE SALUD NUMERO 8 DE ALTOS DE SAN LORENZO',1,NULL,1,NULL,4,NULL,NULL,NULL,NULL,NULL,NULL,'2',8,48,'2019-09-05 16:37:12',NULL,'2019-09-05 16:37:12'),(6,3,NULL,1,NULL,3,NULL,5,NULL,NULL,NULL,NULL,NULL,NULL,'3',13,50,'2019-09-05 16:37:45',NULL,'2019-09-05 16:37:45'),(7,1,NULL,1,NULL,2,NULL,4,NULL,NULL,NULL,NULL,NULL,NULL,'2',12,45,'2019-09-05 16:39:14',NULL,'2019-09-05 16:39:14'),(8,1,NULL,2,NULL,1,'CAV MUNICIPALIDAD DE ESCOBAR SERVICIO LOCAL Y NIÑEZ DE ADOLESCENCIA',4,NULL,NULL,NULL,NULL,NULL,NULL,'2',11,44,'2019-09-05 16:45:13',NULL,'2019-09-05 16:45:13'),(9,4,NULL,3,NULL,3,NULL,5,NULL,NULL,NULL,NULL,NULL,NULL,'3',17,89,'2019-09-05 16:51:24',NULL,'2019-09-05 16:51:24'),(10,2,NULL,1,NULL,2,NULL,5,NULL,NULL,NULL,NULL,NULL,NULL,'3',18,50,'2019-09-05 16:56:43',NULL,'2019-09-05 16:56:43'),(11,1,'ASISTENCIA A LA VICTIMA MUNICIPAL',1,NULL,2,NULL,NULL,NULL,NULL,NULL,NULL,NULL,NULL,'1',15,23,'2019-09-05 17:00:07',NULL,'2019-09-05 17:00:07'),(12,1,NULL,1,NULL,2,NULL,4,NULL,NULL,NULL,NULL,NULL,NULL,'2',20,37,'2019-09-05 17:03:34',NULL,'2019-09-05 17:03:34'),(13,4,NULL,1,NULL,2,NULL,4,NULL,NULL,NULL,NULL,NULL,NULL,'3',16,29,'2019-09-05 17:04:59',NULL,'2019-09-05 17:04:59'),(14,4,NULL,1,NULL,2,NULL,NULL,NULL,NULL,NULL,NULL,NULL,NULL,'1',19,21,'2019-09-05 17:05:02',NULL,'2019-09-05 17:05:02'),(15,2,NULL,2,NULL,2,NULL,4,NULL,NULL,NULL,NULL,NULL,NULL,'2',21,12,'2019-09-05 17:08:22',NULL,'2019-09-05 17:08:22'),(16,1,'COMISARIA DE LA MUJER',1,NULL,1,'CENTRO DE SALUD SALITA LA JUANITA',5,NULL,NULL,NULL,NULL,NULL,NULL,'3',23,50,'2019-09-05 17:21:42',NULL,'2019-09-05 17:21:42'),(17,4,NULL,3,NULL,3,NULL,5,NULL,NULL,NULL,NULL,NULL,NULL,'3',26,89,'2019-09-05 17:24:31',NULL,'2019-09-05 17:24:31'),(18,1,NULL,1,NULL,1,NULL,4,NULL,NULL,NULL,NULL,NULL,NULL,'2',27,23,'2019-09-05 17:30:00',NULL,'2019-09-05 17:30:00'),(19,1,NULL,1,NULL,2,NULL,3,NULL,'DR CARRIZO',1,7,'1900-01-01','2018-05-10','2',30,21,'2019-09-05 17:30:27',NULL,'2019-09-05 17:30:27'),(20,1,NULL,1,NULL,2,NULL,4,NULL,NULL,NULL,NULL,NULL,NULL,'2',28,48,'2019-09-05 17:32:11',NULL,'2019-09-05 17:32:11'),(21,2,NULL,1,NULL,1,'COMISARIA DE LA MUJER',5,NULL,NULL,NULL,NULL,NULL,NULL,'3',33,50,'2019-09-05 17:35:06',NULL,'2019-09-05 17:35:06'),(22,2,NULL,1,NULL,1,NULL,4,NULL,NULL,NULL,NULL,NULL,NULL,'2',31,12,'2019-09-05 17:36:28',NULL,'2019-09-05 17:36:28'),(23,2,NULL,1,NULL,2,NULL,4,NULL,NULL,NULL,NULL,NULL,NULL,'3',32,22,'2019-09-05 17:36:50',NULL,'2019-09-05 17:36:50'),(24,2,NULL,2,NULL,3,NULL,NULL,NULL,NULL,NULL,NULL,NULL,NULL,'1',24,28,'2019-09-05 17:36:55',NULL,'2019-09-05 17:36:55'),(25,1,NULL,2,NULL,1,NULL,NULL,NULL,NULL,NULL,NULL,NULL,NULL,'1',35,17,'2019-09-05 17:41:16',NULL,'2019-09-05 17:41:16'),(26,4,NULL,3,NULL,3,NULL,5,NULL,NULL,NULL,NULL,NULL,NULL,'3',38,89,'2019-09-05 17:46:50',NULL,'2019-09-05 17:46:50'),(27,2,NULL,1,NULL,2,NULL,4,NULL,NULL,NULL,NULL,NULL,NULL,'2',39,12,'2019-09-05 17:49:06',NULL,'2019-09-05 17:49:06'),(28,4,NULL,1,NULL,3,NULL,NULL,NULL,NULL,NULL,NULL,NULL,NULL,'1',34,29,'2019-09-05 17:51:46',NULL,'2019-09-05 17:51:46'),(29,1,NULL,1,NULL,2,NULL,4,NULL,NULL,NULL,NULL,NULL,NULL,'2',36,44,'2019-09-05 17:55:52',NULL,'2019-09-05 17:55:52'),(30,4,NULL,1,NULL,1,NULL,4,NULL,NULL,NULL,NULL,NULL,NULL,'3',37,23,'2019-09-05 17:56:24',NULL,'2019-09-05 17:56:24'),(31,2,NULL,2,NULL,2,NULL,4,NULL,NULL,NULL,NULL,NULL,NULL,'2',40,48,'2019-09-05 17:59:39',NULL,'2019-09-05 17:59:39'),(32,2,NULL,1,NULL,2,NULL,5,NULL,NULL,NULL,NULL,NULL,NULL,'3',44,50,'2019-09-05 18:03:07',NULL,'2019-09-05 18:03:07'),(33,4,NULL,2,NULL,3,NULL,5,NULL,NULL,NULL,NULL,NULL,NULL,'3',43,28,'2019-09-05 18:05:54',NULL,'2019-09-05 18:05:54'),(34,2,NULL,1,NULL,1,NULL,4,NULL,NULL,NULL,NULL,NULL,NULL,'2',46,24,'2019-09-05 18:08:03',NULL,'2019-09-05 18:08:03'),(35,1,'NINGUNO',2,NULL,1,'MINISTERIO DE SALUD',4,NULL,NULL,NULL,NULL,NULL,NULL,'2',53,44,'2019-09-05 18:08:49',NULL,'2019-09-05 18:08:49'),(36,2,NULL,1,NULL,2,NULL,4,NULL,NULL,NULL,NULL,NULL,NULL,'2',41,17,'2019-09-05 18:09:33',NULL,'2019-09-05 18:09:33'),(37,3,NULL,1,NULL,2,NULL,2,'2018-12-06',NULL,NULL,NULL,NULL,NULL,'2',47,82,'2019-09-05 18:10:07',NULL,'2019-09-05 18:10:07'),(38,2,NULL,1,NULL,2,NULL,NULL,NULL,NULL,NULL,NULL,NULL,NULL,'1',42,33,'2019-09-05 18:11:47',NULL,'2019-09-05 18:11:47'),(39,2,NULL,1,NULL,1,NULL,4,NULL,NULL,NULL,NULL,NULL,NULL,'2',45,12,'2019-09-05 18:11:50',NULL,'2019-09-05 18:11:50'),(40,2,NULL,2,NULL,2,NULL,NULL,NULL,NULL,NULL,NULL,NULL,NULL,'1',52,21,'2019-09-05 18:13:19',NULL,'2019-09-05 18:13:19'),(41,1,NULL,1,NULL,2,NULL,4,NULL,NULL,NULL,NULL,NULL,NULL,'2',55,37,'2019-09-05 18:15:29',NULL,'2019-09-05 18:15:29'),(42,1,NULL,2,NULL,2,NULL,4,NULL,NULL,NULL,NULL,NULL,NULL,'3',49,41,'2019-09-05 18:16:04',NULL,'2019-09-05 18:16:04'),(43,4,NULL,1,NULL,2,NULL,4,NULL,NULL,NULL,NULL,NULL,NULL,'2',50,79,'2019-09-05 18:18:46',NULL,'2019-09-05 18:18:46'),(44,2,NULL,2,NULL,2,NULL,4,NULL,NULL,NULL,NULL,NULL,NULL,'2',56,69,'2019-09-05 18:23:08',NULL,'2019-09-05 18:23:08'),(45,3,NULL,1,NULL,1,NULL,4,NULL,NULL,NULL,NULL,NULL,NULL,'2',54,71,'2019-09-05 18:23:38',NULL,'2019-09-05 18:23:38'),(46,1,NULL,2,NULL,2,NULL,4,NULL,NULL,NULL,NULL,NULL,NULL,'3',59,62,'2019-09-05 18:24:32',NULL,'2019-09-05 18:24:32'),(47,1,'CURADURIA',2,NULL,2,NULL,4,NULL,NULL,NULL,NULL,NULL,NULL,'2',61,21,'2019-09-05 18:24:53',NULL,'2019-09-05 18:24:53'),(48,4,NULL,2,NULL,2,NULL,4,NULL,NULL,NULL,NULL,NULL,NULL,'3',63,33,'2019-09-05 18:27:16',NULL,'2019-09-05 18:27:16'),(49,2,NULL,1,NULL,1,NULL,4,NULL,NULL,NULL,NULL,NULL,NULL,'2',60,82,'2019-09-05 18:27:30',NULL,'2019-09-05 18:27:30'),(50,1,NULL,1,NULL,1,'MINISTERIO DE DESARROLLO SOCIAL',4,NULL,NULL,NULL,NULL,NULL,NULL,'2',65,37,'2019-09-05 18:33:25',NULL,'2019-09-05 18:33:25'),(51,2,NULL,1,NULL,1,NULL,4,NULL,NULL,NULL,NULL,NULL,NULL,'2',62,24,'2019-09-05 18:33:35',NULL,'2019-09-05 18:33:35'),(52,4,NULL,1,NULL,2,NULL,1,'2017-11-03',NULL,NULL,NULL,NULL,NULL,'3',68,21,'2019-09-05 18:35:10',NULL,'2019-09-05 18:35:10'),(53,2,NULL,1,NULL,2,NULL,5,NULL,NULL,NULL,NULL,NULL,NULL,'2',69,33,'2019-09-05 18:41:44',NULL,'2019-09-05 18:41:44'),(54,2,NULL,1,NULL,2,NULL,4,NULL,NULL,NULL,NULL,NULL,NULL,'2',70,85,'2019-09-05 18:45:16',NULL,'2019-09-05 18:45:16'),(55,2,NULL,1,NULL,2,NULL,4,NULL,NULL,NULL,NULL,NULL,NULL,'2',73,12,'2019-09-05 18:45:48',NULL,'2019-09-05 18:45:48'),(56,2,NULL,1,NULL,2,NULL,3,NULL,'DR ALBERTO LOSADA',1,6,'1900-01-01','1900-01-01','2',74,21,'2019-09-05 18:45:48',NULL,'2019-09-05 18:45:48'),(57,1,'HOSPITAL DE CARMEN DE ARECO',1,NULL,2,NULL,4,NULL,NULL,NULL,NULL,NULL,NULL,'2',68,69,'2019-09-05 18:47:30',21,'2019-09-05 18:47:59'),(58,2,NULL,1,NULL,2,NULL,4,NULL,NULL,NULL,NULL,NULL,NULL,'2',52,36,'2019-09-05 18:48:56',21,'2019-09-05 18:49:47'),(59,1,NULL,1,NULL,1,'TRIBUNAL CRIMINAL ORAL 1',4,NULL,NULL,NULL,NULL,NULL,NULL,'2',71,71,'2019-09-05 18:50:55',NULL,'2019-09-05 18:50:55'),(60,4,NULL,1,NULL,2,NULL,4,NULL,NULL,NULL,NULL,NULL,NULL,'2',77,33,'2019-09-05 18:53:01',NULL,'2019-09-05 18:53:01'),(61,1,NULL,2,NULL,1,NULL,4,NULL,NULL,NULL,NULL,NULL,NULL,'3',78,37,'2019-09-05 18:54:05',NULL,'2019-09-05 18:54:05'),(62,4,NULL,1,NULL,2,NULL,4,NULL,NULL,NULL,NULL,NULL,NULL,'2',75,81,'2019-09-05 18:56:09',NULL,'2019-09-05 18:56:09'),(63,2,NULL,1,NULL,1,NULL,4,NULL,NULL,NULL,NULL,NULL,NULL,'2',80,24,'2019-09-05 18:57:28',NULL,'2019-09-05 18:57:28'),(64,2,NULL,1,NULL,2,NULL,4,NULL,NULL,NULL,NULL,NULL,NULL,'2',82,11,'2019-09-05 18:59:32',NULL,'2019-09-05 18:59:32'),(65,4,NULL,1,NULL,1,NULL,NULL,NULL,NULL,NULL,NULL,NULL,NULL,'1',85,21,'2019-09-05 19:02:14',NULL,'2019-09-05 19:02:14'),(66,4,NULL,1,NULL,1,'DESARROLLO SOCIAL CDAD EVITA CENTRO DE SALUD MENTAL RAMÓN CARRILLO',4,NULL,NULL,NULL,NULL,NULL,NULL,'3',83,50,'2019-09-05 19:03:19',NULL,'2019-09-05 19:03:19'),(67,4,NULL,2,NULL,3,NULL,4,NULL,NULL,NULL,NULL,NULL,NULL,'3',84,28,'2019-09-05 19:06:01',NULL,'2019-09-05 19:06:01'),(68,2,NULL,1,NULL,2,NULL,4,NULL,NULL,NULL,NULL,NULL,NULL,'2',89,33,'2019-09-05 19:10:26',NULL,'2019-09-05 19:10:26'),(69,2,NULL,2,NULL,2,NULL,4,NULL,NULL,NULL,NULL,NULL,NULL,'2',67,82,'2019-09-05 19:10:40',NULL,'2019-09-05 19:10:40'),(70,1,'UNIDAD SANITARIA B MARIA ELENA',1,NULL,2,NULL,5,NULL,NULL,NULL,NULL,NULL,NULL,'3',91,50,'2019-09-05 19:12:06',NULL,'2019-09-05 19:12:06'),(71,2,NULL,1,NULL,2,NULL,5,NULL,NULL,NULL,NULL,NULL,NULL,'2',92,21,'2019-09-05 19:13:22',NULL,'2019-09-05 19:13:22'),(72,2,NULL,1,NULL,1,'MINISTERIO DE SALUD DEL AREA DE VIOLENCIA DE GENERO',4,NULL,NULL,NULL,NULL,NULL,NULL,'2',90,44,'2019-09-05 19:13:38',NULL,'2019-09-05 19:13:38'),(73,1,NULL,1,NULL,2,NULL,4,NULL,NULL,NULL,NULL,NULL,NULL,'2',87,36,'2019-09-05 19:13:53',NULL,'2019-09-05 19:13:53'),(74,1,NULL,2,NULL,2,NULL,4,NULL,NULL,NULL,NULL,NULL,NULL,'3',88,37,'2019-09-05 19:14:00',NULL,'2019-09-05 19:14:00'),(75,1,NULL,1,NULL,1,'ONG LAS MIRABAL',5,NULL,NULL,NULL,NULL,NULL,NULL,'3',97,50,'2019-09-05 19:22:56',NULL,'2019-09-05 19:22:56'),(76,2,NULL,1,NULL,2,NULL,NULL,NULL,NULL,NULL,NULL,NULL,NULL,'1',95,81,'2019-09-05 19:26:00',NULL,'2019-09-05 19:26:00'),(77,3,NULL,1,NULL,1,NULL,4,NULL,NULL,NULL,NULL,NULL,NULL,'2',96,85,'2019-09-05 19:26:19',NULL,'2019-09-05 19:26:19'),(78,1,'APUR',1,NULL,2,NULL,4,NULL,NULL,NULL,NULL,NULL,NULL,'2',99,44,'2019-09-05 19:28:32',NULL,'2019-09-05 19:28:32'),(79,4,NULL,1,NULL,1,NULL,4,NULL,NULL,NULL,NULL,NULL,NULL,'2',94,24,'2019-09-05 19:29:08',NULL,'2019-09-05 19:29:08'),(80,2,NULL,2,NULL,2,NULL,4,NULL,NULL,NULL,NULL,NULL,NULL,'2',104,33,'2019-09-05 19:32:45',NULL,'2019-09-05 19:32:45'),(81,2,NULL,1,NULL,2,NULL,4,NULL,NULL,NULL,NULL,NULL,NULL,'2',103,21,'2019-09-05 19:34:34',NULL,'2019-09-05 19:34:34'),(82,4,NULL,2,NULL,3,NULL,5,NULL,NULL,NULL,NULL,NULL,NULL,'3',100,28,'2019-09-05 19:35:36',NULL,'2019-09-05 19:35:36'),(83,2,NULL,1,NULL,2,NULL,5,NULL,NULL,NULL,NULL,NULL,NULL,'3',106,50,'2019-09-05 19:37:21',NULL,'2019-09-05 19:37:21'),(84,1,NULL,1,NULL,2,NULL,4,NULL,NULL,NULL,NULL,NULL,NULL,'2',98,105,'2019-09-05 19:39:15',NULL,'2019-09-05 19:39:15'),(85,2,NULL,1,NULL,1,'TERCERA EDAD MUNICIPAL',4,NULL,NULL,NULL,NULL,NULL,NULL,'2',107,81,'2019-09-05 19:39:56',NULL,'2019-09-05 19:39:56'),(86,2,NULL,2,NULL,2,NULL,NULL,NULL,NULL,NULL,NULL,NULL,NULL,'1',110,33,'2019-09-05 19:41:21',NULL,'2019-09-05 19:41:21'),(87,4,NULL,2,NULL,2,NULL,NULL,NULL,NULL,NULL,NULL,NULL,NULL,'1',109,24,'2019-09-05 19:42:56',NULL,'2019-09-05 19:42:56'),(88,1,'SERVICIO SOCIAL HIGA SERVICIO SOCIAL',1,NULL,1,'SERVICIO LOCAL',4,NULL,NULL,NULL,NULL,NULL,NULL,'2',112,81,'2019-09-05 19:48:22',NULL,'2019-09-05 19:48:22'),(89,2,NULL,1,NULL,2,NULL,5,NULL,NULL,NULL,NULL,NULL,NULL,'2',114,50,'2019-09-05 19:48:54',NULL,'2019-09-05 19:48:54'),(90,2,NULL,1,NULL,2,NULL,4,NULL,NULL,NULL,NULL,NULL,NULL,'2',113,21,'2019-09-05 19:49:29',NULL,'2019-09-05 19:49:29'),(91,1,'OPISU',3,NULL,3,NULL,5,NULL,NULL,NULL,NULL,NULL,NULL,'3',115,28,'2019-09-05 19:54:52',NULL,'2019-09-05 19:54:52'),(92,1,'FISCALIA JARDIN MARIA REINA',1,NULL,3,NULL,NULL,NULL,NULL,NULL,NULL,NULL,NULL,'1',101,41,'2019-09-05 19:57:47',NULL,'2019-09-05 19:57:47'),(93,2,NULL,1,NULL,2,NULL,4,NULL,NULL,NULL,NULL,NULL,NULL,'2',116,21,'2019-09-05 19:58:52',NULL,'2019-09-05 19:58:52'),(94,2,NULL,1,NULL,2,NULL,5,NULL,NULL,NULL,NULL,NULL,NULL,'3',117,50,'2019-09-05 20:00:12',NULL,'2019-09-05 20:00:12'),(95,1,'UNLP PROGRANA CONTRA LA VIOLENCIA DE GENERO',2,NULL,2,NULL,4,NULL,NULL,NULL,NULL,NULL,NULL,'2',120,36,'2019-09-05 20:18:35',NULL,'2019-09-05 20:18:35'),(96,2,NULL,1,NULL,1,'SALITA N 14 OMBU SERVICIO LOCAL ZONAL 1',5,NULL,NULL,NULL,NULL,NULL,NULL,'3',119,50,'2019-09-05 20:19:01',NULL,'2019-09-05 20:19:01'),(97,4,NULL,2,NULL,2,NULL,4,NULL,NULL,NULL,NULL,NULL,NULL,'2',123,36,'2019-09-05 20:50:26',NULL,'2019-09-05 20:50:26'),(98,4,NULL,3,NULL,3,NULL,5,NULL,'Se desconoce',3,8,'1900-01-01','1900-01-01','3',122,55,'2019-09-05 20:55:30',NULL,'2019-09-05 20:55:30'),(99,4,NULL,1,NULL,2,NULL,NULL,NULL,NULL,NULL,NULL,NULL,NULL,'1',124,36,'2019-09-05 21:13:00',NULL,'2019-09-05 21:13:00'),(100,4,NULL,1,NULL,3,NULL,4,NULL,NULL,NULL,NULL,NULL,NULL,'3',130,89,'2019-09-06 15:21:31',NULL,'2019-09-06 15:21:31'),(101,4,NULL,3,NULL,3,NULL,5,NULL,NULL,NULL,NULL,NULL,NULL,'2',129,45,'2019-09-06 15:22:59',NULL,'2019-09-06 15:22:59'),(102,4,NULL,2,NULL,2,NULL,4,NULL,NULL,NULL,NULL,NULL,NULL,'2',126,86,'2019-09-06 15:26:39',NULL,'2019-09-06 15:26:39'),(103,4,NULL,3,NULL,3,NULL,5,NULL,NULL,NULL,NULL,NULL,NULL,'3',133,89,'2019-09-06 15:31:22',NULL,'2019-09-06 15:31:22'),(104,4,NULL,3,NULL,3,NULL,5,NULL,NULL,NULL,NULL,NULL,NULL,'3',134,28,'2019-09-06 15:32:28',NULL,'2019-09-06 15:32:28'),(105,4,NULL,1,NULL,1,NULL,5,NULL,NULL,NULL,NULL,NULL,NULL,'2',131,64,'2019-09-06 15:37:26',NULL,'2019-09-06 15:37:26'),(106,4,NULL,3,NULL,3,NULL,5,NULL,NULL,NULL,NULL,NULL,NULL,'3',137,89,'2019-09-06 15:41:53',NULL,'2019-09-06 15:41:53'),(107,2,NULL,1,NULL,2,NULL,4,NULL,NULL,NULL,NULL,NULL,NULL,'2',135,81,'2019-09-06 15:44:49',NULL,'2019-09-06 15:44:49'),(108,3,NULL,3,NULL,2,NULL,5,NULL,NULL,NULL,NULL,NULL,NULL,'3',136,80,'2019-09-06 15:45:26',NULL,'2019-09-06 15:45:26'),(109,3,NULL,1,NULL,2,NULL,4,NULL,NULL,NULL,NULL,NULL,NULL,'2',138,79,'2019-09-06 15:47:00',NULL,'2019-09-06 15:47:00'),(110,4,NULL,3,NULL,3,NULL,5,NULL,NULL,NULL,NULL,NULL,NULL,'3',139,28,'2019-09-06 15:51:45',NULL,'2019-09-06 15:51:45'),(111,4,NULL,3,NULL,3,NULL,5,NULL,NULL,NULL,NULL,NULL,NULL,'3',140,89,'2019-09-06 15:53:58',NULL,'2019-09-06 15:53:58'),(112,2,NULL,1,NULL,1,NULL,NULL,NULL,NULL,NULL,NULL,NULL,NULL,'1',141,24,'2019-09-06 16:03:05',NULL,'2019-09-06 16:03:05'),(113,4,NULL,1,NULL,1,NULL,4,NULL,NULL,NULL,NULL,NULL,NULL,'2',143,64,'2019-09-06 16:06:06',NULL,'2019-09-06 16:06:06'),(114,4,NULL,2,NULL,1,NULL,5,NULL,NULL,NULL,NULL,NULL,NULL,'3',145,28,'2019-09-06 16:09:58',NULL,'2019-09-06 16:09:58'),(115,4,NULL,2,NULL,3,NULL,5,NULL,NULL,NULL,NULL,NULL,NULL,'3',146,45,'2019-09-06 16:13:43',NULL,'2019-09-06 16:13:43'),(116,2,NULL,1,NULL,2,NULL,4,NULL,NULL,NULL,NULL,NULL,NULL,'2',147,81,'2019-09-06 16:15:08',NULL,'2019-09-06 16:15:08'),(117,4,NULL,1,NULL,1,NULL,4,NULL,NULL,NULL,NULL,NULL,NULL,'3',150,24,'2019-09-06 16:22:43',NULL,'2019-09-06 16:22:43'),(118,4,NULL,2,NULL,3,NULL,5,NULL,NULL,NULL,NULL,NULL,NULL,'3',151,45,'2019-09-06 16:25:01',NULL,'2019-09-06 16:25:01'),(119,1,'SECRETARIA DE DERECHOS HUMANOS',2,NULL,2,NULL,5,NULL,NULL,NULL,NULL,NULL,NULL,'3',149,36,'2019-09-06 16:28:24',NULL,'2019-09-06 16:28:24'),(120,4,NULL,1,NULL,2,NULL,4,NULL,NULL,NULL,NULL,NULL,NULL,'2',153,81,'2019-09-06 16:30:42',NULL,'2019-09-06 16:30:42'),(121,2,NULL,1,NULL,1,NULL,4,NULL,NULL,NULL,NULL,NULL,NULL,'2',142,57,'2019-09-06 16:33:16',NULL,'2019-09-06 16:33:16'),(122,1,'GABINETE DE ABUSO SEXUAL DE LA DDI',1,NULL,1,NULL,4,NULL,NULL,NULL,NULL,NULL,NULL,'2',154,24,'2019-09-06 16:37:57',NULL,'2019-09-06 16:37:57'),(123,4,NULL,1,NULL,2,NULL,4,NULL,NULL,NULL,NULL,NULL,NULL,'2',158,36,'2019-09-06 16:44:13',NULL,'2019-09-06 16:44:13'),(124,1,'HOSPITAL DE NIÑOS ESCUELA PRIMARIA ACCION SOCIAL DELEGACION ALTOS DE SAN LORENZO',1,NULL,1,'HOSPITAL DE NIÑOS HOSPITAL SAN ROQUE',5,NULL,NULL,NULL,NULL,NULL,NULL,'3',155,45,'2019-09-06 16:44:16',NULL,'2019-09-06 16:44:16'),(125,1,NULL,1,NULL,1,NULL,4,NULL,NULL,NULL,NULL,NULL,NULL,'2',162,64,'2019-09-06 16:47:10',NULL,'2019-09-06 16:47:10'),(126,4,NULL,1,'ALIMENTOS',1,'COMISARIA DE LA MUJER DE LAFERRERE Y AERA DE LA MUJER DE SAN JUSTO',5,NULL,NULL,NULL,NULL,NULL,NULL,'2',157,28,'2019-09-06 16:48:23',NULL,'2019-09-06 16:48:23'),(127,2,NULL,1,NULL,2,NULL,4,NULL,NULL,NULL,NULL,NULL,NULL,'2',165,81,'2019-09-06 16:49:27',NULL,'2019-09-06 16:49:27'),(128,2,NULL,1,NULL,1,'COMISION PROVINCIAL POR LA MEMORIA',NULL,NULL,NULL,NULL,NULL,NULL,NULL,'1',152,79,'2019-09-06 16:50:12',NULL,'2019-09-06 16:50:12'),(129,2,NULL,1,NULL,1,NULL,4,NULL,NULL,NULL,NULL,NULL,NULL,'2',164,1,'2019-09-06 16:51:44',NULL,'2019-09-06 16:51:44'),(130,4,NULL,1,NULL,1,NULL,4,NULL,NULL,NULL,NULL,NULL,NULL,'2',166,24,'2019-09-06 16:56:26',NULL,'2019-09-06 16:56:26'),(131,4,NULL,1,NULL,1,NULL,NULL,NULL,NULL,NULL,NULL,NULL,NULL,'1',169,64,'2019-09-06 16:57:22',NULL,'2019-09-06 16:57:22'),(132,1,NULL,1,NULL,1,NULL,4,NULL,NULL,NULL,NULL,NULL,NULL,'2',174,36,'2019-09-06 17:05:38',NULL,'2019-09-06 17:05:38'),(133,2,NULL,1,NULL,2,NULL,5,NULL,NULL,NULL,NULL,NULL,NULL,'3',173,50,'2019-09-06 17:06:15',NULL,'2019-09-06 17:06:15'),(134,1,NULL,1,NULL,3,NULL,4,NULL,NULL,NULL,NULL,NULL,NULL,'2',176,64,'2019-09-06 17:08:05',NULL,'2019-09-06 17:08:05'),(135,1,NULL,1,NULL,1,NULL,NULL,NULL,NULL,NULL,NULL,NULL,NULL,'1',179,24,'2019-09-06 17:10:17',NULL,'2019-09-06 17:10:17'),(136,2,NULL,1,NULL,2,NULL,4,NULL,NULL,NULL,NULL,NULL,NULL,'2',170,11,'2019-09-06 17:13:12',NULL,'2019-09-06 17:13:12'),(137,2,NULL,1,NULL,1,'SERVICIO LOCAL DE ROJAS DRA MARIANA RIVOIRA',4,NULL,NULL,NULL,NULL,NULL,NULL,'2',180,81,'2019-09-06 17:14:36',NULL,'2019-09-06 17:14:36'),(138,2,NULL,1,NULL,3,'HOSPITAL T. GERMANI- G. DE LAFERRERE',4,NULL,NULL,NULL,NULL,NULL,NULL,'2',177,28,'2019-09-06 17:15:01',NULL,'2019-09-06 17:15:01'),(139,1,NULL,1,NULL,1,NULL,4,NULL,NULL,NULL,NULL,NULL,NULL,'2',178,1,'2019-09-06 17:16:37',NULL,'2019-09-06 17:16:37'),(140,2,NULL,1,NULL,2,NULL,4,NULL,NULL,NULL,NULL,NULL,NULL,'2',168,2,'2019-09-06 17:16:40',NULL,'2019-09-06 17:16:40'),(141,2,NULL,1,NULL,1,NULL,5,NULL,NULL,NULL,NULL,NULL,NULL,'3',187,50,'2019-09-06 17:21:22',NULL,'2019-09-06 17:21:22'),(142,4,NULL,3,NULL,3,NULL,5,NULL,NULL,NULL,NULL,NULL,NULL,'3',181,89,'2019-09-06 17:21:38',NULL,'2019-09-06 17:21:38'),(143,4,NULL,1,NULL,1,NULL,4,NULL,NULL,NULL,NULL,NULL,NULL,'2',188,24,'2019-09-06 17:22:18',NULL,'2019-09-06 17:22:18'),(144,2,NULL,1,NULL,1,NULL,4,NULL,NULL,NULL,NULL,NULL,NULL,'2',167,56,'2019-09-06 17:23:44',NULL,'2019-09-06 17:23:44'),(145,4,NULL,1,NULL,1,'SUTIV  PADRE GALLI CDR CAPS VILLA SAN JOSE DIR DE EDUCACION REG CIVIL JARDIN 902 CELP FUND CONIN',4,NULL,NULL,NULL,NULL,NULL,NULL,'2',163,80,'2019-09-06 17:26:11',NULL,'2019-09-06 17:26:11'),(146,3,NULL,1,NULL,1,NULL,4,NULL,NULL,NULL,NULL,NULL,NULL,'2',184,71,'2019-09-06 17:26:33',NULL,'2019-09-06 17:26:33'),(147,2,NULL,1,NULL,1,NULL,4,NULL,NULL,NULL,NULL,NULL,NULL,'2',189,64,'2019-09-06 17:27:06',NULL,'2019-09-06 17:27:06'),(148,1,'CAV MERCEDES',1,NULL,1,NULL,4,NULL,NULL,NULL,NULL,NULL,NULL,'2',185,70,'2019-09-06 17:31:18',NULL,'2019-09-06 17:31:18'),(149,4,NULL,2,NULL,3,NULL,5,NULL,NULL,NULL,NULL,NULL,NULL,'3',192,28,'2019-09-06 17:33:18',NULL,'2019-09-06 17:33:18'),(150,2,NULL,1,NULL,1,'DESARROLLO SOCIAL SAN JUSTO',5,NULL,NULL,NULL,NULL,NULL,NULL,'3',194,50,'2019-09-06 17:34:55',NULL,'2019-09-06 17:34:55'),(151,4,NULL,1,NULL,1,NULL,NULL,NULL,NULL,NULL,NULL,NULL,NULL,'1',191,12,'2019-09-06 17:35:17',NULL,'2019-09-06 17:35:17'),(152,1,NULL,1,NULL,1,NULL,4,NULL,NULL,NULL,NULL,NULL,NULL,'2',190,69,'2019-09-06 17:37:59',NULL,'2019-09-06 17:37:59'),(153,1,NULL,1,NULL,1,'MINISTERIO DE DESARROLLO SOCIAL',NULL,NULL,NULL,NULL,NULL,NULL,NULL,'1',183,37,'2019-09-06 17:38:35',NULL,'2019-09-06 17:38:35'),(154,2,NULL,2,NULL,2,NULL,4,NULL,NULL,NULL,NULL,NULL,NULL,'2',193,77,'2019-09-06 17:47:33',NULL,'2019-09-06 17:47:33'),(155,2,NULL,1,NULL,2,NULL,4,NULL,NULL,NULL,NULL,NULL,NULL,'2',195,81,'2019-09-06 17:50:54',NULL,'2019-09-06 17:50:54'),(156,2,NULL,1,NULL,1,'CENTRO DE SALUD NUMERO 23',4,NULL,NULL,NULL,NULL,NULL,NULL,'2',202,24,'2019-09-06 17:51:51',NULL,'2019-09-06 17:51:51'),(157,2,NULL,1,NULL,2,NULL,5,NULL,NULL,NULL,NULL,NULL,NULL,'3',203,50,'2019-09-06 17:52:32',NULL,'2019-09-06 17:52:32'),(158,1,NULL,1,NULL,2,NULL,4,NULL,NULL,NULL,NULL,NULL,NULL,'2',200,59,'2019-09-06 18:00:30',NULL,'2019-09-06 18:00:30'),(159,4,NULL,3,NULL,3,NULL,5,NULL,NULL,NULL,NULL,NULL,NULL,'3',199,89,'2019-09-06 18:04:06',NULL,'2019-09-06 18:04:06'),(160,2,NULL,1,NULL,1,'DELEGACIÓN DE DESARROLLO SOCIAL',3,NULL,'DRAS CLAUDIA BENÍTEZ Y MALENA QUIROGA',3,6,'1900-01-01','1900-01-01','2',205,50,'2019-09-06 18:06:07',NULL,'2019-09-06 18:06:07'),(161,3,NULL,1,NULL,2,NULL,4,NULL,NULL,NULL,NULL,NULL,NULL,'2',197,2,'2019-09-06 18:10:28',NULL,'2019-09-06 18:10:28'),(162,2,NULL,1,NULL,2,NULL,4,NULL,NULL,NULL,NULL,NULL,NULL,'2',208,11,'2019-09-06 18:11:18',NULL,'2019-09-06 18:11:18'),(163,1,NULL,1,NULL,1,NULL,4,NULL,NULL,NULL,NULL,NULL,NULL,'2',206,12,'2019-09-06 18:12:46',NULL,'2019-09-06 18:12:46'),(164,4,NULL,2,NULL,2,NULL,4,NULL,NULL,NULL,NULL,NULL,NULL,'2',207,86,'2019-09-06 18:15:23',NULL,'2019-09-06 18:15:23'),(165,4,NULL,3,NULL,2,NULL,5,NULL,NULL,NULL,NULL,NULL,NULL,'2',209,77,'2019-09-06 18:16:52',NULL,'2019-09-06 18:16:52'),(166,1,NULL,1,NULL,1,NULL,4,NULL,NULL,NULL,NULL,NULL,NULL,'2',198,1,'2019-09-06 18:18:35',NULL,'2019-09-06 18:18:35'),(167,2,NULL,1,NULL,2,NULL,4,NULL,NULL,NULL,NULL,NULL,NULL,'2',214,81,'2019-09-06 18:26:16',NULL,'2019-09-06 18:26:16'),(168,2,NULL,1,NULL,1,NULL,NULL,NULL,NULL,NULL,NULL,NULL,NULL,'1',212,104,'2019-09-06 18:41:51',NULL,'2019-09-06 18:41:51'),(169,2,NULL,1,NULL,1,'CENTRO DE ATENCIÓN PSICOLÓGICA GALENO',5,NULL,NULL,NULL,NULL,NULL,NULL,'2',216,50,'2019-09-06 18:48:09',NULL,'2019-09-06 18:48:09'),(170,4,NULL,1,NULL,3,NULL,4,NULL,NULL,NULL,NULL,NULL,NULL,'2',215,100,'2019-09-06 18:48:49',NULL,'2019-09-06 18:48:49'),(171,4,NULL,3,NULL,3,NULL,5,NULL,NULL,NULL,NULL,NULL,NULL,'3',217,89,'2019-09-06 18:55:46',NULL,'2019-09-06 18:55:46'),(172,2,NULL,1,NULL,2,NULL,4,NULL,NULL,NULL,NULL,NULL,NULL,'2',215,81,'2019-09-06 18:58:29',100,'2019-09-06 19:01:05'),(173,4,NULL,3,NULL,3,NULL,5,NULL,NULL,NULL,NULL,NULL,NULL,'3',221,89,'2019-09-06 19:04:57',NULL,'2019-09-06 19:04:57'),(174,2,NULL,1,NULL,2,NULL,5,NULL,NULL,NULL,NULL,NULL,NULL,'2',219,50,'2019-09-06 19:09:54',NULL,'2019-09-06 19:09:54'),(175,1,'dgcye',1,NULL,1,'Inspeccion de Psicologia y Jefatura distrital',4,NULL,NULL,NULL,NULL,NULL,NULL,'2',220,104,'2019-09-06 19:10:02',NULL,'2019-09-06 19:10:02'),(176,2,NULL,1,NULL,2,NULL,5,NULL,NULL,NULL,NULL,NULL,NULL,'3',223,50,'2019-09-06 19:19:08',NULL,'2019-09-06 19:19:08'),(177,1,NULL,2,NULL,2,NULL,4,NULL,NULL,NULL,NULL,NULL,NULL,'2',224,85,'2019-09-06 19:20:53',NULL,'2019-09-06 19:20:53'),(178,2,NULL,1,NULL,2,NULL,4,NULL,NULL,NULL,NULL,NULL,NULL,'2',222,98,'2019-09-06 19:22:04',NULL,'2019-09-06 19:22:04'),(179,2,NULL,1,NULL,2,NULL,5,NULL,NULL,NULL,NULL,NULL,NULL,'3',226,50,'2019-09-06 19:26:55',NULL,'2019-09-06 19:26:55'),(180,4,NULL,3,NULL,3,NULL,5,NULL,NULL,NULL,NULL,NULL,NULL,'3',225,89,'2019-09-06 19:28:54',NULL,'2019-09-06 19:28:54'),(181,2,NULL,1,NULL,2,NULL,4,NULL,NULL,NULL,NULL,NULL,NULL,'2',228,85,'2019-09-06 19:32:59',NULL,'2019-09-06 19:32:59'),(182,2,NULL,3,NULL,3,NULL,5,NULL,NULL,NULL,NULL,NULL,NULL,'3',229,50,'2019-09-06 19:35:03',NULL,'2019-09-06 19:35:03'),(183,1,'SECRETARIA DE SEGURIDAD VICENTE LOPEZ',1,NULL,2,NULL,5,NULL,NULL,NULL,NULL,NULL,NULL,'3',227,21,'2019-09-06 19:37:04',NULL,'2019-09-06 19:37:04'),(184,2,NULL,1,NULL,3,NULL,4,NULL,NULL,NULL,NULL,NULL,NULL,'3',230,50,'2019-09-06 19:46:28',50,'2019-09-06 19:48:41'),(185,1,NULL,2,NULL,2,NULL,4,NULL,NULL,NULL,NULL,NULL,NULL,'3',231,21,'2019-09-06 19:51:57',NULL,'2019-09-06 19:51:57'),(186,2,NULL,1,NULL,1,'SERVICIO ZONAL DE QUILMES E INSTITUTO DE LA VIVIENDA',4,NULL,NULL,NULL,NULL,NULL,NULL,'2',232,21,'2019-09-06 19:58:43',NULL,'2019-09-06 19:58:43'),(187,2,NULL,1,NULL,1,'INAM INSTITUTO NACIONAL DE LAS MUJERES COMISARÍA DE LA MUJER G DE LAFERRERE',5,NULL,NULL,NULL,NULL,NULL,NULL,'3',233,50,'2019-09-06 20:02:36',NULL,'2019-09-06 20:02:36'),(188,2,NULL,1,NULL,2,NULL,5,NULL,NULL,NULL,NULL,NULL,NULL,'3',235,50,'2019-09-06 20:17:10',NULL,'2019-09-06 20:17:10'),(189,2,NULL,1,NULL,2,NULL,4,NULL,NULL,NULL,NULL,NULL,NULL,'2',234,100,'2019-09-06 20:17:28',NULL,'2019-09-06 20:17:28'),(190,4,NULL,1,NULL,1,'SERIVICIO LOCAL DE NIÑEZ',4,NULL,NULL,NULL,NULL,NULL,NULL,'3',237,44,'2019-09-06 21:56:31',NULL,'2019-09-06 21:56:31'),(191,1,'OTRO ORGANISMO',1,'OTRA NECESIDAD',1,'OTRO',3,NULL,'Se desconoce',2,15,'1900-01-01','1900-01-01','2',238,11,'2019-09-06 22:35:42',NULL,'2019-09-06 22:35:42'),(192,1,'OTRO ORGANISMO',1,'OTRA NECESIDAD',1,'LLLLLLLLLL',4,NULL,NULL,NULL,NULL,'1900-01-01','1900-01-01','2',240,7,'2019-09-07 01:47:59',NULL,'2019-09-07 01:47:59'),(193,4,NULL,3,NULL,3,NULL,5,NULL,NULL,NULL,NULL,NULL,NULL,'3',241,39,'2019-09-07 03:26:22',NULL,'2019-09-07 03:26:22'),(194,2,NULL,1,NULL,2,NULL,NULL,NULL,NULL,NULL,NULL,NULL,NULL,'1',242,76,'2019-09-08 01:42:59',NULL,'2019-09-08 01:42:59'),(195,1,'CAVAJ MATANZA',1,NULL,2,NULL,NULL,NULL,NULL,NULL,NULL,NULL,NULL,'1',243,76,'2019-09-08 02:04:16',NULL,'2019-09-08 02:04:16'),(196,1,NULL,1,NULL,1,NULL,4,NULL,NULL,NULL,NULL,NULL,NULL,'2',244,76,'2019-09-08 02:19:39',NULL,'2019-09-08 02:19:39'),(197,1,NULL,2,NULL,2,NULL,4,NULL,NULL,NULL,NULL,NULL,NULL,'2',246,86,'2019-09-09 13:50:06',NULL,'2019-09-09 13:50:06'),(198,1,NULL,2,NULL,2,NULL,4,NULL,NULL,NULL,NULL,NULL,NULL,'2',247,86,'2019-09-09 14:05:12',NULL,'2019-09-09 14:05:12'),(199,1,NULL,1,NULL,2,NULL,3,NULL,'CLAUDIA BENÍTEZ  MALENA QUIROGA',3,6,'1900-01-01','1900-01-01','3',251,50,'2019-09-09 14:45:29',NULL,'2019-09-09 14:45:29'),(200,1,NULL,1,NULL,1,NULL,5,NULL,NULL,NULL,NULL,NULL,NULL,'3',252,50,'2019-09-09 14:55:27',NULL,'2019-09-09 14:55:27'),(201,2,NULL,1,NULL,2,NULL,5,NULL,NULL,NULL,NULL,NULL,NULL,'3',255,50,'2019-09-09 15:05:52',NULL,'2019-09-09 15:05:52'),(202,4,NULL,2,NULL,3,NULL,5,NULL,NULL,NULL,NULL,NULL,NULL,'3',256,86,'2019-09-09 15:11:07',NULL,'2019-09-09 15:11:07'),(203,2,NULL,1,NULL,2,NULL,5,NULL,NULL,NULL,NULL,NULL,NULL,'3',257,50,'2019-09-09 15:15:15',NULL,'2019-09-09 15:15:15'),(204,2,NULL,1,NULL,3,NULL,5,NULL,NULL,NULL,NULL,NULL,NULL,'3',259,50,'2019-09-09 15:22:21',NULL,'2019-09-09 15:22:21'),(205,2,NULL,1,NULL,1,'SALA DE SALUD  LA JUANITA',5,NULL,NULL,NULL,NULL,NULL,NULL,'3',260,50,'2019-09-09 15:36:19',NULL,'2019-09-09 15:36:19'),(206,2,NULL,1,NULL,3,NULL,5,NULL,NULL,NULL,NULL,NULL,NULL,'3',261,50,'2019-09-09 15:46:33',NULL,'2019-09-09 15:46:33');
/*!40000 ALTER TABLE `instituciones` ENABLE KEYS */;
UNLOCK TABLES;

--
-- Table structure for table `intervenciones`
--

DROP TABLE IF EXISTS `intervenciones`;
/*!40101 SET @saved_cs_client     = @@character_set_client */;
/*!40101 SET character_set_client = utf8 */;
CREATE TABLE `intervenciones` (
  `id` int(11) unsigned NOT NULL AUTO_INCREMENT,
  `fecha_intervencion` varchar(30) DEFAULT NULL,
  `campo_reservado` int(11) DEFAULT NULL,
  `detalle_intervencion` varchar(10000) DEFAULT NULL,
  `idCaso` int(11) DEFAULT NULL,
  `userID_create` int(11) DEFAULT NULL,
  `created_at` timestamp NULL DEFAULT NULL,
  `userID_modify` int(11) DEFAULT NULL,
  `updated_at` timestamp NULL DEFAULT NULL,
  `activo` int(11) DEFAULT NULL,
  PRIMARY KEY (`id`)
) ENGINE=InnoDB AUTO_INCREMENT=202 DEFAULT CHARSET=latin1;
/*!40101 SET character_set_client = @saved_cs_client */;

--
-- Dumping data for table `intervenciones`
--

LOCK TABLES `intervenciones` WRITE;
/*!40000 ALTER TABLE `intervenciones` DISABLE KEYS */;
INSERT INTO `intervenciones` VALUES (1,'2017-04-10',NULL,'PROCURACION CAUSA FAMILIA',3,11,'2019-09-05 16:01:31',NULL,'2019-09-05 16:01:31',NULL),(2,'2018-11-21',NULL,'NOS ACERCAMOS AL HOSPITAL SAN MARTIN A REALIZAR UNA ENTREVISTA PERSONAL CON LOS PADRES DE KEVIN QUIENES REFIEREN QUE ESTAN PREOCUPADOS POR LA SALUD DE SU HIJO AUNQUE SEGUN EL PARTE MEDICO EVOLUCIONA FAVORABLEMENTE COORDINAMOS LAS CO-GESTIONES CON EL SERVICIO SOCIAL DEL HOSPITAL PARA NO SUPERPONER INTERVENCIONES ASIMISMO PAUTAMOS QUE LUEGO DE LA RECUPERACION DE SU HIJO NOS COMUNICAREMOS PARA ASESORARLOS JURIDICAMENTE  ACERCA DEL ESTADO DE LA CAUSA PENAL',10,17,'2019-09-05 16:23:39',NULL,'2019-09-05 16:23:39',NULL),(3,'2018-11-22',NULL,'NOS COMUNICAMOS CON ALEJANDRA LA MAMÁ DE KEVIN Y NOS MANIFIESTA QUE SU HIJO SE ENCUENTRA FUERA DE ESTADO DE PELIGRO HA MEJORADO SU ESTADO DE SALUD YA QUE LE SACARON EL RESPIRADOR ARTIFICIAL LO CUAL LOS MANTIENE MUCHO MAS RELAJADOS PAUTAMOS COMUNICARNOS CON SU LUGAR DE TRABAJO PARA CONSULTAR POR LOS CERTIFICADOS PARA LA LICENCIA PERSONAL EN TANTO NECESITA ACOMPAÑAR A SU HIJO EN ESTE MOMENTO\r\nNOS COMUNICAMOS CON DANIEL SOSA DIR DE LA ESCUELA DONDE TRABAJA ALEJANDRA QUIEN NOS SOLICITO SI PODEMOS GESTIONAR EL CERTIFICADO DE SALUD MENTAL A NOMBRE DE ALEJANDRA QUE LE EXTIENDAN LA LICENCIA YA QUE LA LICENCIA POR FAMILIAR A CARGO SE AGOTA A LOS 20 DIAS HABILES GESTIONAREMOS CON ALEJANDRA Y EL EQUIPO DEL HOSPITAL SAN MARTÍN LA SOLICITUD',10,17,'2019-09-05 16:27:56',NULL,'2019-09-05 16:27:56',NULL),(7,'2018-11-23',NULL,'NOS COMUNICAMOS CON ALEJANDRA QUIEN NOS REFIERE QUE SU HIJO SE ENCUENTRA MUY BIEN QUE HABLA Y QUE SE ENCUENTRA CON BUEN ESTADO DE ÁNIMO LE COMENTAMOS A ALEJANDRA LA POSIBILIDAD DE EXTENDER LA LICENCIA POR SALUD MENTAL Y  AFIRMA QUE ELLA QUIERE ESTAR CON SU HIJO HASTA QUE LE DEN EL ALTA POR LO QUE ACEPTA LA INTERVENCIÓN ALEJANDRA NOS COMENTA QUE ESTÁN SUMAMENTE AGRADECIDOS POR EL ACOMPAÑAMIENTO Y LA CONTENCIÓN DEL EQUIPO COORDINAMOS CON EL SERVICIO SOCIAL Y DE SALUD MENTAL DEL HOSPITAL',10,17,'2019-09-05 16:34:19',NULL,'2019-09-05 16:34:19',NULL),(8,'2019-01-19',NULL,'NOS COMUNICAMOS CON SEBASTIÁN ZUÑIGA SOBRINO DE GISSELLA TEL 221-620-7807 LUEGO DE VER LA NOTICIA EN LOS MEDIOS DE COMUNICACIÓN POR LA DESAPARICIÓN DE SU TÍA SEBASTIÁN MANIFIESTA QUE LA ÚNICA INFORMACIÓN QUE MANEJAN ES LA BRINDADA POR EL SR OCAMPO  PAREJA DE GISELLA  QUIEN REFIERE QUE DISCUTIERON EL MIÉRCOLES POR LA NOCHE Y NO VOLVIÓ A TENER COMUNICACIÓN CON ELLA  TAMBIÉN REFIRIÓ QUE OCAMPO AÚN NO SE HA PRESENTADO EN SEDE POLICIAL PARA APORTAR MAYOR INFORMACIÓN LA FAMILIA POR EL MOMENTO NO REQUIRIÓ UNA INTERVENCIÓN EN PRESENCIA PERO ACCEDIÓ A CONTINUAR LA COMUNICACIÓN DURANTE EL FIN DE SEMANA POR CUALQUIER COSA QUE PUEDAN NECESITAR',9,21,'2019-09-05 16:35:14',NULL,'2019-09-05 16:35:14',NULL),(9,'2018-11-27',NULL,'NOS COMUNICAMOS CON ALEJANDRA MANIFIESTA QUE ESTÁN ALIVIADOS YA QUE KEVIN YA SE PUDO LEVANTAR Y CAMINA QUE DENTRO DE TRES O CUATRO DÍAS LE DAN EL ALTA NOS REFIERE LA NECESIDAD DE CONTAR CON EL CERTIFICADO O CARPETA MÉDICA POR 30 O 60 DÍAS PARA ESTAR MÁS TRANQUILA ACOMPAÑANDO A SU HIJO Y AYUDARLO EN LA RECUPERACIÓN',10,17,'2019-09-05 16:35:15',NULL,'2019-09-05 16:35:15',NULL),(10,'2018-11-28',NULL,'NOS ACERCAMOS AL SERVICIO DE SALUD MENTAL DEL HOSPITAL SAN MARTÍN PARA CONVERSAR CON LA JEFA DE SERVICIO LA LIC PARRA LORENA EN VIRTUD DE QUE PUEDAN EVALUAR LA SITUACIÓN DE KEVIN Y DE SU FAMILIA CON EL FIN DE OTORGAR EL CERTIFICADO PARA LA LICENCIA LABORAL DE ALEJANDRA\r\nNOS COMUNICAMOS CON ALEJANDRA PARA ANOTICIAR DE DICHA INTERVENCIÓN ALEJANDRA NOS REFIERE QUE SU HIJO SIGUE EVOLUCIONANDO BIEN Y QUE ESTÁN SUMAMENTE AGRADECIDOS POR EL ACOMPAÑAMIENTO BRINDADO',10,17,'2019-09-05 16:36:24',NULL,'2019-09-05 16:36:24',NULL),(11,'2018-11-30',NULL,'NOS COMUNICAMOS CON ALEJANDRA PARA COMENTARLE QUE DESDE EL SERVICIO DE SALUD MENTAL DEL HOSPITAL SOLICITAN QUE SE REALICE EL DERROTERO INSTITUCIONAL CORRESPONDIENTE PARA GESTIONAR EL CERTIFICADO O CARPETA PSIQUIÁTRICA LO QUE IMPLICA QUE DESDE LA SALA DONDE SE ENCUENTRA INTERNADO KEVIN SE SOLICITE INTERCONSULTA CON EL EQUIPO DE SALUD MENTAL PARA KEVIN Y PARA ELLA PARA SER EVALUADOS ALEJANDRA NOS MANIFESTÓ QUE ESTÁ MUY CONTENTA POR LA EVOLUCIÓN DEL ESTADO DE SALUD DE SU HIJO',10,17,'2019-09-05 16:37:10',NULL,'2019-09-05 16:37:10',NULL),(12,'2018-12-03',NULL,'INTENTAMOS COMUNICARNOS CON ALEJANDRA PERO NO PUDIMOS ESTABLECER COMUNICACIÓN EXITOSA',10,17,'2019-09-05 16:37:28',NULL,'2019-09-05 16:37:28',NULL),(13,'2018-12-04',NULL,'INTENTAMOS COMUNICARNOS CON ALEJANDRA PERO NO PUDIMOS ESTABLECER COMUNICACIÓN EXITOSA',10,17,'2019-09-05 16:37:49',NULL,'2019-09-05 16:37:49',NULL),(14,'2019-02-28',NULL,'EN EL DÍA DE LA FECHA NOS DAN EL CASO Y NOS COMUNICAMOS CON EL PADRE DE LA VÍCTIMA PARA ACORDAR UNA ENTREVISTA QUEDAMOS PARA EL DÍA 0803 A LAS 10',8,48,'2019-09-05 16:38:46',NULL,'2019-09-05 16:38:46',NULL),(15,'2018-12-13',NULL,'EN EL DIA DE HOY NOS COMUNICAMOS CON ALEJANDRA QUIEN NOS MANIFIESTA VARIAS DUDAS SOBRE CÓMO REALIZAR UN RECLAMO DE PLATA A GLOVO Y DONDE VIVIRÍA SU HIJO A PARTIR DEL 6 DE ENERO QUE ES CUANDO SE LE VENCERÍA EL CONTRATO QUE LES DIO GLOVO\r\nPUDIMOS RESOLVER ALGUNAS DUDAS LE BRINDAMOS TRANQUILIDAD Y QUEDAMOS EN ASISTIR A LA VIVIENDA QUE SE ENCUENTRAN VIVIENDO AHORA EL DÍA MARTES 18-12-18 DESPUÉS DE LAS 12 EN LA DIRECCIÓN CALLE 4 ENTRE 60 Y 61 N 1359 DPTO 1 A',10,17,'2019-09-05 16:40:45',NULL,'2019-09-05 16:40:45',NULL),(16,'2018-12-18',NULL,'NOS COMUNICAMOS CON ALEJANDRA PARA DECIRLE QUE SE REPROGRAMA LA ENTREVISTA  DADO A QUE PARTE DEL ETP ESTÁ ASISTIENDO OTRO CASO ALEJANDRA NOS COMENTA SU PREOCUPACIÓN POR EL ALQUILER QUE TIENEN POR MEDIO DE GLOVO Y PORQUE SU SITUACIÓN ECONÓMICA DIARIA VARIÓ DEBIDO A QUE LOS  2000 SEMANALES YA NO LO ESTÁN PERCIBIENDO SE ENCUENTRAN ACTUALMENTE SUBSISTIENDO CON EL SUELDO DE ALEJANDRA TAMBIÉN QUIERE SABER SOBRE EL ESTADO ACTUAL DE LA CAUSA QUEDAMOS EN AVERIGUAR ESTOS PUNTOS Y LLAMARLA',10,17,'2019-09-05 16:41:46',NULL,'2019-09-05 16:41:46',NULL),(17,'2018-12-20',NULL,'NOS COMUNICAMOS CON LA UFI QUIEN NOS INFORMA QUE EL 19-12 SE SOLICITÓ LA PRISIÓN PREVENTIVA Y HAY DOS DETENIDOS BTEZINK Y TODISCO',10,17,'2019-09-05 16:42:28',NULL,'2019-09-05 16:42:28',NULL),(18,'2019-01-03',NULL,'EN EL DIA DE LA FECHA SE PRESENTA EN LA SEDE QUIEN COMENTA QUE ES DE NACIONALIDAD BOLIVIANA SEPARADO SU MUJER LO ABANDONO QUEDANDO A CARGO DE SUS HIJAS DAIRA 7 AÑOS Y JAIR 5 AÑOS TIENE TRABAJOS TEMPORALES CHANGAS SEGUN SUS DICHOS LLEGO A ESTAR MUY BIEN ECONOMICAMENTE \r\nLOS CONFLICTOS CON SU VECINO COMENZARON EN MARZO ABRIL DE 2018 HACE SEIS MESES UN GRUPO DE PERSONAS USURPO PARTE DE LA VIVIENDA DONDE HABITABA JUNTO A SU FAMILIA ACTUALMENTE RECUPERO LA MISMA PERO LOS CONFLICTOS CON EL VECINO CONTINUAN TIENE UNA RESTRICCION PERIMETRAL\r\nSE LE SUGIERE TRAMITAR EL BOTON ANTIPANICO QUE YA SE LO HABIAN OFRECIDO DESDE LA MUNICIPALIDAD PUESTO QUE TEME POR LA INTEGRIDAD DE SUS HIJOS',12,45,'2019-09-05 16:43:53',NULL,'2019-09-05 16:43:53',NULL),(19,'2018-12-27',NULL,'NOS COMUNICAMOS CON ALEJANDRA PARA SABER SOBRE LA SITUACIÓN ACTUAL DE KEVIN Y SU FAMILIA NOS REFIERE QUE KEVIN TUVO UNA DESCOMPENSACIÓN POR LO QUE TUVO QUE SER INTERNADO POR UNAS HORAS PERO QUE SIGUE RECUPERÁNDOSE  ALEJANDRA NOS MANIFIESTA SU PREOCUPACIÓN E INCERTIDUMBRE RESPECTO DE SU CONTINUIDAD EN EL DEPARTAMENTO FACILITADO POR LA EMPRESA GLOVO EN TANTO LA EMPRESA NO SE COMUNICA CON ELLOS NI LES GARANTIZA SU PERMANENCIA EN EL MISMO ALEJANDRA TAMBIÉN NOS REFIERE QUE EL 6-1 DEBE VOLVER A NEUQUÉN A RESOLVER SU SITUACIÓN LABORAL COORDINAMOS ENCONTRARNOS LA SEMANA SIGUIENTE PARA SEGUIR ACOMPAÑÁNDOLOS Y ASESORANDOLOS',10,17,'2019-09-05 16:44:03',NULL,'2019-09-05 16:44:03',NULL),(20,'2019-05-23',NULL,'NOS COMUNICAMOS CON ALEJANDRA QUIEN ESTÁ VIVIENDO EN NEUQUÉN NOS MANIFIESTA QUE SU HIJO KEVIN SE ENCUENTRA  EN LA PLATA REALIZANDO SUS ACTIVIDADES COTIDIANAS NORMALMENTE Y QUE ESTÁN MÁS TRANQUILOS POR ELLO ALEJANDRA NOS REFIERE QUE ESTÁN ANSIOSOS ESPERANDO LA FECHA DE CIRUGÍA COLOSTOMÍA Y QUE CONTRATARON UN ABOGADO PARA RECLAMAR LOS GASTOS EN SALUD A LA EMPRESA GLOVO -QUE NO SE HIZO CARGO- COORDINAMOS QUE IBA A CONVERSAR CON KEVIN PARA SABER SI ESTÁ DE ACUERDO QUE NOS COMUNIQUEMOS DIRECTAMENTE CON ÉL PARA ACOMPAÑARLO Y QUE EN EL TRANSCURSO DE LOS DÍAS INTENTAREMOS ARTICULAR CON EL SERVICIO LOCAL DEL HOSPITAL SAN MARTÍN PARA VER SI PUEDEN DARLE UN FECHA DE CIRUGÍA LO MÁS RÁPIDO POSIBLE\r\nALEJANDRA SE COMUNICA AL CPV PARA COMENTARNOS QUE KEVIN DESEA SER CONTACTADO POR NOSOTROS LUEGO DE COORDINAR CON EL EQUIPO NOS CONTACTAREMOS CON ÉL A SABER EL TIPO DE DEMANDA',10,17,'2019-09-05 16:45:43',NULL,'2019-09-05 16:45:43',NULL),(21,'2019-05-27',NULL,'EL DÍA DE LA FECHA SE COMUNICÓ CON EL EQUIPO LA MAMÁ DE KEVIN PARA CONSULTAR SI PODEMOS COMUNICARNOS CON EL HOSPITAL POR LA FECHA DE CIRUGÍA QUEDAMOS EN RESPONDER UNA VEZ QUE TENGAMOS NOVEDADES',10,17,'2019-09-05 16:46:07',NULL,'2019-09-05 16:46:07',NULL),(22,'2019-02-04',NULL,'NOS COMUNICAMOS CON BERNABE\r\n GESTIONO EL BOTON ANTIPANICO EL MIERCOLES PROXIMO SE PRESENTARA EN LA FISCALIA  PUESTO QUE UNA PERSONA QUE TRABAJA ALLI NO RECUERDA EL NOMBRE  LE DIJO QUE SE PRESENTE PARA QUE ADJUNTE FOTOS DE LA USURPACION A LA CAUSA',12,45,'2019-09-05 16:46:10',NULL,'2019-09-05 16:46:10',NULL),(23,'2019-06-03',NULL,'NOS COMUNICAMOS CON KEVIN PARA COORDINAR UNA ENTREVISTA EN EL CPV',10,17,'2019-09-05 16:46:28',NULL,'2019-09-05 16:46:28',NULL),(24,'2019-02-05',NULL,'LLAMA NUEVAMENTE BERNABE POR TENER NUEVAS INTRUSIONES EN SU TERRENO\r\n PARA SOLICITAR COLABORACION DEL ETP MAÑANA QUE REALIZARA UN NUEVO APORTE A LA IPP EN FISCALIA\r\n QUEDAMOS EN ACOMPAÑAR SU PRESENTACIÓN',12,45,'2019-09-05 16:47:42',NULL,'2019-09-05 16:47:42',NULL),(25,'2019-06-11',NULL,'NOS COMUNICAMOS CON KEVIN  QUIEN NOS REFIERE QUE LO OPERARON EL DIA DE AYER Y QUE ESTÁ INTERNADO RECUPERÁNDOSE ACORDAMOS QUE EN CUANTO ESTÉ EN CONDICIONES FISICAS SE COMUNICARÁ CON NOSOTRAS PARA CONCRETAR LA ENTREVISTA PERSONAL',10,17,'2019-09-05 16:48:29',NULL,'2019-09-05 16:48:29',NULL),(26,'2019-02-06',NULL,'NOS PRESENTAMOS CON LA VICTIMA BERNABE EN LA FISCALIA PARA DENUNCIAR HECHOS NUEVOS Y SOLICITAMOS INFORME EN LA FISCALIA 11 Y 7 POR LAS IPP DE INTRUSION LESIONES Y LESIONES\r\n ASIMISMO REFIERE QUE EL ATACANTE ES DE LAS FUERZAS DE SEGURIDAD DE LA PROVINCIA\r\n DICE QUE VA A DENUNCIAR EN ASUNTOS INTERNOS DE POLICIA DE LA PROVINCIA CUANDO ESTO SE REALICE INFORMARA AL ETP',12,45,'2019-09-05 16:49:35',NULL,'2019-09-05 16:49:35',NULL),(27,'2019-05-16',NULL,'NOS PRESENTAMOS EN LAS FISCALIAS INTERVINIENTES A EFECTOS DE INTERIORIZARNOS DEL ESTADO DE LAS CAUSA INFORMANDONOS QUE LA IPP 518018 FUE ARCHIVADA EL 17042019 UFI 11 Y LA IPP 1062118 FUE ARCHIVADA EL 18022019 UFI 7',12,45,'2019-09-05 16:51:16',NULL,'2019-09-05 16:51:16',NULL),(28,'2016-09-04',NULL,'NOS COMUNICAMOS CON LA SRA MARINA Y ACORDAMOS ENTREVISTA EL DIA VIERNES 06 DE SEPTIEMBRE A LAS 9 HS',17,89,'2019-09-05 16:54:10',NULL,'2019-09-05 16:54:10',NULL),(29,'2019-03-08',NULL,'SIENDO LAS 10 HORAS EN EL DIA DE LA FECHA SE PRESENTAN EN LA SEDE LOS PADRES DE LUCAS LUDUEÑA ASESINADO A PUÑALADAS LUEGO DE UNA DISCUSION PUBLICA LA SEÑORA LUDUEÑA SILVIA ALEJANDRA DNI 14250293 EL SEÑOR RUSSO PABLO Y GASTON EL HERMANO MAYOR\r\nLA SEÑORA SILVIA RELATA LO SUCEDIDO CON SU HIJO LUCAS QUIEN INGRESA A LA GUARDIA DEL HOSPITAL SAN JUAN DE DIOS PERO FALLECIO A PESAR DE LOS ESFUERZOS DE LOS MEDICOS EL IMPUTADO FRANCO ALBERTI DE 19 AÑOS FUE CAPTURADO Y TRASLADADO A LA COMISARÍA 3 DE LOS HORNOS ACTUALMENTE SE ENCUENTRA DETENIDO EN UNIDAD PENITENCIARIA\r\nLA SEÑORA SOLICITA QUE SE CAMBIE LA CARATULA DE LA CAUSA DEBIDO A QUE CREE QUE EL DELITO FUE PREMEDITADO ALUDIENDO QUE EXISTEN TESTIGOS PERO QUE AUN NO HAN DECLARADO\r\nADEMAS COMENTA QUE TIENE CUATRO HIJOS MAS TRES DE LOS CUALES NO VIVEN EN SU DOMICILIO SINO EN EL DE LA ABUELA MATERNA JONATHAN 30 AÑOS ROMINA 33 AÑOS Y GASTON 37 AÑOS Y MILENA DE18 AÑOS ES QUIEN VIVE CON ELLA PARA LOS MISMOS SOLICITA AYUDA \r\n	JONATHAN REFIERE QUE EN EL 2010 RECIBIO UNA GOLPIZA QUE LE DEJARON SECUELAS A PARTIR DE LAS CUALES DEBIO HACER TRATAMIENTO SEGUN LOS DICHOS EN FORMA DISCONTINUA\r\n              ROMINA PRESENTA CONSUMO DE ALCOHOL DE LARGA DATA Y SIN TRATAMIENTO\r\n	MILENA ALGUNA VEZ LE DIJO A SU MADRE QUE QUERIA HACER TRATAMIENTO\r\nFINALIZANDO LA ENTREVISTA PREGUNTA SI LA PENSION DE SU MADRE UNA VEZ QUE FALLEZCA PODIA PASAR A NOMBRE DE SU HIJO\r\nEL EQUIPO LE EXPLICA LA MODALIDAD DE TRABAJO LA EX PAREJA EXPRESA QUE EL SE ENCUENTRA REALIZANDO TRATAMIENTO PSICOLOGICO Y QUE POR AHI ESTARIA BUENO QUE ELLA INICIE TAMBIEN PARA TENER SU ESPACIO A LO CUAL SILVIA DICE QUE SI SIN MOSTRAR MUCHO INTERES DIJO QUE EN VARIAS OPORTUNIDADES INICIO PERO NO PUDO SOSTENER NINGUNO DE LOS TRATAMIENTOS HABLAMOS DEL TEMA UN POCO MAS EN PROFUNDIDAD Y LE PEDIMOS QUE SI REALMENTE LE INTERESA LE PODEMOS CONSEGUIR TURNO EN ALGÚN LUGAR CERCANO A SU DOMICILIO PERO SIEMPRE Y CUANDO SE COMPROMETA Y DESEE INICIAR EL TRATAMIENTO SINO NO TIENE SENTIDO A LO CUAL EXPRESO QUE SI QUE QUERIA IR  NOS COMENTO QUE EL LUGAR MAS CERCANO ES EL CENTRO DE SALUD N 8 \r\nQUEDAMOS EN VER LA CAUSA Y COMUNICARLES LAS NOVEDADES',8,48,'2019-09-05 17:02:17',NULL,'2019-09-05 17:02:17',NULL),(30,'2019-03-11',NULL,'EN EL DIA DE LA FECHA NOS COMUNICAMOS CON LA LICENCIADA ANDREA CHAVEZ DEL CENTRO DE SALUD NUMERO 8 DE ALTOS DE SAN LORENZO TELEFONO 451 5845 SOLICITAMOS TURNO PARA LA  SEÑORA SILVIA LUDUEÑA NOS OFRECEN TURNO PARA EL DIA LUNES 18 DE MARZO A LAS 1030 HORAS LUEGO HABLAMOS CON SILVIA QUIEN SE COMPROMETE A ASISTIR AL TURNO',8,48,'2019-09-05 17:03:10',NULL,'2019-09-05 17:03:10',NULL),(31,'2018-08-14',NULL,'EL CASO INGRESA DE OFICIO A TRAVÉS DE LA GUARDIA DEL FIN DE SEMANA EL EQUIPO DE GUARDIA SE COMUNICÓ CON JULIAN 24 AÑOS HERMANO DE LA VÍCTIMA QUIEN REFIERE QUE LOS AGRESORES QUE ATACARON A SU HERMANO SON UNA FAMILIA CONOCIDA DEL BARRIO DE HACE TIEMPO RELACIONADA A LA DELINCUENCIA Y MENCIONA QUE HASTA SE CREE QUE ESTARÍAN ACTUANDO EN CONNIVENCIA CON LA POLICÍA\r\nMANIFIESTA QUE POR LA MAÑANA HICIERON ENTREGA DEL CUERPO DE SU HERMANO Y POSTERIORMENTE PUDIERON REALIZAR EL VELORIO Y EL ENTIERRO REFIERE QUE NOS BRINDARÁ EL TEL DE SU MADRE PARA QUE EL MARTES UN EQUIPO SE CONTACTE CON ELLA COMUNICÁNDOSE MÁS TARDE CON ESTA INFORMACIÓN\r\nPOR EL HECHO INTERVIENE LA COMISARÍA DE PRESIDENTE PERÓN LA DIRECCIÓN DEPARTAMENTAL DE INVESTIGACIONES DDI DE LA PLATA Y LA DOCTORA KARINA GUYOT FISCAL SUBROGANTE DE LA FISCALÍA N2 DE PRESIDENTE PERÓN DEPENDIENTE DEL DEPARTAMENTO JUDICIAL DE LA PLATA',15,23,'2019-09-05 17:03:37',NULL,'2019-09-05 17:03:37',NULL),(32,'2019-03-13',NULL,'NOS ACERCAMOS HASTA LA FISCALIA 1 A LOS EFECTOS DE VER LA CAUSA',8,48,'2019-09-05 17:03:48',NULL,'2019-09-05 17:03:48',NULL),(33,'2019-03-14',NULL,'NOS COMUNICAMOS CON PABLO PADRE DE LA VICTIMA PARA PONERLO AL TANTO DE LAS NOVEDADES DE LA CAUSA SE LE INFORMO QUE EL IMPUTADO YA TIENE RATIFICADA LA PRISION PREVENTIVA POR PARTE DEL JUZGADO DE GARANTIAS Y QUE EL 1 DE JULIO COMENZARAN LAS PERICIAS DE ANATOMIA PATOLOGICA QUEDAMOS EN VOLVER A COMUNICARNOS ANTE CUALQUIER NOVEDAD',8,48,'2019-09-05 17:04:24',NULL,'2019-09-05 17:04:24',NULL),(34,'2018-08-15',NULL,'NOS COMUNICAMOS CON JULIÁN HERMANO DE LA VÍCTIMA A FIN DE COMUNICARLE QUE EN EL DÍA DE MAÑANA UN EQUIPO TÉCNICO PROFESIONAL PODÍA ACERCARSE A SU DOMICILIO\r\n REFIERE QUE TAL VEZ SEA MEJOR EL DÍA MIÉRCOLES PORQUE MAÑANA SU MADRE FUE INVITADA A UN PROGRAMA TELEVISIVO Y QUE HOY MUCHOS MEDIOS DE COMUNICACIÓN  ESTUVIERON ALLÍ EN SU DOMICILIO \r\nPARALELAMENTE NOS COMUNICAMOS CON LA FISCAL KARINA GOUYOT QUIEN NOS INFORMA QUE PUDO VER LAS CÁMARAS DE SEGURIDAD DE LA PLAZA Y QUE TESTIGOS PUDIERON IDENTIFICAR A DOS SUJETOS COMO LOS AUTORES RESPONSABLES DEL HECHO\r\nESTO FUE MUY DIFICULTOSO DE OBTENER YA QUE DICHOS TESTIGOS TENÍAN MUCHO MIEDO DADO QUE LOS AGRESORES SON MIEMBROS DE UNA FAMILIA CONOCIDA DESDE HACE AÑOS ALLÍ RELACIONADA AL CONFLICTO Y A LA DELINCUENCIA\r\nLA DRA NOS INFORMA QUE YA ESTÁ EFECTIVIZADO EL PEDIDO DE DETENCIÓN Y QUE EN EL DÍA DE MAÑANA SALE EL PEDIDO DE CAPTURA POR EL JUZGADO DE GARANTÍAS\r\nNOS COMUNICAMOS CON LA MADRE DE LA VÍCTIMA MÓNICA A QUIEN SE LE BRINDA LA INFORMACIÓN DE LA CAUSA DE SU HIJO OBTENIDA MEDIANTE LA FISCAL GOUYUT\r\nSEGUIDO DE ESTO ACORDAMOS QUE EL DÍA MIÉRCOLES 17-10 A LAS 8 HS EL EQUIPO LA ACOMPAÑARÁ A UFI 2 DE GUERNICA A FIN DE QUE LA FISCAL LA RECIBA PARA CONVERSAR ACERCA DE LO ACTUADO EN LA CAUSA DEL HIJO',15,23,'2019-09-05 17:05:32',NULL,'2019-09-05 17:05:32',NULL),(35,'2019-05-19',NULL,'NOS COMUNICAMOS CON SOFÍA IBARRA HIJA DE LA VÍCTIMA CEL 0111531527742 LA CUAL SE ENCUENTRA SUMAMENTE ANGUSTIADA POR LO OCURRIDO CON SU MADRE MANIFIESTA ESTAR MUY ENOJADA Y EN ESTADO DE SHOCK DADO QUE SU MADRE HABRÍA REALIZADO DENUNCIAS PENALES PREVIAS CONTRA IBARRA\r\n MANIFIESTA QUE ESTO LE CAUSA MUCHA IMPOTENCIA YA QUE REFIERE QUE LA MUERTE DE SU MADRE DEBIERA HABERSE PREVENIDO  SI LA JUSTICIA HUBIESE HECHO LO CORRESPONDIENTE PARA PROTEGERLA  EN RELACIÓN A ESTO AGREGA QUE ADEMÁS HABÍAN ALLANADO EL DOMICILIO DE IBARRA DANDO ESTE NEGATIVO LO CUAL AGRAVA LA SENSACIÓN DE IMPOTENCIA DE SOFÍA  EXPRESANDO QUE A SU MADRE DE TODAS MANERAS LA ASESINARON SE LE EXPLICA Y OFRECE NUESTRO DISPOSITIVO ASISTENCIAL PERO EL MISMO NO ES ACEPTADO POR EL MOMENTO SOFÍA SE ENCUENTRA MUY ANGUSTIADA EN ESTE MOMENTO POR LO QUE ACORDAMOS VOLVER A COMUNICARNOS CON ELLA NUEVAMENTE EN LOS PRÓXIMOS DÍAS',19,21,'2019-09-05 17:07:39',NULL,'2019-09-05 17:07:39',NULL),(36,'2019-03-26',NULL,'NOS COMUNICAMOS CON SILVIA PARA VER SI CONCURRIO AL TURNO PSICOLOGICO QUE LE CONSEGUIMOS EN LA SALITA NOS DICE QUE FUE PERO JUSTO ESE DIA NO HABIA CONCURRIDO LA PSICOLOGA Y LE DIJERON QUE VAYA OTRO DIA PERO SEGUN SUS DICHOS SE LE COMPLICA INICIAR UN TRATAMIENTO AHI YA QUE ESTA  AL CUIDADO DE SU HIJO COSA QUE NO HABIA DICHO CUANDO TUVIMOS LA ENTREVISTA YA QUE SE HABIA COMPROMETIDO A ASISTIR A LA TERAPIA ASIMISMO EXPRESO QUE IBA IR A UNA SALITA QUE LE QUEDA MAS CERCA Y AHI PODRIA CONCURRIR SALITA QUE CUANDO SE LE PREGUNTO DONDE PREFERIA QUE LE CONSIGAMOS TURNO NO HIZO REFERENCIA TENIENDO EN CUENTA QUE NO SE LA VE COMPROMETIDA CON INICIAR UN TRATAMIENTO SE LE CONSIGUIO TURNO Y NO VA A CONCURRIR ES QUE POR EL MOMENTO ESPERAREMOS YA QUE NO TIENE SENTIDO QUE LE SIGAMOS CONSIGUIENDO TURNOS DEBIDO A QUE NO SE MUESTRA INTERESADA EN INICIAR NINGÚN TRATAMIENTO',8,48,'2019-09-05 17:08:45',NULL,'2019-09-05 17:08:45',NULL),(37,'2019-07-19',NULL,'NOS ACERCAMOS HASTA LA FISCALIA PARA TOMAR VISTA DE LA CAUSA EN LA MISMA PUDIMOS OBSERVAR LA DECLARACION DE 3 NUEVOS TESTIGOS SIENDO DOS DE ELLOS DOS MUJERES QUE PRESENCIARON EL HECHO AMBAS DECLARAN HABER ESTADO PRESENTES AL MOMENTO DE LA DISCUSION ENTRE LUCAS Y EL IMPUTADO MOMENTO DONDE ESTE SACA UN CUCHILLO Y APUÑALA A LA VICTIMA ALCANZANDO A VER UNA DE LAS TESTIGOS LA PUÑALADA NO ASI LA SEGUNDA DECLARANTE QUE DICE HABERSE DADO VUELTA AL VER QUE EL IMPUTADO EXTRAJO EL ARMA BLANCA\r\nTAMBIEN SE ENCUENTRA PRESENTADO EN LA CAUSA EL INFORME DE LA AUTOPSIA QUE DETERMINA LA MUERTE DE LUCAS A CAUSA DE UN SHOCK HIPOVOLEMICO  PROVOCADO POR LA HERIDA CORTANTE EN EL TORAX  ADEMAS DESDE LA FISCALIA SE ENCUENTRAN ESPERANDO LA REALIZACION Y PRESENTACION DEL INFORME DE LAS PERICIAS SOBRE LAS ROPAS TANTO DEL IMPUTADO COMO DE LA VICTIMA \r\nPOR ULTIMO LA FISCAL SOLICITO LA PRORROGA DEL PLAZO PARA LA REALIZACION DE LA IPP DADO QUE CONSIDERA QUE EL PLAZO INICIAL DE 4 MESES ES INSUFICIENTE PARA PODER COMPLETAR LA INVESTIGACIÓN SITUACION QUE FUE CONFIRMADA POR EL JUZGADO DE GARANTIAS',8,48,'2019-09-05 17:09:22',NULL,'2019-09-05 17:09:22',NULL),(38,'2019-02-04',NULL,'EL EQUIPO DEL CPV PREVIO ACUERDO POR VIA TELEFONICA ENTREVISTO A ALICIA ARIAS MAMA DE ARIANA EN DICHA ENTREVISTA ALICIA RELATA LOS HECHOS QUE VIVENCIO SU HIJA TENIENDO EN CUENTA QUE LA MISMA NO RECUERDA NADA TOMA COMO VALIDO EL RELATO DE LA AMIGA QUE LA ACOMPAÑO ESA NOCHE SE LE OFRECIÓ ACOMPAÑAMIENTO DEL EQUIPO DEL CPV A LO QUE ACEPTO\r\nSEGUN ALICIA ARIANA TIENE TURNO CON UNA PSICOLOGA PARA COMENZAR TRATAMIENTO',16,29,'2019-09-05 17:09:40',NULL,'2019-09-05 17:09:40',NULL),(39,'2019-07-23',NULL,'INTENTAMOS COMUNICARNOS CON EL PADRE Y LA MADRE DE LUCAS PARA DECIRLE LAS NOVEDADES DE LA CAUSA PERO NINGUNO DE LOS DOS ATENDIO VOLVEREMOS A LLAMARLOS EN OTRO MOMENTO\r\nHABLAMOS CON EL PAPA DE LUCAS LE CONTAMOS LAS NOVEDADES QUEDAMOS A SU DISPOSICION POR CUALQUIER DUDA QUE TENGA Y LO SEGUIREMOS MANTENIENDO AL TANTO',8,48,'2019-09-05 17:10:05',NULL,'2019-09-05 17:10:05',NULL),(40,'2019-01-04',NULL,'EL EQUIPO DEL CPV LA ASESORA RESPECTO A LOS PASOS A SEGUIR Y A LOS DERECHOS QUE TIENE EN TANTO VICTIMA DE VIOLENCIA DE GENERO POR OTRO LADO SE TRABAJA EN RELACION A LA AMPLIACION DE LA DENUNCIA Y DE LA PRESENTACION MEDIANTE OFICIO QUE REALIZARA EL CPV\r\nRESPECTO A LA CONTENCION PSICOLOGICA ROXANA REFIERE QUE SE ACERCO A LA UNIDAD DE FORTALECIMIENTO FAMILIAR Y ALLÍ COMENZARÁ UN TRATAMIENTO PSICOLOGICO\r\nNOS COMUNICAMOS CON LA FISCALIA N 1 DE PRESIDENTE PERON DONDE SE NOS INFORMA QUE PARA AMPLIAR LA DENUNCIA ROXANA DEBERA ACERCARSE A LA COMISARIA 1 DE GUERNICA A SU VEZ ENVIAMOS A LA FISCALIA EL OFICIO DE PRESENTACION DEL EQUIPO VIA EMAIL TAL COMO ADELANTAMOS TELEFONICAMENTE',20,37,'2019-09-05 17:11:32',NULL,'2019-09-05 17:11:32',NULL),(41,'2019-01-05',NULL,'NOS COMUNICAMOS CON LA COMISARIA 1RA DE PRESIDENTE PERON PARA REFERIR QUE NOS ENCONTRAMOS ACOMPAÑANDO A ROXANA E INFORMARLES LA INTENCION DE AQUELLA DE ACERCARSE A AMPLIAR LA DENUNCIA REALIZADA  DESDE EL DESTACAMENTO POLICIAL REFIEREN QUE ROXANA PUEDE ACERCARSE EN CUANTO PUEDA PARA REALIZAR LA DECLARACION',20,37,'2019-09-05 17:13:14',NULL,'2019-09-05 17:13:14',NULL),(42,'2019-01-07',NULL,'NOS COMUNICAMOS CON ROXANA LE COMUNICAMOS LO HABLADO CON LA COMISARIA PARA QUE PUEDA AMPLIAR SU DENUNCIA',20,37,'2019-09-05 17:15:08',NULL,'2019-09-05 17:15:08',NULL),(43,'2019-01-07',NULL,'NOS COMUNICAMOS CON ROXANA A LOS FINES DE DELIMITAR CLARAMENTE SU DEMANDA DESDE EL PUNTO DE VISTA JURIDICO A PARTIR DE ELLO NOS MANIFESTO SU INTENCION DE VOLVER A RADICARSE EN SU DOMICILIO DE LA LOCALIDAD DE GUERNICA EN EL CUAL SE ENCUENTRA VIVIENDO ACTUALMENTE SU EX MARIDO  A TAL EFECTO LE INFORMAMOS LA POSIBILIDAD DE SOLICITAR UNA EXCLUSION DEL HOGAR CONTRA AQUEL PAUTANDO TRAMITAR ESTA MEDIDA EN LOS DIAS SUCESIVOS\r\nADEMAS NOS INFORMO QUE EN EL DIA DE MAÑANA 8 DE ENERO SE ACERCARIA A LA COMISARIA DE LA MUJER Y LA FAMILIA PARA HACER LA AMPLIACION DE LA DENUNCIA Y TAMBIEN AL JUZGADO DE PAZ DE GUERNICA PARA IMPULSAR EL EXPEDIENTE EN EL CUAL SU MARIDO CUENTA CON UNA RESTRICCION PERIMETRAL CONTRA ELLA \r\nQUEDAMOS EN COMUNICARNOS NUEVAMENTE MAÑANA POR LA TARDE PARA INFORMARNOS DE LAS NOVEDADES',20,37,'2019-09-05 17:18:25',NULL,'2019-09-05 17:18:25',NULL),(44,'2019-01-08',NULL,'COORDINACION CON TRABAJADOR SOCIAL NORBERTO GARCIA DE ATLMIRANTE BROWN QUIEN SE VA A COMUNICAR CON LA FAMILIA PARA GENERAR ESPACIOS DE CONTENCION JUNTO A LAS HIJAS DE ROXANA\r\nNOS COMUNICAMOS CON ROXANA PARA SABER LAS NOVEDADES ACERCA DE LA AMPLIACION DE DENUNCIA QUE SE ACERCARIA A HACER A LA COMISARIA DE LA MUJER ANTE LO CUAL NOS REFIRIO QUE NO LE PERMITIERON HACERLA NI EN LA COMISARIA NI EN EL JUZGADO DE PAZ  A PARTIR DE ELLO QUEDAMOS EN AVERIGUAR LA MANERA DE HACERLO\r\nADEMAS LE INFORMAMOS DE LA NECESIDAD DE PRESENTAR JUNTO CON EL ESCRITO DE SOLICITUD DE EXCLUSION DEL HOGAR EL PEDIDO DE HABILITACION DE FERIA JUDICIAL PARA PODER DAR CURSO AL TRAMITE DE AQUELLA QUEDANDO EN COMUNICARNOS EN LOS PROXIMOS DIAS PARA ARTICULAR LA FORMA DE PRESENTACION',20,37,'2019-09-05 17:23:48',NULL,'2019-09-05 17:23:48',NULL),(45,'2019-09-03',NULL,'NOS COMUNICAMOS CON LA SRITA BERENICE Y ACORDAMOS ENTREVISTA EL DIA MIERCOLES 11 DE SEPTIEMBRE A LAS 10 HRS',26,89,'2019-09-05 17:25:44',NULL,'2019-09-05 17:25:44',NULL),(46,'2019-01-09',NULL,'NOS COMUNICAMOS CON LA COMISARIA DE LA MUJER Y LA FAMILIA DE GUERNICA  02224 49140O NOS ATIENDE EL OFICIAL FACUNDO SOLARI LE EXPLICAMOS LA SITUACION DE ROXANA Y LE SOLICITAMOS PUEDAN TOMAR LA AMPLIACION DE LA DENUNCIA TANTO A ELLA COMO A SU PADRE Y SUS HIJAS NOS INFORMA QUE ROXANA PUEDE IR EN CUALQUIER MOMENTO Y SERA ATENDIDA PARA TOMARLE LA DENUNCIA\r\nNOS COMUNICAMOS CON ROXANA PARA COMUNICARLE ESTO\r\n\r\nNOS COMUNICAMOS CON LA FISCALÍA 1 DE PRESIDENTE PERON PARA INFORMAR DE LAS DIFICULTADES CON QUE CUENTA ROXANA A HORA DE INTENTAR AMPLIAR LA DENUNCIA EN LA COMISARIA DADO QUE DESDE ESTA ULTIMA LE NIEGAN LA POSIBILIDAD DESDE ALLI ALDANA PETRUCCHI NOS REFIERE QUE LE INFORMEMOS A ROXANA QUE SE ACERQUE EN DIA DE MAÑANA 10 DE ENERO EN HORAS DEL MEDIODIA A LA  COMISARIA PARA REALIZAR LA AMPLIACION DADO QUE DESDE LA PROPIA FISCALIA SE COMUNICARAN PARA REFERIR QUE LA MUJER NECESITA REALIZAR DICHO TRAMITE\r\nNOS COMUNICAMOS CON ROXANA PARA INFORMARLE ESTA SITUACION',20,37,'2019-09-05 17:28:03',NULL,'2019-09-05 17:28:03',NULL),(47,'2019-01-10',NULL,'NOS COMUNICAMOS CON ROXANA PARA QUE NOS INFORMARA COMO LE FUE A LA HORA DE AMPLIAR LA DECLARACION A LO CUAL NOS RESPONDE QUE TODO FUE MUY BIEN QUE LA RECIBIERON DE BUENA MANERA Y QUE PUDO CONTAR TODO LO NECESARIO \r\nADEMAS NOS INFORMA QUE FUERON NOTIFICADAS DE UNA DENUNCIA QUE REALIZO SU EX MARIDO CONTRA SUS HIJAS POR ROBO SITUACION QUE LAS TENIA PREOCUPADAS TRANQUILIZANDOSE LUEGO DE QUE LE INFORMARAMOS QUE LA CAUSA SEGURAMENTE NO AVANZARIA DEMASIADO YA QUE EL DENUNCIANTE NO CUENTA CON PRUEBAS ACERCA DE LO ALEGADO Y QUE RESULTA UNA EVIDENTE MANIOBRA PARA LOGRAR AMEDRENTARLAS NOS INFORMA QUE LA CAUSA QUEDO RADICADA EN LA UNIDAD FUNCIONAL DE INSTRUCCION DE RESPONSABILIDAD PENAL JUVENIL  NUMERO 1 DEL DEPARTAMENTO JUDICIAL LA PLATA A LO CUAL PROMETIMOS COMUNICARNOS CON LA MISMA PARA AVERIGUAR EL ESTADO DE LAS ACTUACIONES',20,37,'2019-09-05 17:30:40',NULL,'2019-09-05 17:30:40',NULL),(48,'2019-03-11',NULL,'EN EL DIA DE LA FECHA SE PRESENTA EN LA SEDE LA SEÑORA ANA MARIA DE 56 AÑOS DE EDAD DE NACIONALIDAD PERUANA DNI 94 291 968 SOLTERA MANIFIESTA QUE PAGABA UN ALQUILER A SU HERMANO JONHY POR SU VIVIENDA LA CUAL ESTABA EN UN TERRENO FISCAL  CALLE 497 NUMERO 931 CUANDO ELLA SE ENTERA QUE EL TERRENO NO LE PERTENECIA DEJA DE PAGAR EL ALQUILER ESTE LE PRENDE FUEGO SUS PERTENENCIAS SE PRESENTA EN APUR REALIZA DENUNCIA TIENE UNA RESTRICCION PERIMETRAL Y BOTON ANTIPANICO SE CONTACTO CON GENTE DEL MUNICIPIO\r\nLA SEÑORA SOLICITA LA RESTITUCION DE SUS PERTENENCIAS COMO TAMBIEN MATERIAL PARA LEVANTAR SU CASA ANA MARIA TIENE DOS HIJOS GEORGE 28 AÑOS ALBAÑIL Y CHRISTIAN 26 AÑOS DESOCUPADO A ESTE ULTIMO LA SEÑORA LE ALQUILA UN DEPARTAMENTO EN PLAZA ITALIA Y AGREGA QUE NO PUEDE VIVIR CON EL YA QUE EL DEPARTAMENTO ES MUY PEQUEÑO\r\nEL EQUIPO LE EXPLICA LA MODALIDAD DE TRABAJO',28,48,'2019-09-05 17:32:58',NULL,'2019-09-05 17:32:58',NULL),(49,'2019-01-11',NULL,'NOS COMUNICAMOS CON LA FISCALIA DE RESPONSABILIDAD PENAL JUVENIL NUMERO 1 A EFECTOS DE CONSULTAR POR LA CAUSA EN LA CUAL LAS HIJAS Y EL PADRE DE ROXANA SE ENCUENTRAN IMPUTADOS POR UN SUPUESTO HURTO NOS INFORMA LA INSTRUCTORA JUDICIAL QUE UNICAMENTE CUENTAN CON LA DENUNCIA DEL EX MARIDO DE ROXANA Y QUE EN PRIMER TERMINO REALIZARAN DIVERSAS DILIGENCIAS A FIN DE DETERMINAR LA EXISTENCIA O NO DEL DELITO ACREDITAR EDADES DE LOS IMPUTADOS CITAR A TESTIGOS OFRECIDOS POR EL DENUNCIANTE Y A ESTE ULTIMO ACREDITAR LA PROPIEDAD DE LOS ELEMENTOS PRESUNTAMENTE HURTADOS CON LO CUAL AL MOMENTO LA INVESTIGACION NO REVISTE MAYORES DIFICULTADES PARA NUESTRAS ASISTIDAS',20,37,'2019-09-05 17:32:58',NULL,'2019-09-05 17:32:58',NULL),(50,'2019-01-16',NULL,'NOS COMUNICAMOS CON ROXANA QUIEN REFIERE ESTAR BIEN JUNTO A SUS HIJAS DICE QUE TODAVIA NO LA HA LLAMADO EL TRABAJADOR SOCIAL NORBERTO GARCIA SE REFUERZA EL LLAMADO',20,37,'2019-09-05 17:33:58',NULL,'2019-09-05 17:33:58',NULL),(51,'2017-12-21',NULL,'DESDE ESE MOMENTO SE MANTIENE UNA COMUNICACIÓN PERMANENTE CON LA FAMILIA EN ESPECIAL CON ALBERTO GONZÁLEZ  PADRE DE LA VÍCTIMA\r\n TAMBIÉN SE MANTIENE COMUNICACIÓN CONSTANTE CON EL GABINETE DE BÚSQUEDA DE PERSONAS DE LA DDI DE LA PLATA DDI DE CORONEL SUÁREZ Y FISCALÍA INTERVINIENTE\r\n	SE LE GESTIONÓ A LA FAMILIA TURNO CON MÉDICO PSIQUIATRA PARA SU HIJA MANUELA  QUIEN PADECE DE UNA DISCAPACIDAD MENTAL  SE ARTICULÓ ACCIONES CONJUNTAS CON RED SOLIDARIA Y EL SISTEMA FEDERAL DE BÚSQUEDA DE PERSONAS DESAPARECIDAS Y EXTRAVIADAS DEL MINISTERIO DE SEGURIDAD DE NACIÓN SIFEBU  SE COMENZÓ MANTENIENDO COMUNICACIÓN CON LA UNIDAD FISCAL DE INSTRUCCIÓN 5 DE LA PLATA EN DONDE SIEMPRE HACÍAN REFERENCIA A QUE LAS ACTUACIONES LAS TENÍAN EL GABINETE DE BÚSQUEDA DE LA DDI LA PLATA  QUIENES NOS FACILITARON LA ARTICULACIÓN CON DDI CORONEL SUÁREZ',30,21,'2019-09-05 17:33:58',NULL,'2019-09-05 17:33:58',NULL),(52,'2019-03-14',NULL,'NOS COMUNICAMOS CON CENTRO COMUNAL DE GONNET 484 2004 A FIN DE SABER CUAL HABIA SIDO LA DEMANDA LA LIC MONICA DE LA PORTILLA NO SE ENCONTRABA POR LO CUAL SOLICITAN QUE NOS COMUNIQUEMOS EL DIA LUNES',28,48,'2019-09-05 17:34:06',NULL,'2019-09-05 17:34:06',NULL),(53,'2019-03-23',NULL,'NOS COMUNICAMOS CON CENTRO COMUNAL DE GONNET A FIN DE SABER CUAL HABIA SIDO LA DEMANDA DE LA SEÑORA VERONICA COBORNO NOS INFORMA QUE SON VARIOS ADMINISTRATIVOS Y NO TIENEN UNA BASE DE DATO DE LOS CASOS QUE ASISTEN PERO SI LO TIENE CADA PROFESIONAL POR LO CUAL ME SUGIERE QUE ME COMUNIQUE NUEVAMENTE PARA HABLAR CON LA LICENCIADA DE LA PORTILLA QUIEN NO ESTARA ESTA SEMANA',28,48,'2019-09-05 17:34:38',NULL,'2019-09-05 17:34:38',NULL),(54,'2019-01-30',NULL,'NOS COMUNICAMOS CON ALDANA HIJA DE ROXANA PARA ACORDAR QUE SE ACERQUEN A LA PLATA PARA REALIZAR EL PEDIDO DE RESTRICCION PERIMETRAL EL PROXIMO MIERCOLES 6 DE FEBRERO',20,37,'2019-09-05 17:35:03',NULL,'2019-09-05 17:35:03',NULL),(55,'2019-05-03',NULL,'NOS COMUNICAMOS NUEVAMENTE CON EL CENTRO COMUNAL DE GONNET PARA HABLAR CON LA TRABAJADORA SOCIAL MONICA DE LA PORTILLA QUIEN NO SE ENCONTRABA EN SEDE NOS COMUNICAREMOS NUEVAMENTE',28,48,'2019-09-05 17:35:17',NULL,'2019-09-05 17:35:17',NULL),(56,'2019-07-15',NULL,'EN EL DIA DE LA FECHA SE PRESENTA LA SEÑORA ANA MARIA COMENTA QUE YA SE LE RESTITUYO LA CASA RECIBE LA AYUDA DEL MUNICIPIO CONTINUA PAGANDO EL ALQUILER A SU HIJO DE 28 AÑOS EN PLAZA ITALIA A PESAR DE MANIFESTAR QUE NO TENER LOS MEDIOS SUFICIENTES ASIMISMO REFIERE QUE PARA TERMINAR LA CASA SOLO LE FALTAN LAS PUERTAS\r\nRESPECTO A LA IPP 3661418 REFERENTE A LA USURPACION SIN PERJUICIO DE LA DEVOLUCION DE LA PROPIEDAD LA CAUSA SIGUE TRAMITANDOSE RESPECTO A LA IPP 5048618 REFERENTE A LESIONES Y RESISTENCIA SE RESOLVIO CONDENAR AL IMPUTADO A LA PENA DE 1 AÑO EN SUSPENSO',28,48,'2019-09-05 17:36:18',NULL,'2019-09-05 17:36:18',NULL),(57,'2019-02-06',NULL,'NOS ENTREVISTAMOS CON ROXANA Y CON ALDANA SU HIJA EN LAS OFICINAS DEL CPV NOS CUENTA QUE HASTA EL MOMENTO NO HAN TENIDO NINGUN OTRO EPISODIO DE VIOLENCIA CON SU EX MARIDO NI ELLA NI SUS HIJAS PERO QUE NO PUEDEN VOLVER A SU DOMICILIO YA QUE EL DISPUSO UNA RESTRICCION PERIMETRAL CONTRA SU PERSONA Y LA PREOCUPACION DE ROXANA ES PODER VOLVER A SU CASA PARA LA FECHA EN QUE SU HIJA MENOR COMIENZA LAS CLASES YA QUE LA ESCUELA ES EN GUERNICA ELLAS POR ESTA SITUACION ESTAN VIVIENDO EN ALMIRANTE BROWN CASA DE SUS PADRES\r\nLUEGO LAS ACOMPAÑAMOS A APUR ALLI NOS DICEN QUE DEBE IR AL JUZGADO DE PAZ DONDE RADICO LA DENUNCIA Y PEDIR UN DEFENSOR OFICIAL  PARA QUE PUEDA VOLVER A SU DOMICILIO Y PEDIR ELLA UNA RESTRICCION PERIMETRAL RESPECTO A SU EX MARIDO ROXANA EXPLICA LAS DIFICULTADES QUE TUVO EN DICHO JUZGADO  PARA SER ESCUCHADA POR ESO SU DEMANDA EN ESTA SEDE JUDICIAL  INMEDIATAMENTE NOS COMUNICAMOS CON EL JUZGADO DE PAZ Y LUEGO DE EXPLICARLE LA SITUACION NOS DICEN QUE LA ESPERAN A ROXANA PARA COMENZAR CON EL PEDIDO DE DEFENSOR SE REALIZA UN OFICIO DESDE EL CPV PARA QUE ROXANA LO ACERQUE EN MANO AL JUZGADO Y SE LE INDICAN LOS PASOS A SEGUIR',20,37,'2019-09-05 17:38:32',NULL,'2019-09-05 17:38:32',NULL),(58,'2019-04-01',NULL,'SE COMUNICA ROXANA MANIFESTANDO QUE SE ACERCO AL JUZGADO DE PAZ DADO QUE ESTABA CITADA PARA REALIZAR SU DESCARGO EN LA CAUSA QUE SU EX MARIDO INICIO POR PROTECCON CONTRA LA VIOLENCIA FAMILIAR  MANIFIESTA QUE AUN NO PUDO RETORNAR A SU DOMICILIO DE GUERNICA Y QUE LA ABOGADA DESIGNADA PARA REPRESENTARLA EN LA CAUSA LE INFORMO QUE A TAL EFECTO DEBERIA PRESENTARSE ANTE EL FUERO DE FAMILIA DE LA PLATA                                                                                                                                                                                                                                                                                                                                                                                                                                                                                                                                                                                                                                                                                                                                                                                                                                                                                                                                                                                                                                                                                                                                                                                                                                                                                                                                                                                                                                                                                                                                                                                                                                              ADEMAS NOS INFORMA QUE SU HIJA MENOR AGUSTINA COMENZO LAS CLASES EN EL COLEGIO AL QUE ASISTE EN LA LOCALIDAD DE GUERNICA Y QUE AL FINALIZAR UNA DE LAS JORNADAS SU PADRE APARECIO EN LAS CERCANIAS DE LA ENTIDAD EDUCATIVA DANDO A ENTENDER QUE SE ENCONTRABA VIGILANDOLA SE LE RECOMENDO ACERCARSE A LA COMISARIA LA FISCALIA O EL JUZGADO DE PAZ PARA SOLICITAR UNA MEDIDA DE RESTRICCION DE ACERCAMIENTO',20,37,'2019-09-05 17:41:10',NULL,'2019-09-05 17:41:10',NULL),(59,'2019-04-08',NULL,'NOS DAN EL CASO EN EL DIA DE HOY LUEGO QUE JESICA SE COMUNICARA CON EL CPV YA QUE LA SEMANA PASADA 2803 SE HIZO PRESENTE EN ESTE CENTRO AGUSTINA LARA DELEGADA DE GENERO Y COMPAÑERA DE LA EMPRESA DONDE TRABAJAN Y SE LE EXPLICO COMO TRABAJAMOS Y QUE ERA NECESARIO QUE LAS CHICAS SE PONGAN EN CONTACTO CON NOSOTROS \r\nSE ACORDO ENTREVISTA PARA EL DIA 1204 A LAS 10 DE LA MAÑANA',40,48,'2019-09-05 18:02:37',NULL,'2019-09-05 18:02:37',NULL),(60,'2019-04-12',NULL,'MANTUVIMOS ENTREVISTA EN EL CPV CON YESICA QUIEN NOS CONTO QUE FUE A LA FISCALIA A HACER LA DENUNCIA Y LA ENVIARON A LA DDI DONDE PUDO RADICAR LA DENUNCIA \r\nLE INTERESA REALIZAR TRATAMIENTO PSICOLOGICO TIENE OBRA SOCIAL OSECAC  QUEDO EN LLAMARNOS POR CUALQUIER CONSULTA \r\nQUEDAMOS EN IR A VER LA CAUSA Y MANTENERLA AL TANTO DE LAS NOVEDADES',40,48,'2019-09-05 18:04:30',NULL,'2019-09-05 18:04:30',NULL),(61,'2019-04-24',NULL,'NOS ACERCAMOS HASTA LA FISCALIA INTERVINIENTE PARA DEJAR EL OFICIO DE PRESENTACION EN LA CAUSA',40,48,'2019-09-05 18:05:42',NULL,'2019-09-05 18:05:42',NULL),(62,'2019-07-19',NULL,'NOS ACERCAMOS HASTA LA FISCALIA PARA TOMAR VISTA DE LA CAUSA EN LA MISMA PUDIMOS OBSERVAR VARIAS DECLARACIONES DE OTRAS EMPLEADAS DE COPPEL DENUNCIANDO EL ACOSO SUFRIDO POR EL IMPUTADO AL MOMENTO DE LA REVISION MEDICA  ADEMAS DE ALGUNAS DECLARACIONES TESTIMONIALES DE OTRAS AUTORIDADES Y EMPLEADOS DE LA EMPRESA \r\nPOR ULTIMO PUDIMOS OBSERVAR QUE EL IMPUTADO NO PRESTO  DECLARACION CUANDO FUE CITADO POR LA FISCALIA',40,48,'2019-09-05 18:07:56',NULL,'2019-09-05 18:07:56',NULL),(63,'2019-07-23',NULL,'NOS COMUNICAMOS CON YESICA PARA CONTARLE LAS NOVEDADES DE LA CAUSA \r\nNOS CONTO QUE NO FUE AVERIGUAR PARA INICIAR TRATAMIENTO PSICOLOGICO  QUEDAMOS A SU DISPOSICION Y MANTENERLA AL TANTO DE LA CAUSA',40,48,'2019-09-05 18:09:20',NULL,'2019-09-05 18:09:20',NULL),(64,'2019-08-29',NULL,'SE MANTIENE COMUNICACION TELEFONICA CON CAROLINA VILLAREAL QUIEN RELATA LOS EPISODIOS SUFRIDOS POR SU HIJA EL EQUIPO LE EXPLICA Y OFRECE NUESTRO DISPOSITIVO ASISTENCIAL EL CUAL ES ACEPTADO DEMANDA PRINCIPAL ASISTENCIA PSICOLOGICA SOCIAL Y ASESORAMIENTO JURÍDICO\r\nSE LE EXPLICAN IMPLICANCIAS Y PASOS PROCESALES DE CAUSA PENAL SE ASESORA Y OFRECE ACOMPAÑAMIENTO A LOS FINES DE EFECTUAR EL CORRESPONDIENTE SEGUIMIENTO SE INFORMA LA POSIBILIDAD DEL CAVAJ COMO ORGANISMO FACULTADO PARA REALIZAR EL POSTERIOR ACOMPAÑAMIENTO Y EVENTUAL PROCURACIÓN DE LA CAUSA PENAL  \r\nES DABLE RESALTAR QUE EL 29 8 18 SE COMENZO A ASISTIR A CAROLINA VILLAREAL POR SU HIJA WENDY  EN ESA OPORTUNIDAD LOS PADRES DE LA NIÑA ESTABAN SEPARADOS HACIA UN AÑO Y MEDIO EN OPORTUNIDAD DE BAÑAR A SU HIJA EL 04 08 18 CAROLINA VE QUE ESTA SE TOCABA LA VAGINA LUEGO DE CONSULTAR CON LA PSICOLOGA FEBEA ROST  RADICO DENUNCIA PENAL POR ABUSO SEXUAL CAUSA QUE QUEDO ARCHIVADA POR FALTA DE PRUEBAS LA ASISTENCIA DEL ETP QUEDO SUPEDITADA A LA VOLUNTAD DE LA MADRE DE LA VICTIMA LA QUE NUNCA CONCRETO UNA ENTREVISTA EN LA SEDE DEL CAVAJ CON EL EQUIPO',50,79,'2019-09-05 18:23:52',NULL,'2019-09-05 18:23:52',NULL),(65,'2019-08-29',NULL,'PROCURACION LA CAMARA GESELL SE DESARROLLARA EL 02 10 19 A LAS 9 HORAS',50,79,'2019-09-05 18:25:09',NULL,'2019-09-05 18:25:09',NULL),(66,'2019-08-12',NULL,'COMUNICACION TELEFONICA DESDE EL MOMENTO DE LA DENUNCIA TIMOSSI NO HA VUELTO A MOLESTARLA',56,69,'2019-09-05 18:25:54',NULL,'2019-09-05 18:25:54',NULL),(67,'2019-04-07',NULL,'EL ETP SE COMUNICA CON EL COMISARIO ULLOA DE LA COMISARIA DE CARMEN DE ARECO \r\nNOS BRINDA TELEFONO DE CONTACTO DE ADRIAN OSCAR DIRECTOR DE DESARROLLO SOCIAL DE ARECO\r\nREFIERE QUE LOS FAMILIARES SE ENCONTRABAN SIENDO CONTENIDOS POR PROFESIONALES DEL HOSPITAL',72,69,'2019-09-05 18:50:36',NULL,'2019-09-05 18:50:36',NULL),(68,'2019-04-22',NULL,'EL CPV INFORMA QUE MARIANA CASCO SOLICITABA INTERVENCION PARA CONTENCION PSICOLOGICA',72,69,'2019-09-05 18:52:24',NULL,'2019-09-05 18:52:24',NULL),(69,'2019-04-24',NULL,'EL EQUIPO SE COMUNICA CON MARIANA QUIEN MANIFIESTA ESTAR MUY ANGUSTIADA POR EL FALLECIMIENTO DE SU MADRE REFIERE ESTAR EN DISCONFORMIDAD CON EL ACTUAR DE DESARROLLO SOCIAL Y EL HOSPITAL AFIRMANDO QUE NO RECIBIERON LA CONTENCION QUE NECESITABAN REFIERE QUE NO SE ENCUENTRE REALIZANDO TRATAMIENTO PSICOLOGICO PERO QUE QUERIA EMPEZAR',72,69,'2019-09-05 18:55:27',NULL,'2019-09-05 18:55:27',NULL),(70,'2019-04-25',NULL,'EL EQUIPO SE COMUNICA CON CPV A FIN DE SABER SI SE HABIA PODIDO OBTENER EL CERTIFICADO DE DEFUNCION DE LA SEÑORA MONTES INFORMAN QUE AUN NO HAN OBTENIDO RESPUESTA SOBRE EL MISMO POR LO QUE SE SOLICITA QUE EL EQUIPO SE COMUNICARA CON COMISARIA INSTRUCTORA DE CHIVILCOY DONDE SE DEBIA EXPEDIR LA RECTIFICACION DE LA PARTIDO DE FALLECIMIENTO PARA PODER PRESENTARLA EN FISCALIA',72,69,'2019-09-05 18:58:27',NULL,'2019-09-05 18:58:27',NULL),(71,'2019-04-25',NULL,'EL ETP SE COMUNICA CON LA COMISARIA CORRESPONDIENTE PERO INFORMAN QUE NO SE DEBERIA REALIZAR ALLI EL TRAMITE MENCIONADO SE INFORMA AL CPV QUIENES MANIFIESTAN QUE ELLOS SE ENCARGARAN DEL MISMO',72,69,'2019-09-05 19:00:53',NULL,'2019-09-05 19:00:53',NULL),(72,'2019-05-27',NULL,'MARIANA SE COMUNICA CON EL EQUIPO SOLICITANDO LA AYUDA PARA REALIZAR UNA QUEJA FRENTE AL HCD DE LA MUNICIPALIDAD DE CARMEN DE ARECO SE LE EXPLICA QUE EL EQUIPO NO RESPONDE AL MISMO MINISTERIO Y SE LE BRINDA EL TELEFONO DEL MINISTERIO DE SALUD DE PROVINCIA A FIN DE QUE PUEDA REALIZAR EL RECLAMO CORRESPONDIENTE',72,69,'2019-09-05 19:02:44',NULL,'2019-09-05 19:02:44',NULL),(73,'2019-05-06',NULL,'MARIANA REFIERE QUE HA DECIDIDO NO REALIZAR EL RECLAMO POR EL MOMENTO Y QUE SE ENFOCARA EN SU BIENESTAR EMOCIONAL AFIRMA QUE SE ENCUENTRA CONTENIDA POR SUS HIJAS Y POR LOS FAMILIARES DE LAS OTRAS VICTIMAS DEL SINIESTRO CON QUIEN TIENE CONTACTO PERMANENTE',72,69,'2019-09-05 19:04:32',NULL,'2019-09-05 19:04:32',NULL),(74,'2019-05-17',NULL,'EL ETP SE COMUNICA CON MARIANA NUEVAMENTE REFIERE QUE ESTA BIEN Y QUE HABIA COMENZADO TERAPIA SOLICITA SI EL EQUIPO PUEDE COMUNICARSE CON SU HERMANA LIVIA YA QUE CREE QUE NECESITA CONTENCION PSICOLOGICA',72,69,'2019-09-05 19:06:18',NULL,'2019-09-05 19:06:18',NULL),(75,'2019-05-21',NULL,'EL ETP INTENTA ESTABLECER COMUNICACION CON LIVIA PERO NO HAY RESPUESTA',72,69,'2019-09-05 19:07:00',NULL,'2019-09-05 19:07:00',NULL),(76,'2019-04-04',NULL,'SE MANTIENE COMUNICACION TELEFONICA CON SABRINA MADRE DE VALENTIN A FINES DE OFRECERLE ASISTENCIA INTERDISCIPLINARIA LA MISMA ACEPTA Y SE COORDINA ENTREVISTA PRESENCIAL EN OFICINA DEL CAVAJ PARA EL DÍA 5 DE ABRIL',135,81,'2019-09-06 15:46:46',NULL,'2019-09-06 15:46:46',NULL),(77,'2019-09-05',NULL,'SE MANTIENE COMUNICACION TELEFONICA CON SHEILA A FINES DE OFRECERLE ASISTENCIA INTERDISCIPLINARIA LA MISMA ACEPTA Y SE ACUERDA ENTREVISTA PRESENCIAL EN OFICINA DEL CAVAJ PARA EL DIA 12 09 A LAS 10 HORAS',138,79,'2019-09-06 15:48:17',NULL,'2019-09-06 15:48:17',NULL),(78,'2017-03-06',NULL,'REMITIMOS EL INFORME DE ACTUACIONES CONFECCIONADO A PARTIR DE LA REUNIÓN DEL 03 03 17\r\nEL CAVAJ SE ENCUENTRA ASISTIENDO A LA MADRE DE LA VICTIMA CRISTINA GRAMAJO QUIEN ADEMAS REALIZA VISITA SEMANAL A SESIONES CON LA PSICOLOGA DEL EQUIPO \r\nSI BIEN EN UN COMIENZO SE MANTUVIERON DIVERSAS COMUNICACIONES CON EL DOCTOR LABATTE DE LA UFI NRO 3 LAS FAMILIAS DE LAS VICTIMAS NO REQUIRIERON ASISTENCIA NI ASESORAMIENTO LEGAL',152,79,'2019-09-06 16:56:15',NULL,'2019-09-06 16:56:15',NULL),(79,'2017-04-20',NULL,'GESTIONAMOS LA INCORPORACION DE LA MADRE DE LA VICTIMA AL CURSO DE PROMOTOR COMUNITARIO EN ADICCIONES DEL CENTRO DE DIA PADRE GALLI COMO ESTRATEGIA DE ACERCAR EL OBJETIVO DE LA TAREA A LA PROBLEMATICA QUE AUNABA A LAS SIETE VICTIMAS DE LA TRAGEDIA',152,79,'2019-09-06 16:57:23',NULL,'2019-09-06 16:57:23',NULL),(80,'2017-06-16',NULL,'REUNION CON LA PSIQUIATRA DOCTORA ILLIA CON EL OBJETIVO DE COORDINAR ACOMPAÑAMIENTO',152,79,'2019-09-06 16:58:14',NULL,'2019-09-06 16:58:14',NULL),(81,'2017-08-09',NULL,'ARTICULACION CON SECRETARIA DE SALUD DOCTORA MARIA MARTHA PERRETTA POR REINSERCION LABORAL',152,79,'2019-09-06 16:59:07',NULL,'2019-09-06 16:59:07',NULL),(82,'2017-08-15',NULL,'CON EL FIN DE LOGRAR DICHA REINSERCION ARTICULAMOS CON LA DIRECTORA DEL HIGA PERGAMINO DOCTORA CECILIA DEMARCO YA QUE SE EVALUA QUE NO SERIA FAVORABLE LA REINCORPORACION DE ELLA EN EL MISMO ESPACIO YA QUE SU HIJO FALLECIDO TRABAJABA ALLI',152,79,'2019-09-06 17:00:15',NULL,'2019-09-06 17:00:15',NULL),(83,'2017-08-25',NULL,'COMUNICACION TELEFONICA DEL ETP CON LA PSIQUIATRA DOCTORA PAULA ILLIA PARA EVALUAR JUNTAS LA EVOLUCION DE LA PACIENTE',152,79,'2019-09-06 17:01:12',NULL,'2019-09-06 17:01:12',NULL),(84,'2018-02-22',NULL,'EL ETP ELABORA UN INFORME DE EVOLUCION PARA SER PRESENTADO POR LA SEÑORA GRAMAJO EN LA JUNTA MEDICA A REALIZARSE EN LA CIUDAD DE LA PLATA',152,79,'2019-09-06 17:02:10',NULL,'2019-09-06 17:02:10',NULL),(85,'2018-03-01',NULL,'ETP SOSTIENE ENCUENTRO CON LA MAMA DE LA VICTIMA YA QUE CONTINUA CON ACOMPAÑAMIENTO PSICOLOGICO',152,79,'2019-09-06 17:02:53',NULL,'2019-09-06 17:02:53',NULL),(86,'2018-03-07',NULL,'ETP SOSTIENE CONTACTO TELEFONICO CON LA MAMA DE LA VICTIMA QUIEN REFIERE NO PODER PRESENTARSE A LA ENTREVISTA Y SE COORDINA UN NUEVO ENCUENTRO PARA EL DIA 09 03 18',152,79,'2019-09-06 17:03:35',NULL,'2019-09-06 17:03:35',NULL),(87,'2018-03-09',NULL,'ETP SOSTIENE ENCUENTRO EN SEDE CAVAJ CON LA SEÑORA GRAMAJO YA QUE DEBE PRESENTARSE A TRABAJAR LUEGO DE LA LICENCIA Y SE TRATA DE ARTICULAR UN NUEVO HORARIO ACORDE A SUS NECESIDADES',152,79,'2019-09-06 17:04:12',NULL,'2019-09-06 17:04:12',NULL),(88,'2018-03-21',NULL,'ETP SOSTIENE CONTACTO CON LA SEÑORA GRAMAJO YA QUE MANIFIESTA SEGUIR NECESITANDO EL ESPACIO DE ACOMPAÑAMIENTO PSICOLOGICO SE SOSTIENE UNA NUEVA CONSULTA',152,79,'2019-09-06 17:04:52',NULL,'2019-09-06 17:04:52',NULL),(89,'2018-04-04',NULL,'ETP MANTIENE CONTACTO TELEFONICO CON LA SEÑORA QUIEN REFIERE QUE SE HABRIA REINTEGRADO A SU TRABAJO Y QUE HABRIA COMENZADO SUS ESTUDIOS DE TRABAJO SOCIAL EN EL INSTITUTO NUMERO 5 DE NUESTRA CIUDAD\r\nMANIFIESTA QUE NECESITA CONTINUAR CON EL ACOMPAÑAMIENTO PERO QUE SE LE ESTARIA COMPLICANDO COORDINAR UN HORARIO ADECUADO',152,79,'2019-09-06 17:05:49',NULL,'2019-09-06 17:05:49',NULL),(90,'2018-04-11',NULL,'LA SEÑORA SE COMUNICA TELEF8NICAMENTE CON ETP SOLICITANDO UNA ENTREVISTA\r\nSE COORDINA UN ENCUENTRO PARA EL MISMO DIA PERO LA SEÑORA NO ASISTE\r\nETP SE COMUNICA TELEFONICAMENTE Y RESPONDE QUE ESTA MUY DESORGANIZADA Y QUE NO HABRIA PODIDO LLEGAR A TIEMPO',152,79,'2019-09-06 17:07:33',NULL,'2019-09-06 17:07:33',NULL),(91,'2018-05-09',NULL,'ETP MANTIENE CONTACTO CON LA SEÑORA GRAMAJO YA QUE NUEVAMENTE SOLICITA UNA ENTREVISTA CON EL ETP\r\nEN DICHO ENCUENTRO SE EVALUAN DIFERENTES PROFESIONALES Y ESPACIOS TERAPEUTICOS DONDE SERIA ADECUADO CONTINUAR CON SU ACOMPAÑAMIENTO\r\nPESE A ESTO MANIFIESTA QUERER SEGUIR CONTANDO CON EL ESPACIO\r\nETP QUEDA A LA ESPERA DE LA DEMANDA DE LA SEÑORA DE ACUERDO A SUS NECESIDADES ACTUALES',152,79,'2019-09-06 17:08:34',NULL,'2019-09-06 17:08:34',NULL),(92,'2018-06-25',NULL,'ETP SE COMUNICA CON LA SEÑORA GRAMAJO\r\nMANIFIESTA NO HABER LOGRADO ORGANIZAR SUS HORARIOS PARA PODER CONCURRIR A LAS ENTREVISTAS SOLICITADAS AL ETP\r\nSE ENCONTRARIA TRABAJANDO ESTUDIANDO Y REALIZANDO MULTIPLES ACTIVIDADES CON EL GRUPO DE MADRES QUE CONFORMAN JUSTICIA POR LOS 7',152,79,'2019-09-06 17:09:34',NULL,'2019-09-06 17:09:34',NULL),(93,'2018-11-29',NULL,'ETP SOSTIENE ENTREVISTA CON LA SEÑORA CRISTINA GRAMAJO QUIEN REFIERE ENCONTRARSE MUY ANGUSTIADA\r\nRELATO LO SUCEDIDO DURANTE ESTE TIEMPO EN EL QUE NO ESTUVO EN CONTACTO CON EL ETP CUENTA QUE SE REINTEGRO A SU TRABAJO EN EL HIGA LUEGO DE UNA LICENCIA DE UN AÑO REALIZANDO TRABAJO ADMINISTRATIVO EN EL AREA DE BACTERIOLOGIA Y CURSO EL PRIMER AÑO DE LA CARRERA DE TRABAJO SOCIAL\r\nEN ESTE MOMENTO SE ENCUENTRA JUBILADA Y TRATANDO DE ESTUDIAR PARA DAR LOS FINALES DE LAS MATERIAS QUE CURSO\r\nESTA MUY ANGUSTIADA Y DESORDENADA EN TODOS LOS TEMAS QUE TIENEN QUE VER CON SU SALUD HACE VARIOS MESES QUE NO VA A LA CONSULTA CON LA PSIQUIATRA PAULA ILLA Y COMO CONSECUENCIA NO ESTA TOMANDO LA MEDICACION INDICADA DESDE EL MISMO TIEMPO\r\nNO ESTA HACIENDO LA DIETA INDICADA NI LOS CONTROLES CORRESPONDIENTES AL POST OPERATORIO DE LA OPERACION BARIATRICA REALIZADA CON ANTERIORIDAD A LA MUERTE DE SU HIJO\r\nNO HABRIA COMENZADO NINGUN TRATAMIENTO PSICOLOGICO DURANTE ESTE TIEMPO Y REFIERE QUE ES EN ESTE MOMENTO CUANDO CREE QUE ESTA DADOSE CUENTA DE LA AUSENCIA DE SU HIJO\r\nLE ESTA COSTANDO MUCHO SOSTENER LAS RELACIONES INTERPERSONALES DICE TENER POCA TOLERANCIA Y RELATA SUCESOS Y DISCREPANCIAS OCURRIDOS EN EL GRUPO JUSTICIA POR LOS 7\r\nCUESTIONA LOS LUGARES DE LIDERAZGO DENTRO DEL GRUPO Y ESTO LE OCASIONA MOMENTOS DE FURIA QUE HACEN QUE SE RETIRE DEL GRUPO Y VUELVA UN TIEMPO DESPUES\r\nSE SIENTE MUY AFECTADA POR LAS MUERTES OCURRIDAS EN LA COMISARIA DE ESTEBAN ECHEVERRIA YA QUE ESTA EN CONTACTO PERMANENTE CON LOS FAMILIARES',152,79,'2019-09-06 17:14:33',NULL,'2019-09-06 17:14:33',NULL),(94,'2018-12-05',NULL,'CRISTINA GRAMAJO SE ENCUENTRA CADA VEZ MAS ANGUSTIADA RELATA ESTAR AHORA SINTIENDO CON MAYOR INTENSIDAD LA AUSENCIA DE SU HIJO\r\nSIGUE SIN SENTIRSE COMODA CON EL GRUPO DE MADRES DE JUSTICIA POR LOS 7 YA QUE SE ESTAN COMENZANDO A NOTAR CADA VEZ MAS LAS DIFERENCIAS DE CRITERIO EN EL MOMENTO DE RECLAMAR POR SUS HIJOS EL ROL QUE ELLA OCUPABA DENTRO DEL GRUPO COMENZO A CAMBIAR EN EL MOMENTO EN QUE SE REINCORPORO A SU TRABAJO Y QUE COMENZO A ESTUDIAR REFIERE QUE SILVIA ROSSITO MAMA DE FERNANDO LATORRE SERIA QUIEN ESTARIA OCUPANDO EL LUGAR DE LIDERAZGO EN ESTE MOMENTO Y ESTO LA ENOJA MUCHO PORQUE ELLA SOSTIENE QUE TODAS LAS MADRES SON IGUALES EN EL MOMENTO DE DECIDIR \r\nCUENTA QUE LA RELACION DE PAREJA QUE ESTABA SOSTENIENDO HACE UNOS MESES NO SIGUE ADELANTE PORQUE NO ES UNA RELACION ACEPTADA POR SUS HIJOS EN ESTE MOMENTO SE VINCULAN SOLO COMO AMIGOS ESTA SITUACION TAMPOCO AYUDA PARA QUE ELLA SE SIENTA CONTENIDA \r\nA PESAR DE TODO LO ANTERIOR SE ENCUENTRA PREPARANDO LOS EXAMENES DE LAS MATERIAS CURSADAS\r\nCOMENZO A TOMAR NUEVAMENTE LA MEDICACION SEGUN EL ESQUEMA QUE SU PSIQUIATRA LE HABIA INDICADO EN OTRAS OCASIONES SIGUE SIN REALIZAR UNA CONSULTA CON LA PSIQUIATRA PAULA ILLA\r\nSE CONVERSA SOBRE LOS AVANCES DE LA CAUSA PENAL EN EL MES DE MARZO 2019 SE DESARROLLARA EL DEBATE ORAL AUN NO ESTA EXACTAMENTE DETERMINADA LA FECHA EN CUANTO AL ESTADO DE LOS PATROCINIOS JURIDICOS CRISTINA NOS CUENTA QUE LA FAMILIA PERROTA CUENTA CON EL DEL DOCTOR LLANDEROSOS R LA FAMILIA LATORRE CON EL DOCTOR BRAJER M LA FAMILIA CORDOBA CON EL DOCTOR ALVAREZ EL RESTO DE LOS FAMILIARES FAMILIA LA TORRE FILIBERTO PIZARRO Y CLAROS CUENTA CON EL PATROCINIO DE LA COMISION PROVINCIAL DE LA MEMORIA EN CABEZA DE LA DOCTORA MARGARITA HARPER',152,79,'2019-09-06 17:19:47',NULL,'2019-09-06 17:19:47',NULL),(95,'2018-12-18',NULL,'ETP SOSTIENE ENTREVISTA CON CRISTINA GRAMAJO QUIEN SE ENCUENTRA MUY ANGUSTIADA MIENTRAS ESTA EN LA SALA DE ESPERA COMIENZA A SENTIR LOS SINTOMAS PROPIOS DE UN ATAQUE DE PANICO TOMA UN CLONAZEPAN SUBLINGUAL Y LOGRA SOBREPONERSE A LA SITUACION PERO SE LA NOTA MUY AFECTADA SE PRESENTA CON UNA BOLSITA CON FOTOS Y CARTAS DE SUS TRES HIJOS REFIERE QUE RECIEN AHORA COMIENZA A SENTIR REALMENTE LA AUSENCIA DE SERGIO SE ENCUENTRA ALEJADA DEL GRUPO DE JUSTICIA POR LOS 7 Y ES ANDREA SU HIJA QUIEN SE ENCUENTRA ACOMPAÑANDO AL GRUPO\r\nDENTRO DE ESAS CARTAS HABIA UNA QUE ELLA LE HABIA ESCRITO A SU MAMA HACE ALGUNOS AÑOS Y ESTO ACTUA COMO DISPARADOR PARA QUE COMIENCE A HABLAR DE SU INFANCIA INFANCIA QUE FUE REALMENTE MUY DURA Y SOLITARIA',152,79,'2019-09-06 17:21:48',NULL,'2019-09-06 17:21:48',NULL),(96,'2018-12-27',NULL,'ETP SOSTIENE ENTREVISTA CON CRISTINA GRAMAJO RELATA HABER PASADO MUY MAL LA NOCHEBUENA A PESAR DE HABER ESTADO RODEADA DE GENTE MUY QUERIDA\r\nSIENTE QUE RECIEN AHORA EL VACIO DEJADO POR SU HIJO SE ESTA HACIENDO MUCHO MAS VISIBLE RESCATA QUE EN ESTOS DIAS PUDO ACERCARSE UN POCO MAS A SILVIA MAMA DE OTRO DE LOS CHICOS FALLECIDOS Y HABLAR SOBRE LO QUE LE PASABA CON ELLA\r\nCOMPARA CON ANGUSTIA COMO LA SOCIEDAD REACCIONA ANTE LA MUERTE DE SU HIJO Y LA MUERTE DE VITO UN JOVEN FALLECIDO EN UN ACCIDENTE DE TRANSITO DICE QUE A ELLAS EL RECONOCIMIENTO SIEMPRE LES CUESTA MUCHO MAS Y ESO LE PROVOCA MUCHA TRISTEZA',152,79,'2019-09-06 17:23:34',NULL,'2019-09-06 17:23:34',NULL),(97,'2019-01-04',NULL,'ETP SOSTIENE ENTREVISTA CON CRISTINA GRAMAJO ESTA MUY ANGUSTIADA LA ENTREVISTA TRANSCURRE CON ELLA LLORANDO TODO EL TIEMPO ESTA SINTIENDO CON MAYOR INTENSIDAD LA AUSENCIA DE SU HIJO\r\nEL MIERCOLES 02 01 SE REALIZO CON MOTIVO DEL ANIVERSARIO MENSUAL UN ENCUENTRO EN LUGAR DE LA MARCHA HABITUAL EN EL PARQUE ESPAÑA Y SI BIEN ELLA LO VIVIO COMO UNA INSTANCIA DE REENCUENTRO CUANDO SE FUE A SU CASA SE ANGUSTIO CADA VEZ MAS\r\nLA MAÑANA DEL 02 01 HABIA TENIDO CITA CON SU PSIQUIATRA LUEGO DE VARIOS MESES Y LE INDICO CONTINUAR CON LA MEDICACION COMO LA ESTABA TOMANDO Y LE AGREGO UN ANTIDEPRESIVO QUE TODAVIA AL DIA 04 01 NO ESTABA TOMANDO\r\nHACE REFERENCIA EN REITERADAS OCASIONES A COMO LE GUSTABA VERLA A SERGIO PERO SOSTIENE QUE LE CUESTA CADA VEZ MAS LOGRAR ESTAR BIEN',152,79,'2019-09-06 17:25:49',NULL,'2019-09-06 17:25:49',NULL),(98,'2019-01-09',NULL,'ETP SOSTIENE ENTREVISTA CON CRISTINA GRAMAJO QUIEN SE ENCUENTRA MAS TRANQUILA PERO SIGUE MUY ANGUSTIADA HABLA DE SU HIJO HACIENDO REFERENCIA A DIFERENTES EVENTOS QUE HACEN QUE ELLA Y LA FAMILIA LO SIGA TENIENDO MUY PRESENTE ATRIBUYENDOLE DIFERENTES SEÑALES DE SU ENERGIA ANTE DIFERENTES ENFERMEDADES Y ACCIDENTES\r\nCOMENZO A TOMAR LA MEDICACION PERO NO LO HACE CON LA RIGUROSIDAD QUE NECESITA\r\nLE CUESTA MUCHO MANTENER LA TOMA DE LA QUETIAPINA PORQUE LA TIENE QUE TOMAR A LA MAÑANA JUNTO CON OTRAS TRES PASTILLAS SE HABLA SOBRE LA MEJOR FORMA DE ORGANIZARSE PARA CUMPLIR CON EL ESQUEMA\r\nEN RELACION A COMO TRANSCURREN SUS DIAS SE PREGUNTA SI FUE UNA BUENA DECISION JUBILARSE Y SE HABLA SOBRE CONSEGUIR UN TRABAJO QUE LA OBLIGUE A PENSAR ESE TIEMPO EN OTRA COSA QUE NO SEA LA CAUSA\r\nES A PARTIR DE ALLI QUE SE EMPIEZA A PREGUNTAR EL PORQUE DE HABER ELEGIDO LA CARRERA DE TRABAJO SOCIAL SE PREGUNTA SI LA ELECCION TUVO QUE VER EXCLUSIVAMENTE CON ELLA\r\nRELATA QUE COMENZARON CON LOS PREPARATIVOS DE LA MARCHA DE LOS DOS AÑOS Y QUE ELLA FORMA PARTE DE LA COMISION DE DIFUSION',152,79,'2019-09-06 17:28:11',NULL,'2019-09-06 17:28:11',NULL),(99,'2019-01-15',NULL,'RECABAMOS LA SIGUIENTE INFORMACION 10 1 18 DESAFECTACION DE LOS IMPUTADOS DE LA FUERZA DE SEGURIDAD CAUSA IRREGULARIDADES FUNCIONALES GRAVES EN DEPENDENCIA REGISTRO BRINDADO POR EL MINISTERIO DE SEGURIDAD DE LA PROVINCIA',152,79,'2019-09-06 17:29:28',NULL,'2019-09-06 17:29:28',NULL),(100,'2019-05-29',NULL,'EL EQUIPO SE ENTREVISTA CON BERNARDITA EN SEDE DE FISCALIA EN LUJAN\r\nBERNARDITA ASISTE ACOMPAÑADA DE SU PADRE PERO AL MOMENTO DE LA ENTREVISTA EL MISMO PERMANECE FUERA DE LA OFICINA',184,71,'2019-09-06 17:31:12',NULL,'2019-09-06 17:31:12',NULL),(101,'2019-01-16',NULL,'ETP SOSTIENE ENTREVISTA CON LA SEÑORA CRISTINA GRAMAJO QUIEN REFIERE QUE CONTINUAN CON LOS PREPARATIVOS PARA EL DIA 2 DE MARZO QUE SE CUMPLE EL SEGUNDO ANIVERSARIO\r\nESTA MUY ABOCADA A LAS TAREAS QUE LE CORRESPONDEN Y ESTO HACE QUE SE ENCUENTRE UN POCO MEJOR DE ANIMO\r\nDE TODAS MANERAS SIGUE PREFIRIENDO ESTAR ACOSTADA Y EN SILENCIO ARGUMENTA QUE ESTO TENDRIA QUE VER CON ALGUN EFECTO COLATERAL DE LA MEDICACION NUEVA Y ES POR ESO QUE SE LE ACONSEJA COMUNICARSE CON SU PSIQUIATRA\r\nRELATA CON ENTUSIASMO QUE PLANIFICO IRSE UNOS DIAS A VILLA GESELL CON UNA AMIGA HABIA CONTRATADO EL VIAJE EN UNA AGENCIA PARA LOS PRIMEROS DIAS DE FEBRERO',152,79,'2019-09-06 17:31:14',NULL,'2019-09-06 17:31:14',NULL),(102,'2019-01-23',NULL,'LA SEÑORA CRISTINA GRAMAJO RELATA AL ETP QUE HABIA TENIDO UNA NUEVA CONSULTA CON SU PSIQUIATRA Y QUE YA ESTA MUCHO MEJOR PUDO ORDENAR EL TEMA DE LA MEDICACION Y SIENTE QUE REACCIONA DE OTRA MANERA ANTE LOS MOMENTOS DE ANGUSTIA ESTA PLANEANDO UN VIAJE A CABA PARA CONCURRIR A UNA MARCHA EN REPRESENTACION DEL GRUPO VISITAR A SU EX PAREJA OSCAR QUE SE ESTA YENDO POR DOS MESES A VIVIR A LA CIUDAD DE MALAGA Y HABLAR CON UNA DE SUS PRIMAS PARA COMENZAR A PENSAR EN UN EMPRENDIMIENTO EN RELACION A LA VENTA DE ROPA',152,79,'2019-09-06 17:32:50',NULL,'2019-09-06 17:32:50',NULL),(103,'2019-01-30',NULL,'LA SEÑORA CRISTINA GRAMAJO RELATA AL ETP QUE SU VIAJE FUE MUY TRANQUILO QUE SE SINTIO MUY BIEN Y QUE PUDO DISFRUTAR DE LA COMPAÑIA DE OSCAR  SIN ANGUSTIARSE POR SU FUTURA AUSENCIA REMARCA QUE SE HABITUALMENTE SE COMUNICAN DE CUATRO A CINCO VECES POR DIA SE LA VE MUCHO MEJOR PERO REAPARECE CON MUCHA FUERZA SU ANGUSTIA CADA VEZ QUE NOMBRA A SU HIJO',152,79,'2019-09-06 17:34:03',NULL,'2019-09-06 17:34:03',NULL),(104,'2019-02-05',NULL,'ETP SOSTIENE ENTREVISTA CON LA SEÑORA CRISTINA GRAMAJO DONDE SE TRABAJA SOBRE LA NECESIDAD DE NO ABANDONAR LA MEDICACION YA QUE DESDE QUE RETOMO EL TRATAMIENTO ESTARIA PUDIENDO SOSTENER PROYECTOS PERSONALES\r\nEN RELACION A ESTO RELATA QUE PUDO JUNTO A UNA AMIGA CONCRETAR EL VIAJE A VILLA GESELL DEL QUE HABIA ESTADO HABLANDO CON EL ETP EN ENCUENTROS ANTERIORES Y ESTARIA VIAJANDO EN EL DIA DE MAÑANA    \r\nSE SIENTE MUY ENTUSIASMADA CON LA IDEA Y DURANTE LOS ULTIMOS DIAS ESTUVO OCUPADA CON LA ORGANIZACION DEL VIAJE',152,79,'2019-09-06 17:35:52',NULL,'2019-09-06 17:35:52',NULL),(105,'2019-02-21',NULL,'EL ETP SOSTIENE ENTREVISTA CON LA SEÑORA CRISTINA GRAMAJO QUIEN A PESAR DEL DOLOR POR LA PROXIMIDAD DEL SEGUNDO ANIVERSARIO DE LA MUERTE DE SU HIJO REFIERE HABER PASADO UNOS DIAS MUY REPARADORES EN LA CIUDAD DE VILLA GESELL\r\nSE SINTIO MUY COMODA CON LA SEÑORA CON LA QUE VIAJO Y PUDO INTEGRARSE MUY BIEN CON TODO EL CONTINGENTE A PESAR DE HABER GENTE DE DIFERENTES EDADES\r\nEN ESTE MOMENTO ESTA NUEVAMENTE ABOCADA A LOS PREPARATIVOS DEL EVENTO YA QUE VAN A REALIZAR UNA PEQUEÑA CEREMONIA EN LA PUERTA DE LA ANTIGUA COMISARIA Y UN FESTIVAL EN UN IMPORTANTE PARQUE DE LA CIUDAD ELLA FORMA PARTE DE LA COMISION DE DIFUSION',152,79,'2019-09-06 17:37:15',NULL,'2019-09-06 17:37:15',NULL),(106,'2019-06-24',NULL,'PROCURACIÓN COMPLETA DE LA CAUSA       SE OBSERVA INTERVENCIONES DE CAV Y SE TOMA CONTACTO CON LA PROFESIONAL PARA COORDINAR ESTRATEGIAS      DESDE EL CAVAJ SE ASUME EL SEGUIMIENTO JURIDICO YA QUE LA SRA CUENTA CON CONTENCION PSICOLOGICA EN EL MUNICIPIO Y ASISTENCIA ALIMENTARIA Y HABITACIONAL',185,70,'2019-09-06 17:45:24',NULL,'2019-09-06 17:45:24',NULL),(107,'2019-02-26',NULL,'EL CASO LLEGA DERIVADO DEL CPV CENTRAL  DESDE DONDE INFORMAN QUE HAN ESTABLECIDO COMUNICACION CON ADRIANA PEDROZO QUE SI BIEN EN UN MOMENTO MANIFIESTA NO QUERER RECIBIR CONTENCION DEL ETP EN UNA SEGUNDA INSTANCIA REFIERE QUE SI   ADRIANA PONE EN CONOCIMIENTO QUE CELESTE COMENZARA TRATAMIENTO PSICOLOGICO   ESE MISMO DIA EL EQUIPO SE PONE EN CONTACTO CON UFI 9 A FIN DE SOLICITAR UN ESPACIO PARA PODER RECIBIR A LA FAMILIA DE LA NIÑA',190,69,'2019-09-06 17:45:36',NULL,'2019-09-06 17:45:36',NULL),(108,'2019-06-21',NULL,'EL EQUIPO SE COMUNICO CON BERNARDITA TELEFONICAMENTE PARA REALIZAR EL SIGUIMIENTO DEL CASO',184,71,'2019-09-06 17:45:53',NULL,'2019-09-06 17:45:53',NULL),(109,'2019-03-12',NULL,'ETP SOSTIENE ENTREVISTA TELEFONICA CON LA SEÑORA CRISTINA GRAMAJO QUIEN RELATA QUE ESTUVO VARIOS DIAS CON MUCHA ANGUSTIA A RAIZ DEL SEGUNDO ANIVERSARIO DE LA MUERTE DE SU HIJO PERO QUE AHORA SE ENCUENTRA MEJOR PREPARANDO UN EXAMEN PENDIENTE DE PRIMER AÑO DE LA CARRERA DE TRABAJO SOCIAL YA QUE RINDE ESTA TARDE\r\nAGRADECE EL APOYO DEL EQUIPO EN ESTE MOMENTO TAN DIFICIL Y SE COORDINA ENCUENTRO PARA LA PROXIMA SEMANA QUE VA A ESTAR MAS DESOCUPADA',152,79,'2019-09-06 17:46:12',NULL,'2019-09-06 17:46:12',NULL),(111,'2019-03-29',NULL,'ETP SOSTIENE ENTREVISTA CON LA SEÑORA CRISTINA GRAMAJO QUIEN SE ENCUENTRA MUY MOVILIZADA POR LA PROXIMIDAD DEL JUICIO\r\nCUENTA QUE REALIZO LA CONSULTA CORRESPONDIENTE CON LA PSIQUIATRA DOCTORA PAULA ILLA Y QUE LE RECOMENDO NO SUSPENDER LA TOMA DE NINGUNA DE LAS MEDICACIONES RECETADAS ELLA LAS MODIFICABA SEGÚN LAS NECESIDADES DEL DIA\r\nEL DIA 20 DE ABRIL SE REALIZA EN LA BIBLIOTECA MENENDEZ LA PRESENTACIÓN DEL LIBRO NO FUE UN MOTIN CRONICA DE LA MASACRE DE PERGAMINO CUYO AUTOR ES LEANDRO ALBANI Y ESTO TAMBIEN TRAJO AL GRUPO SE JUSTICIA POR LOS 7 DIFERENTES PLANTEOS QUE TUVIERON QUE SER RESUELTOS \r\nSE SIENTE MUY MOVILIZADA POR LAS DIFERENCIAS QUE VAN SURGIENDO ENTRE LOS FAMILIARES EN RELACION A CUAL ERA EL MOTIVO QUE RELACIONABA A LOS CHICOS DENTRO DE LA COMISARIA PERO NO DEJA DE SOSTENER QUE LA DROGA SERIA PARA ELLA EL MOTIVO MAS IMPORTANTE QUE HIZO QUE ESTUVIERAN TODOS ALLI\r\nSE ENCUENTRA PASANDO UN MOMENTO DIFICIL CON SU MAMA Y EL MARIDO DE ELLA YA QUE ESTE HABRIA NUEVAMENTE TENIDO UNA RECAIDA EN SU ADICCION AL JUEGO CON LAS DEUDAS QUE ESTO CONLLEVA',152,79,'2019-09-06 17:49:26',NULL,'2019-09-06 17:49:26',NULL),(112,'2019-02-28',NULL,'EL ETP SE COMUNICA DE MANERA TELEFONICA CON ROBERTO DALMIRE PAREJA DE LA SEÑORA PEDROZO Y SE ACUERDA ENTREVISTA PARA EL 12 DE MARZO DEL 2019 EN LUJAN',190,69,'2019-09-06 17:51:43',NULL,'2019-09-06 17:51:43',NULL),(113,'2019-06-26',NULL,'EL EQUIPO SE COMUNICA CON LA DRA SILVANA BOO QUE ES QUIEN INSTRUYE LA CAUSA\r\nNOS INFORMA QUE CITARON A UNA AMIGA DE BERNARDITA PARA EL DIA 28 DE JUNIO Y NOS SOLICITA INFORME DE INTERVENCION',184,71,'2019-09-06 17:52:08',NULL,'2019-09-06 17:52:08',NULL),(114,'2019-06-26',NULL,'ENTREVISTA TELEFONICA CON SILVIA HERRERA  NOS CUENTA QUE ESTA VIVIENDO ANA EN SU CASA CON SU HIJA MENOR  QUE LA SITUACION DE VIOLENCIA ES DE LARGA DATA  Y QUE ANA ES INCONSTANTE CON SUS DECISIONES CON RESPECTO A SU AGRESOR',185,70,'2019-09-06 17:52:23',NULL,'2019-09-06 17:52:23',NULL),(115,'2017-01-26',NULL,'EL CAVAJ SE ENCUENTRA ASISTIENDO A LA SEÑORA NORMA BLANCO ABUELA DE LOS NIÑOS\r\n26-01-17 ETP SOSTIENE CONTACTO TELEFNICO CON EL TIO DE LA VICTIMA GASTON BLANCO HERMANO DE LA MADRE',163,80,'2019-09-06 17:52:34',NULL,'2019-09-06 17:52:34',NULL),(116,'2019-07-03',NULL,'PROCURACION DE LA CAUSA EN DONDE SE TOMA CONOCIMIENTO DE LAS DECLARACIONES DE LA AMIGA DE BERNARDITA Y DEL PADRE DE LA VICTIMA',184,71,'2019-09-06 17:53:11',NULL,'2019-09-06 17:53:11',NULL),(117,'2019-07-03',NULL,'SE PRESENTA INFORME DE INTERVENCION EN LA CAUSA',184,71,'2019-09-06 17:53:40',NULL,'2019-09-06 17:53:40',NULL),(118,'2017-01-31',NULL,'31-01-17 ETP REALIZA  VISITA AL DOMICILIO DE LA SEÑORA BLANCO\r\n31-01-17 SE ARTICULA CON DEFENSORIA OFICIAL CIVIL A CARGO DEL DOCTOR MAXIMO FERNANDEZ CON QUIEN SE INICIA TRAMITE DE GUARDA TENENCIA DE SUS NIETOS\r\n31-01-17 POR LA TARDE EL ETP REALIZA UNA NUEVA VISITA AL DOMICILIO DE LA VÍCTIMA A FIN DE ENTREVISTARSE EN PRIVADO CON LA SEÑORA  YA QUE EXISTIRIA LA POSIBILIDAD DE QUE LOS NIETOS MAYORES TUVIERAN UN CONSUMO PROBLEMÁTICO DE SUSTANCIAS',163,80,'2019-09-06 17:53:58',NULL,'2019-09-06 17:53:58',NULL),(119,'2019-03-12',NULL,'SE LLEVA A CABO LA ENTREVISTA PAUTADA A LA QUE ASISTEN LOS PADRES DE LA MENOR REFIEREN QUE EL 30 DE MAYO SE REALIZARA LA PERICIA PSICOLOGICA EN EL CTA    INFORMAN QUE SOLO TUVIERON UNA REUNION CON EL SERVICIO LOCAL DE LUJAN Y QUE NO HABIAN VUELTO A CITARLOS   CELESTE HA COMENZADO CON EL TRATAMIENTO PSICOLOGICO PARTICULAR    REFIEREN QUE LA ESPOSA DEL IMPUTADO ES PROFESORA DE CELESTE Y QUIEREN QUE NO CONVIVAN EN EL AULA',190,69,'2019-09-06 17:54:38',NULL,'2019-09-06 17:54:38',NULL),(120,'2019-07-29',NULL,'PROCURACION DE LA CAUSA EN POR LA CUAL TOMAMOS CONOCIMIENTO QUE EL DIA 24 DE OCTUBRE ESTA CITADA BERNARDITA PARA PERICIA PSICOLOGICA',184,71,'2019-09-06 17:55:18',NULL,'2019-09-06 17:55:18',NULL),(121,'2019-08-27',NULL,'PROCURACION DE LA CAUSA',184,71,'2019-09-06 17:55:52',NULL,'2019-09-06 17:55:52',NULL),(122,'2017-02-02',NULL,'02-02-17  ETP ARTICULA CON ORGANISMO CENTRO DE DIA PADRE GALLI POR PROBLEMAS DE ADICCIONES DE LOS DOS HIJOS MAYORES DE LA VÍCTIMA\r\n02 02 17 ETP SE REUNE CON REFERENTES DEL CAJ\r\n03 02 17  ETP  INFORMA  AL SERVICIO LOCAL EL CUADRO DE SITUACION DE LOS MENORES\r\n03 02 17 ABOGADA COORDINA REUNIÓN CON FISCALÍA NUMERO 1 DOCTOR LAZARTE PARA DÍA MIERCOLES 08 02 17 DONDE ASISTIRA UN EQUIPO DE PROFESIONALES DEL CPV LA PLATA',163,80,'2019-09-06 17:56:03',NULL,'2019-09-06 17:56:03',NULL),(123,'2019-04-09',NULL,'SE SOSTIENE ENTREVISTA CON CRISTINA GRAMAJO QUIEN RELATA QUE COMENZO A CURSAR EL SEGUNDO AÑO DE LA CARRERA Y ESO HIZO QUE TUVIERA QUE EMPEZAR A ORGANIZAR LA TOMA DE LA MEDICACION DE OTRA MANERA \r\nLA PUBLICACION Y VENTA DEL LIBRO HABRIA GENERADO DIFERENCIAS DENTRO DE LAS MADRES Y ESTO SE VIO REFLEJADO EN LA FORMA DE MANEJARSE DENTRO DE LOS DIFERENTES GRUPOS QUE INTEGRAN\r\nINFORMA QUE EL DIA 23 Y 26 DE ABRIL SE ESTARIA REALIZANDO UNA NUEVA AUDIENCIA Y QUE LA REALIZACION DEL JUICIO SE HABRIA APLAZADO PARA EL MES DE AGOSTO O SEPTIEMBRE',152,79,'2019-09-06 17:58:11',NULL,'2019-09-06 17:58:11',NULL),(124,'2019-06-28',NULL,'ENTREVISTA PERSONALCON ANA ROSA ZABALA   ASISTE CON SU HIJA DE TRES AÑOS QUE NO ESTABA ASISTIENDO AL JARDIN PORQUE EL PADRE NO LA DEJABA LLEVARLA      SE LE SUGIERE LA PRONTA INCORPORACIÓN DE LA NIÑA AL SISTEMA EDUCATIVO Y NOS CUENTA QUE YA ENCONTRÓ VACANTE Y COMENZARA EL 1 DE JULIO    EL SERVICIO LOCAL COLABORO EN ESTA GESTION       REFIERE ESTAR CANSADA DE LA MANIPULACION DE ZULETA YA QUE SIEMPRE LA AMENAZA CON SACARLE LA NENA      DESDE EL MUNICIPIO LE PROVEEN DE ALIMENTOS Y LOS MATERIALES PARA QUE PUEDA CONSTRUIRSE UNA PIEZA PARA ELLA Y SU HIJA',185,70,'2019-09-06 17:58:46',NULL,'2019-09-06 17:58:46',NULL),(125,'2019-04-16',NULL,'SE HACE PRESENTE EN SEDE DEL CAVAJ LA SEÑORA CRISTINA GRAMAJO NOS CUENTA QUE EL 23 Y EL 26 DE ABRIL A PARTIR DE LAS 9 HORAS SE REALIZARA AUDIENCIA POR PEDIDO DE LA DEFENSA DEL IMPUTADO EN DICHA OPORTUNIDAD SE TRATARA LA UNIFICACION DE LAS CAUSAS QUE INVOLUCRAN AL EX COMISARIO DONZA ASIMISMO LA REQUIRENTE ESTIMA QUE LA FECHA DEL DEBATE SERA EN EL MES DE AGOSTO O SEPTIEMBRE 2019',152,79,'2019-09-06 17:59:26',NULL,'2019-09-06 17:59:26',NULL),(126,'2019-07-01',NULL,'SE INFORMA A UFI 5 LAS INTERVENCIONES REALIZADAS Y EL COMPROMISO DE SEGUIMIENTO',185,70,'2019-09-06 17:59:35',NULL,'2019-09-06 17:59:35',NULL),(127,'2019-07-29',NULL,'COMUNICACION TELEFONICA CON ANA ROSA PARA SEGUIMIENTO     HA VUELTO A VIVIR AL TERRENO DE SU EX PAREJA       DESDE EL MUNICIPIO LE OFRECIERON INTERCEDER EN EL ACUERDO CON ZULET PARA QUE LE CEA LA PORCIÓN DE TIERRA    EL ACCEDE PERO AUN NO SE CONCRETO EL ACUERDO     DEJARON DE DARLE PARTE DE LOS ALIMENTOS PROVEIDOS POR EL MUNICIPIO POR LO QUE SE LE DIJO QUE SE IBA A AVERIGUAR QUE PASO PARA PODER RESTITUIR EL BENEFICIO',185,70,'2019-09-06 18:05:18',NULL,'2019-09-06 18:05:18',NULL),(128,'2019-04-23',NULL,'SE REALIZA EL ACOMPAÑAMIENTO A LA SEÑORA CRISTINA GRAMAJO A LA AUDIENCIA DEL DIA DE LA FECHA EN EL MARCO DE LO ESTABLECIDO POR EL ARTICULO 338 CPPBA CAUSA 882 19  IPP 1669 17 1  AUDIENCIA CELEBRADA EN RELACION AL IMPUTADO ALBERTO SEBASTIAN DONZA\r\nMPF RATIFICA LA PRUEBA YA OFRECIDA\r\nABOGADOS DE LOS PARTICULARES DAMNIFICADOS\r\nLA DOCTORA MARGARITA HARPER RATIFICA EL OFRECIMIENTO PROBATORIO Y SU ADHESION A LA PRUEBA FISCAL ASIMISMO SOLICITA LA INCORPORACION DE UN INFORME DE DAÑO PSICOLOGICO DE LOS SOBREVIVIENTES Y FAMILIARES DE LAS VICTIMA EL MISMO SERA REALIZADO POR LA DOCTORA SILVINA CATERA DEL MPF COMO INSTRUCCION SUPLEMENTARIA LA LETRADA SOLICITA LA REALIZACION DE UNA MAQUETA DEL LUGAR DE LOS HECHOS COMO ASI TAMBIEN QUE LA DOCTORA VIRGINIA KREMER REALICE UN INFORME DEL INFORME DE LAS AUTOPSIAS\r\nDOCTOR BRAJER RATIFICA EL OFRECIMIENTO PROBATORIO\r\nDOCTOR LLANDE ROSOS RATIFICA EL OFRECIMIENTO PROBATORIO\r\nDOCTOR GIAME RATIFICA EL OFRECIMIENTO PROBATORIO\r\nABOGADO DEFENSOR DEL IMPUTADO  DOCTOR TORRENS ACEPTA LO SOLICITADO POR LAS PARTES\r\nEN CUANTO A LA VALIDEZ CONSTITUCIONAL DE LA IPP NO SE PLANTEA NINGUNA NULIDAD\r\nNO SE INTERPONE EXCEPCIONES\r\nRESPECTO A LA SEPARACION DE JUICIOS TANTO EL MPF COMO LOS PARTICULARES DAMNIFICADOS SOLICITAN LA UNION DE LOS PROCESOS IPP 1669 17 1669 17 17 CAUSA DEL CO IMPUTADO DONZA\r\nLA DEFENSA COINCIDE CON LA UNIDAD PROCESAL AUNQUE DISCUTE LA CALIDAD DE PROFUGO DE DONZA\r\nRESPECTO A LA DURACION DEL DEBATE SE ACUERDA QUE EL MISMO SE EXTIENDA 3 JORNADAS CONSECUTIVAS POR CADA SEMANA ESTIMANDOSE UNA DURACION DE 15 O 20 AUDIENCIAS SE REALIZARA UN NUEVO ENCUENTRO PARA DEPURAR TESTIGOS Y RESOLVER TEMAS ORGANIZATIVOS PREVIOS AL DEBATE\r\nEN CUANTO AL LUGAR DE REALIZACION SE PLANTEA LA POSIBILIDAD DE REALIZAR EL JUICIO EN UN LUGAR MUNICIPAL MAS AMPLIO OPCION HCD',152,79,'2019-09-06 18:06:21',NULL,'2019-09-06 18:06:21',NULL),(129,'2019-08-05',NULL,'ARTICULACION CON CASA DE LA MUJER PARA COORDINAR GESTIONES DE RESTITUCION DE BENEFICIO DE ALIMENTOS',185,70,'2019-09-06 18:08:42',NULL,'2019-09-06 18:08:42',NULL),(130,'2019-05-07',NULL,'SE REALIZA EL ACOMPAÑAMIENTO A LA SEÑORA CRISTINA GRAMAJO A LA AUDIENCIA DEL DIA DE LA FECHA EN EL MARCO DE LO ESTABLECIDO POR EL ARTICULO 338 CPPBA CAUSA 882 19  IPP 1669 17 1  AUDIENCIA CELEBRADA EN RELACION A LOS IMPUTADOS BRIAN CARRIZO CAROLINA GUEVARA SERGIO RODAS MATIAS GIULIETTI EVA LUNA ALEXIS\r\nMPF RATIFICA LA PRUEBA YA OFRECIDA\r\nABOGADOS DE LOS PARTICULARES DAMNIFICADOS\r\nLA DOCTORA MARGARITA HARPER RATIFICA EL OFRECIMIENTO PROBATORIO Y SU ADHESION A LA PRUEBA FISCAL ASIMISMO SOLICITA LA INCORPORACION DE UN INFORME DE DAÑO PSICOLOGICO DE LOS SOBREVIVIENTES Y FAMILIARES DE LAS VICTIMAS EL MISMO SERA REALIZADO POR LA DOCTORA SILVINA CATERA DEL MPF COMO INSTRUCCION SUPLEMENTARIA LA LETRADA SOLICITA LA REALIZACION DE UNA MAQUETA DEL LUGAR DE LOS HECHOS COMO ASI TAMBIEN QUE LA DOCTORA VIRGINIA CREMER REALICE UN INFORME DEL INFORME DE LAS AUTOPSIAS\r\nDOCTOR BRAJER RATIFICA EL OFRECIMIENTO PROBATORIO\r\nDOCTOR LLANDE ROSOS RATIFICA EL OFRECIMIENTO PROBATORIO\r\nDOCTOR GIAME RATIFICA EL OFRECIMIENTO PROBATORIO\r\nABOGADO DEFENSOR DE LOS IMPUTADOS  ACEPTA LO SOLICITADO POR LAS PARTES\r\nEN CUANTO A LA VALIDEZ CONSTITUCIONAL DE LA IPP NO SE PLANTEA NINGUNA NULIDAD\r\nNO SE INTERPONE EXCEPCIONES\r\nRESPECTO A LA DURACION DEL DEBATE SE ACUERDA QUE EL MISMO SE EXTIENDA 3 JORNADAS\r\nCONSECUTIVAS POR CADA SEMANA ESTIMANDOSE UNA DURACION DE 15 O 20 AUDIENCIAS\r\nSE REALIZARA UN NUEVO ENCUENTRO PARA DEPURAR TESTIGOS Y RESOLVER TEMAS ORGANIZATIVOS PREVIOS AL DEBATE\r\nEN CUANTO AL LUGAR DE REALIZACION SE PLANTEA LA POSIBILIDAD DE REALIZAR EL JUICIO\r\nEN UN LUGAR MUNICIPAL MAS AMPLIO OPCION HCD\r\nRESPECTO A ESTE PUNTO EL ABOGADO DEFENSOR DE LOS IMPUTADOS SE NIEGA A QUE SE CELEBRE EL DEBATE FUERA DE LAS SALAS ESTIPULADAS DE SER NECESARIO NO SE OPONE A QUE SE REALICE EN OTRO DEPARTAMENTO JUDICIAL CON SALAS DE MAYOR CAPACIDAD PARA EL PUBLICO',152,79,'2019-09-06 18:11:42',NULL,'2019-09-06 18:11:42',NULL),(132,'2019-05-09',NULL,'SE SOSTIENE ENTREVISTA CON LA SEÑORA CRISTINA GRAMAJO QUIEN HACE HINCAPIE EN LAS DIFERENCIAS QUE SE ESTAN PRESENTANDO DENTRO DEL GRUPO ANTE DETERMINADAS SITUACIONES DONDE SE HABRIA ACORDADO SEGUIR UNA MANERA DE ACTUAR COMO POR EJEMPLO EL DIA DE LA AUDIENCIA MUCHAS DE LAS MADRES TUVIERON REACCIONES DIFERENTES A LAS PAUTADAS Y ESO LE INCOMODA MUCHO NO ESTA DE ACUERDO CON LAS REACCION AGRESIVAS QUE TUVIERON ANTE EL ARGUMENTO PROVOCATIVO DE UNO DE LOS ABOGADOS DEL IMPUTADO',152,79,'2019-09-06 18:13:01',NULL,'2019-09-06 18:13:01',NULL),(133,'2017-02-27',NULL,'ETP ASISTE CON EL EQUIPO DEL CPV LA PLATA Y JUNTO A NUESTRA DIRECTORA A LA CITA PREVIAMENTE FIJADA EN LA UFI NUMERO 1 A CARGO DEL SR AGENTE FISCAL DR HORACIO LAZARTE INTERVINIENTE EN LA CAUSA DEL HOMICIDIO',163,80,'2019-09-06 18:13:57',NULL,'2019-09-06 18:13:57',NULL),(134,'2019-05-15',NULL,'ETP SOSTIENE ENTREVISTA CON LA SEÑORA CRISTINA GRAMAJO QUIEN INFORMA LA FECHA DE REALIZACION DEL JUICIO\r\nEL JUICIO SE VA A DESARROLLAR ENTRE EL 02 09 Y EL 07 10 DE LUNES A MIERCOLES A PARTIR DE LAS 10 \r\nREFIERE HABER TENIDO UN ATAQUE DE PANICO MOMENTOS ANTES DE ENTERARSE DE LA NOTICIA',152,79,'2019-09-06 18:14:04',NULL,'2019-09-06 18:14:04',NULL),(135,'2017-02-14',NULL,'ETP REALIZA UNA VISITA AL DOMICILIO DE NORMA BLANCO 15 02 17 ETP SOSTIENE COMUNICACION TELEFONICA CON LA DOCTORA CINFUENTES MARIANGELES DE DEFENSORIA CON EL OBJETIVO DE PEDIR LA GUARDA DE LOS NIETOS DE LA SEÑORA',163,80,'2019-09-06 18:14:41',NULL,'2019-09-06 18:14:41',NULL),(137,'2019-05-20',NULL,'ETP SOSTIENE REUNION CON TRABAJADORA SOCIAL NATALIA ROCCHETTI DIRECTORA DE SALUD MENTAL DE LA COMISION POR LA MEMORIA CON EL OBJETIVO DE COORDINAR ACCIONES CONJUNTAS EN RELACION AL ACOMPAÑAMIENTO DE LOS FAMILIARES DE LAS VICTIMAS Y SOBREVIVIENTES DEL INCENDIO DE LA COMISARIA PRIMERA',152,79,'2019-09-06 18:15:40',NULL,'2019-09-06 18:15:40',NULL),(138,'2017-02-23',NULL,'ETP SE ENTREVISTA CON CRISTIAN ROMA CON EL FIN DE LOGRAR LA GESTION DEL COBRO DE LAS ASIGNACIONES UNIVERSALES POR HIJO',163,80,'2019-09-06 18:16:51',NULL,'2019-09-06 18:16:51',NULL),(139,'2019-05-21',NULL,'ETP SOSTIENE ENTREVISTA CON LA PICOLOGA TERESA ROSSET COORDINADORA DEL COLEGIO DE PSICOLOGOS CON EL OBJETIVO DE ARTICULAR LA POSIBLE DEMANDA DE   ATENCION DOMICILIARIA DE LOS  FAMILIARES DE LAS VICTIMAS Y SOBREVIVIENTES DEL INCENDIO DE LA COMISARIA PRIMERA',152,79,'2019-09-06 18:16:56',NULL,'2019-09-06 18:16:56',NULL),(140,'2017-02-23',NULL,'ETP ARTICULA CON REGISTRO CIVIL POR LA DOCUMENTACION PERTINENTE',163,80,'2019-09-06 18:17:25',NULL,'2019-09-06 18:17:25',NULL),(141,'2019-05-21',NULL,'ETP SOSTIENE ENTREVISTA CON LA DOCTORA MARIA MARTHA PERRETTA SECRETARIA DE SALUD DONDE SE COORDINA ACCIONES A SEGUIR EN RELACION AL ACOMPAÑAMIENTO DE LOS FAMILIARES DE LAS VICTIMAS Y SOBREVIVIENTES DEL INCENDIO DE LA COMISARIA PRIMERA',152,79,'2019-09-06 18:17:53',NULL,'2019-09-06 18:17:53',NULL),(142,'2017-03-06',NULL,'NORNA BLANCO COMIENZA TRATAMIENTO PSICOLOGICO CON LA LICENCIADA MENENDEZ PERTENECIENTE AL PLANTEL DE PROFESIONALES DEL SINDICATO DE LA INDUSTRIA DEL VESTIDO SUTIV YA QUE LA MISMA ES EMPLEADA TEXTIL',163,80,'2019-09-06 18:18:03',NULL,'2019-09-06 18:18:03',NULL),(143,'2017-03-14',NULL,'ETP CAVAJ SE REUNE CON EQUIPO TECNICO DEL JARDIN 902 A MODO DE PONER EN CONOCIMIENTO DEL MISMO EL CONTEXTO FAMILIAR ACTUAL DE LA NIÑA ZOE PODEVYL HIJA MENOR DE LA VICTIMA QUE INGRESA A DICHO ESTABLECIMIENTO',163,80,'2019-09-06 18:18:39',NULL,'2019-09-06 18:18:39',NULL),(144,'2017-03-14',NULL,'ETP SOSTIENE ENTREVISTA CON LA SEÑORA BLANCO EN SU DOMICILIO',163,80,'2019-09-06 18:19:05',NULL,'2019-09-06 18:19:05',NULL),(145,'2019-05-29',NULL,'ETP SOSTIENE ENTREVISTA CON LA SEÑORA CRISTINA GRAMAJO QUIEN RELATA LAS ULTIMAS REUNIONES Y ACTIVIDADES REALIZADAS POR EL GRUPO JUSTICIA POR LOS 7\r\nREFIERE QUE LAS FAMILIAS SE HABRIAN REUNIDO CON LA TRABAJADORA SOCIAL NATALIA ROCCHETTI DIRECTORA DE SALUD MENTAL DE LA COMISION POR LA MEMORIA DONDE LES HABRIA MANIFESTADO EL INTERES DE ACOMPAÑAR A LAS SIETE FAMILIAS\r\nCOMO DICHA ASISTENCIA SERA A TRAVES DE ESPACIOS LOCALES SU INQUIETUD TIENE QUE VER CON LA ASISTENCIA DEL CAVAJ HACIA DAIANA PERROTA HERMANA DE UNO DE LOS CHICOS FALLECIDOS\r\nCUENTA QUE TODO EL GRUPO ESTA MUY CONMOVIDO POR EL FALLECIMIENTO DE ALEJANDRO CABRERA BRITOS EN UN ACCIDENTE AUTOMOVILISTICO YA QUE ERA UNA  DE LAS PERSONAS QUE MAS LOS HABIA ACOMPAÑADO DESDE UN PRIMER MOMENTO',152,79,'2019-09-06 18:19:52',NULL,'2019-09-06 18:19:52',NULL),(146,'2017-04-25',NULL,'LA SEÑORA BLANCO SE PRESENTA ESPONTANEAMENTE EN EL CAVAJ Y ACUERDA CON ETP ASISTIR EL MIERCOLES 26 04 17 A DEFENSORIA CIVIL A LAS 8 HORAS OTRO DE LOS MOTIVOS DE SU VISITA SE RELACIONA CON EL CONSUMO DE SUSTANCIAS QUE REALIZAN DOS DE SUS NIETOS SI BIEN YA SE LA HA DERIVADO PARA TRATAMIENTO AMBULATORIO AL CENTRO PADRE GALLI SE LA ASESORA ACERCA DE LOS TRAMITES NECESARIOS PARA UNA INTERNACION Y SE ACUERDA SU PRESENCIA EN EL GRUPO DE FAMILIARES Y AMIGOS DE DICHA INSTITUCION',163,80,'2019-09-06 18:20:33',NULL,'2019-09-06 18:20:33',NULL),(147,'2019-06-05',NULL,'ETP SOSTIENE ENTREVISTA CON LA SEÑORA CRISTINA GRAMAJO QUIEN RELATA QUE EN EL DIA DE HOY TUVO UNA CONSULTA CON LA PSIQUIATRA PAULA ILLA QUIEN LE HABIA MODIFICADO EL ESQUEMA DE LA MEDICACION Y LE REMARCO QUE DEBE REALIZAR UNA CONSULTA MENSUAL YA QUE HABIAN PASADO TRES MESES DESDE LA ULTIMA CONSULTA\r\nRELATA QUE CONTINUA PARTICIPANDO ACTIVAMENTE EN LAS ACTIVIDADES PROGRAMADAS DESDE EL GRUPO JUSTICIA POR LOS 7',152,79,'2019-09-06 18:21:07',NULL,'2019-09-06 18:21:07',NULL),(148,'2017-05-03',NULL,'GESTION ANTE EL CENTRO DE REFERENCIA DEL MINISTERIO DE DESARROLLO SOCIAL DE LA NACION POR EL OTORGAMIENTO DE MOBILIARIO PARA LA VIVIENDA',163,80,'2019-09-06 18:21:12',NULL,'2019-09-06 18:21:12',NULL),(149,'2017-06-19',NULL,'SE REALIZA CONTACTO CON COOPERATIVA ELECTRICA LIMITADA DE PERGAMINO A FIN DE INCORPORAR A LA MADRE DE LA VICTIMA COMO BENEFICIARIA DE UN MEDIDOR SOCIAL',163,80,'2019-09-06 18:21:45',NULL,'2019-09-06 18:21:45',NULL),(150,'2017-06-19',NULL,'ETP SE ENTREVISTA CON EL FUNCIONARIO MUNICIPAL PABLO GARCIA CON QUIEN ACUERDA LA GESTION DE UN SUBSIDIO MUNICIPAL LOGRANDO EL RETRASO DE CORTE DE SUMINISTRO',163,80,'2019-09-06 18:22:13',NULL,'2019-09-06 18:22:13',NULL),(151,'2019-06-10',NULL,'ETP SOSTIENE ENTREVISTA CON CRISTINA GRAMAJO QUIEN RELATA QUE LE ESTA COSTANDO ACOSTUMBRARSE A LA NUEVA DOSIS DE LA MEDICACION\r\nREFIERE QUE LA PSIQUIATRA NOTO QUE ESTABA CON MUCHOS ALTIBAJOS Y CON ESTA NUEVA DOSIS APUNTA A QUE ENCUENTRE MAYOR ESTABILIDAD\r\nA PESAR DE ESTO NO DEJA DE CUMPLIR CON LOS COMPROMISOS ADQUIRIDOS POR EL GRUPO YA QUE MUCHAS VECES NADIE QUIERE HACERLO\r\nCUENTA QUE ESTE JUEVES ES LA PRESENTACION DEL LIBRO EN CABA Y VA A VIAJAR ELLA CON SU NUERA ROCIO COMO UNICAS REPRESENTANTES Y VUELVE A VIAJAR EL FIN DE SEMANA A LA CIUDAD DE LA PLATA\r\nSE TRABAJA SOBRE ESTO DADO QUE ESTA FALTA DE COMPROMISO LA ENOJA\r\nDICE SENTIRSE SOBREPASADA POR EL ESTUDIO Y POR LA CANTIDAD DE ACTIVIDADES QUEDANDOLE SIEMPRE MUCHAS COSAS PERSONALES POR HACER',152,79,'2019-09-06 18:22:27',NULL,'2019-09-06 18:22:27',NULL),(152,'2017-06-30',NULL,'ETP SOSTIENE ENTREVISTA TELEFONICA CON NORMA BLANCO PARA INFORMARLE QUE EN EL DIA DE LA FECHA SE LE REALIZARA LA PERICIA PSICOLOGICA AL IMPUTADO',163,80,'2019-09-06 18:22:39',NULL,'2019-09-06 18:22:39',NULL),(153,'2017-08-03',NULL,'SE ARTICULA CON LA TRABAJADORA SOCIAL DE LA FUNDACION CONIN PAULA RODRIGUEZ POR EL ACOMPAÑAMIENTO PARA NAIR CANESSA HIJA DE LA VICTIMA CON EL OBJETIVO DE LOGRAR EL AFIANZAMIENTO EN SU ROL DE MADRE ELEVACION DE LA CAUSA A JUICIO DICIEMBRE 2017 SE FIJA AUDIENCIA DE DEBATE ORAL 14 15 JULIO 2018 SE REALIZA EL SEGUIMIENTO Y PROCURACION DE LA CAUSA PENAL',163,80,'2019-09-06 18:23:40',NULL,'2019-09-06 18:23:40',NULL),(154,'2019-06-19',NULL,'ETP SOSTIENE ENTREVISTA CON CRISTINA GRAMAJO QUIEN RELATA QUE NO ESTA PUDIENDO LLEVAR ADELANTE TODAS LAS ACTIVIDADES QUE SE HABIA PROPUESTO SE ESTA PLANTEANDO LA POSIBILIDAD DE DEJAR LA CARRERA POR ESTE AÑO PORQUE VE QUE NO LLEGA A PREPARAR COMO ELLA QUIERE TODOS LOS TRABAJOS PRACTICOS Y EXAMENES\r\nEN EL DIA DE MAÑANA VA A CONCURRIR A LUJAN A UN ENCUENTRO NACIONAL DE MUJERES CON EL CENTRO BARRIAL 12 DE OCTUBRE CENTRO DONDE ESTA REALIZANDO LA PARTE PRACTICA DE SU CARRERA\r\nLE CUESTA MUCHO SOSTENER LA TOMA DE LA MEDICACION COMO SE LA INDICO SU PSIQUIATRA SE TRABAJA SOBRE LA IMPORTANCIA DE ESTO YA QUE EL NUEVO ESQUEMA SE LO INDICO PORQUE LA NOTABA CON MUCHOS ALTIBAJOS \r\nLA PROXIMIDAD EN LA FECHA DEL JUICIO LA TIENE MUY CONMOVIDA Y QUIERE TENER LEIDO TODO EL EXPEDIENTE ANTES DE QUE COMIENCE',152,79,'2019-09-06 18:24:07',NULL,'2019-09-06 18:24:07',NULL),(155,'2019-07-01',NULL,'ETP SOSTIENE ENTREVISTA CON CRISTINA GRAMAJO QUIEN SE ENCUENTRA MUY ANGUSTIADA NO ESTA PUDIENDO SOSTENER EL ESQUEMA DE LA MEDICACION DADO POR LA PSIQUIATRA  SE SUGIERE QUE TENGA UNA NUEVA CONSULTA DONDE PUEDA HABLAR ESPECIFICAMENTE DE ESTA DIFICULTAD\r\nCOMIENZA  A PREGUNTARSE SI HABRA SIDO BUENO DEJAR EL INSTITUTO EN ESTE MOMENTO SE TRABAJA SOBRE ESTO \r\nMANIFIESTA SENTIRSE MUY CONTENIDA POR SU EX PAREJA PONIENDO EN DUDA LA DECISION TOMADA',152,79,'2019-09-06 18:25:13',NULL,'2019-09-06 18:25:13',NULL),(156,'2019-07-18',NULL,'ETP SOSTIENE ENTREVISTA CON CRISTINA GRAMAJO DECIDIO NO CONTINUAR POR ESTE AÑO CON SUS ESTUDIOS TERCIARIOS\r\nESTA OCUPANDOSE DE LA DIFUSION DE LA PROXIMA MARCHA Y DE LA REALIZACION DEL JUICIO\r\nVIAJA EL DIA SABADO CON UNO DE LOS JOVENES QUE SIEMPRE LOS ACOMPAÑAN A LA CIUDAD DE LA PLATA A LA PRESENTACION DEL LIBRO EN LA CPM\r\nESTA MUY CANSADA Y MANIFIESTA QUE SIEMPRE SON UNA POCAS MADRES LAS QUE SE OCUPAN DE HACER TODO QUE MUCHAS DE LAS OTRAS MAMAS NO ESTAN DE ACUERDO CON ALGO Y SE VAN DE  LOS GRUPOS DE WHATSSAPP QUEJANDOSE DESPUES Y DICIENDO QUE NADIE LES INFORMA LAS COSAS\r\nSE TRABAJA SOBRE ESTO YA QUE LE PRODUCE MALESTAR Y NO SABE COMO RESOLVERLO',152,79,'2019-09-06 18:27:02',NULL,'2019-09-06 18:27:02',NULL),(157,'2019-07-25',NULL,'ETP SOSTIENE ENTREVISTA CON CRISTINA GRAMAJO QUIEN MANIFIESTA ESTAR MUY CANSADA YA QUE LE CUESTA MUCHO SOSTENER EL ESQUEMA DE MEDICACION DADO POR LA PSIQUIATRA\r\nTIENE TURNO CON ELLA EL  PROXIMO MIERCOLES 31 07\r\nCUENTA QUE NO TIENE INTERES EN REALIZAR NINGUNA ACTIVIDAD Y QUE SOLO TIENE GANAS DE ESTAR ACOSTADA NO TERMINA NINGUNA TAREA DE LAS QUE SE PROPONE DENTRO DEL HOGAR Y FUERA DE EL REALIZA SOLO LO QUE TIENE QUE VER CON LAS TAREAS DE JUSTICIA POR LOS 7',152,79,'2019-09-06 18:28:07',NULL,'2019-09-06 18:28:07',NULL),(158,'2019-08-08',NULL,'ETP SOSTIENE ENTREVISTA CON CRISTINA GRAMAJO ESTA MUY ANGUSTIADA AUNQUE LO INTENTA LE CUESTA MUCHO OCUPARSE DE SU SALUD SE SIENTE MUY EXIGIDA POR LAS ACTIVIDADES DEL GRUPO YA QUE ES UNA DE LAS POCAS MAMAS QUE ESTAN DISPUESTAS A PARTICIPAR EN TODOS LOS EVENTOS\r\nSE TRABAJA SOBRE ESTO Y SOBRE SU LUGAR DENTRO DEL GRUPO\r\nSIENTE CADA DIA MAS LA AUSENCIA DE SU HIJO',152,79,'2019-09-06 18:29:11',NULL,'2019-09-06 18:29:11',NULL),(159,'2019-08-15',NULL,'ETP SOSTIENE ENTREVISTA CON CRISTINA GRAMAJO ESTA MUY OCUPADA CON LA ORGANIZACION DEL JUICIO HABRIAN TRAMITADO CON LA SECRETARIA DEL INTENDENTE DE LA CIUDAD UN SUBSIDIO PARA ALQUILAR UNA CASA PARA LA MAMA Y LA HERMANA DE UNA DE LAS VICTIMAS QUE VIAJAN DESDE COLOMBIA POR EL TIEMPO QUE DURE EL JUICIO\r\nRELATA QUE HACE ALGUNOS DIAS VINIERON PROFESIONALES DE LA CPM A REALIZAR LAS PERICIAS PSICOLOGICAS A LOS FAMILIARES DE LAS VICTIMAS DE SU FAMILIA LE HICIERON PERICIAS A ANDREA A DIEGO Y A ELLA\r\nLA PROXIMA SEMANA VIAJA A CHILE PARA CONCURRIR AL SEGUNDO RECORRIDO POR LOS CENTROS DE DETENCION QUE EXISTIAN DURANTE LA ULTIMA DICTADURA MILITAR DE ESE PAIS EL AÑO PASADO SE REALIZO EN LA CIUDAD DE LA PLATA',152,79,'2019-09-06 18:30:59',NULL,'2019-09-06 18:30:59',NULL),(160,'2019-09-01',NULL,'SE MANTIENE COMUNICACION TELEFONICA CON CRISTINA MADRE DE SERGIO NOS COMENTA QUE SE ENCONTRABA BIEN PERO QUE LA ESTAN LLAMANDO DE DIFERENTES MEDIOS DE COMUNICACION Y ESO LA ESTA ALTERANDO UN POCO YA QUE AUN TIENE VARIOS ASUNTOS PENDIENTES POR HACER PREVIO AL JUICIO DE MAÑANA SE LE SUGIERE QUE SE ENCARGUE DE LO QUE A ELLA LE PAREZCA IMPORTANTE Y DE LO DEMAS NO SE PREOCUPE AGRADECE EL LLAMADO DEL ETP Y SE ACUERDA SEGUIR CHARLANDO EN EL JUZGADO EL DIA DE MAÑANA',152,79,'2019-09-06 18:32:09',NULL,'2019-09-06 18:32:09',NULL),(161,'2019-09-02',NULL,'SE MANTIENE ENTREVISTA PRESENCIAL EN LA PUERTA DEL TRIBUNAL CON CRISTINA GRAMAJO DIEGO FILIBERTO Y ANDREA FILIBERTO FAMILIARES DE SERGIO FILIBERTO SE LOS NOTA MAS RELAJADOS DIEGO NOS COMENTA QUE SU MADRE NO PUDO DORMIR MUCHO LA NOCHE ANTERIOR DEBIDO A LA ANSIEDAD QUE LE GENERABA EL INICIO DEL DEBATE',152,79,'2019-09-06 18:32:58',NULL,'2019-09-06 18:32:58',NULL),(162,'2018-01-15',NULL,'SE ARTICULA CON CENTRO DE DESARROLLO COMUNITARIO MUNICIPAL VILLA SAN JOS PARA LA INCLUSION SOCIAL DE LOS HIJOS MENORES POR MEDIO DEL SERVICIO RECREATIVO DE VERANO Y EL MISMO DIA EL ETP SE COMUNICA CON LA  DIRECCIÓN EDUCACIÓN PARA QUE AUTORICE QUE DICHA GESTIÓN SE LLEVE A CABO',163,80,'2019-09-06 18:43:26',NULL,'2019-09-06 18:43:26',NULL),(163,'2018-02-14',NULL,'ETP SOSTIENE ENTREVISTA EN SEDE CAVAJ  CON LA SEÑORA BLANCO',163,80,'2019-09-06 18:43:56',NULL,'2019-09-06 18:43:56',NULL),(164,'2018-02-15',NULL,'ABOGADA ACOMPAÑA A LA SEÑORA BLANCO A UNA REUNION EN LA FISCALIA',163,80,'2019-09-06 18:44:23',NULL,'2019-09-06 18:44:23',NULL),(165,'2018-02-28',NULL,'ABOGADA MANTIENE COMUNICACION CON DOCTOR PERTIERRA DE LA UFI NUMERO 1 SE LE INFORMA SOBRE LA POSIBILIDAD EXISTENTE DE CERRAR UN PROCEDIMIENTO ABREVIADO',163,80,'2019-09-06 18:44:49',NULL,'2019-09-06 18:44:49',NULL),(166,'2018-02-28',NULL,'ETP MANTIENE CONTACTO CON MARCELA DEMILTA DE DIRECCION DE EDUCACION POR LA INCLUSION ESCOLAR DE LOS NIETOS DE LA SEÑORA NORMA BLANCO MADRE DE VICTIMA DE HOMICIDIO',163,80,'2019-09-06 18:45:33',NULL,'2019-09-06 18:45:33',NULL),(167,'2019-06-28',NULL,'aaaa',212,104,'2019-09-06 18:46:17',NULL,'2019-09-06 18:46:17',NULL),(168,'2018-02-28',NULL,'ETP MANTIENE COMUNICACION TELEFONICA CON DOCTOR FEDERICO PERTIERRA DE LA UFI NUMERO 1 POR IPP 604 17 HOMICIDIO DE LORENA BLANCO CHARLAMOS SOBRE PLANTEO INFORMAL POR PARTE DE LA DEFENSA DE PROCEDIMIENTO ABREVIADO AUN NO HAY PEDIDO FORMAL PERO ENTIENDO QUE SUCEDERA DIJO QUE DE ACEPTAR LA PROPUESTA DEL DEFENSOR NO SERA EL MINIMO SI PUEDEN SER X EJEMPLO 12 AÑOS  SE COMPROMETE A COMUNICARSE TELEFONICAMENTE ANTES DE CERRAR EL PROCEDIMIENTO PARA QUE CAVAJ CONTENGA A LA MAMA DE LA VICTIMA',163,80,'2019-09-06 18:46:26',NULL,'2019-09-06 18:46:26',NULL),(169,'2018-05-24',NULL,'AL IR A UFI 1 POR PROCURACION NOTIFICAN AL ETP QUE EL 10 05 18 SE CERRO EL ABREVIADO POR 10 AÑOS NO CUMPLIERON CON SU COMPROMISO DE COMUNICARSE CON EL CAVAJ NO NOTIFICARON A LA VICTIMA',163,80,'2019-09-06 18:46:59',NULL,'2019-09-06 18:46:59',NULL),(170,'2018-05-24',NULL,'SE INTENTA COMUNICACION CON NORMA BLANCO AL TALLER DE COSTURA DONDE TRABAJA LA REQUIRENTE NO SE ENCUENTRA EN DICHO ESPACIO LE SOLICITAMOS A LA ENCARGADA QUE POR FAVOR LE PASE NUESTRO MENSAJE Y SE COMUNIQUE CON EL ETP \r\nEN LOS DIAS VENIDEROS INTENTAMOS GENERAR CONTACTO CON LA FAMILIAR DE LA VICTIMA LO QUE HA SIDO IMPOSIBLE MANTUVIMOS COMUNICACIONES AL TALLER EL DIA 29 O 30 DE MAYO Y NO PUDIERON CONTACTARNOS CON NORMA PORQUE NO ERA HORARIO DE DESCANSO NOS COMUNICAMOS NUEVAMENTE EL 06 07 18 Y NOS DIJERON QUE ESTABA ENFERMA',163,80,'2019-09-06 18:48:23',NULL,'2019-09-06 18:48:23',NULL),(171,'2018-06-14',NULL,'ESTUVIMOS CON NAIR CANESSA EN EL HIGA FUE UN ENCUENTRO CASUAL LE MANIFESTAMOS QUE NECESITAMOS CON URGENCIA CONTACTAR A SU ABUELA NOS DIO SU NUEVO NUMERO 0247715332294 Y SE COMPROMETE EN PASAR EL MENSAJE',163,80,'2019-09-06 18:48:49',NULL,'2019-09-06 18:48:49',NULL),(172,'2018-06-29',NULL,'SE INTENTA COMUNICACION CON  NAIR PERO NO RESPONDE',163,80,'2019-09-06 18:49:17',NULL,'2019-09-06 18:49:17',NULL),(173,'2018-06-29',NULL,'MANTENEMOS COMUNICACION CON LAURA SU VECINA DICE QUE NORMA ESTA CON LICENCIA MEDICA EN SU TRABAJO NOS SOLICITA QUE LA VOLVAMOS A LLAMAR 13 30 A FIN QUE ELLA PUEDA ACERCARSE A CASA DE NORMA CON EL CELULAR Y ASI NOSOTRAS MANTENER COMUNICACION REFIERE QUE EN ESTE MOMENTO NO HABRIA NADIE EN LA CASA ESTA TODO CERRADO',163,80,'2019-09-06 18:49:48',NULL,'2019-09-06 18:49:48',NULL),(174,'2018-07-06',NULL,'ETP RECIBE COMUNICACION TELEFONICA DE LA SEÑORA NORMA BLANCO SOLICITANDO UNA ENTREVISTA PARA LOS PROXIMOS DIAS',163,80,'2019-09-06 18:50:18',NULL,'2019-09-06 18:50:18',NULL),(175,'2018-07-10',NULL,'ENTREVISTA EN SEDE DEL CAVAJ NORMA BLANCO\r\nSE LE TRANSMITE LA INFORMACION DE LA CAUSA PENAL ELLA TENIA ENTENDIDO QUE LE HABIAN DADO 2 AÑOS DE PENA DE PRISION DEBIDO A COMENTARIOS DEL BARRIO SE LE EXPLICA LA REALIDAD DE LOS HECHOS NO SE MUESTRA ENOJADA SOLO DEMUESTRA ANGUSTIA CONTINUA CON TRATAMIENTO PSICOLOGICO DE MANERA ESPORADICA PLANTEA PROBLEMATICAS FAMILIARES LA QUE YA SON CONOCIDAS POR EL ETP SIN EMBARGO NO SE VEN AVANCES EN SU ACTITUD HACIA LA BUSQUEDA DE SOLUCIONES EJEMPLO INICIO DE TRAMITE PENSION POR INVALIDEZ ACONSEJADA POR ETP AUN LE RESTAN GESTIONAR HISTORIAS CLINICAS PROBLEMA VISION Y DIABETES\r\n\r\nMOTIVO DEL CESE TENIENDO EN CUENTA EL CIERRE DE LA CAUSA PENAL  LA FALTA DE NUEVOS REQUERIMIENTOS Y LA FALTA DE INTERES POR PARTE DE LA MADRE DE LA VICTIMA EN CUANTO A LA CONTINUACION DE ACOMPAÑAMIENTO SE DA POR CERRADO EL CASO',163,80,'2019-09-06 18:51:44',NULL,'2019-09-06 18:51:44',NULL),(176,'2018-10-08',NULL,'SE HACE PRESENTE NORMA BLANCO REABRIMOS EL CASO ANTE NUEVAS DEMANDA\r\nNOS CUENTA QUE EN CUANTO AL TRAMITE DE GUARDA JUDICIAL YA CITARON A SU NIETA YASMIN LA QUE SE ENTREVISTO CON EL JUEZ DE FAMILIA\r\nNOS PIDE QUE AVERIGUEMOS EL SUBSIDIO PREVISTO EN LA LEY BRISA\r\nPLANTEA SITUACION DE NAIR Y DE NAHUEL SEGUN LA REQUIRENTE ESTAN MUY COMPROMETIDOS CON EL CONSUMO DE SUSTANCIAS HA TENIDO QUE RECURRIR EN REITERADAS OPORTUNIDADES A LA POLICÍA PARA REPELER ACTOS DE VIOLENCIA POR PARTE DE SUS NIETOS\r\nNOS COMENTA SOBRE LA POSIBILIDAD DEL TRAMITE DE GARRAFA EN ANSES PRETENDE QUE EL OTORGUEN EL SUBSIDIO A SU NIETO NAHUEL\r\nEN CUANTO AL TEMA JUBILATORIO NOS CUENTA QUE EN UNOS DIAS YA TIENE EL TURNO EN ANSES PARA INICIA LOS TRAMITES HIZO TODOS LOS ESTUDIOS MEDICOS TAL COMO LE SUGERIMOS\r\nNOS CUENTA QUE ESTUVO INTERNADA CON INFECCION URINARIA Y BAJO 20 KILOS NO ESTA HACIENDO TRATAMIENTO CON LA PSICOLOGA DEL SUTIV\r\nMANIFIESTA COMO PROBLEMA EL HECHO DE NO PODER CONSEGUIR TURNO PARA TERAPIA PSICOLOGICA PARA SUS TRES NIETOS THIAGO YASMIN ZOE PEDIDO INICIADO EN LA SALA 2 DE ABRIL POSIBLE ARTICULACIÓN CON PAOLA SCRINZI',163,80,'2019-09-06 18:56:53',NULL,'2019-09-06 18:56:53',NULL),(177,'2018-10-09',NULL,'SE MANTIENE COMUNICACION TELEFONICA CON SUTIV CON EL FIN DE SOLICITAR DATOS SOBRE LOS PSICOLOGOS INFANTILES QUE ATIENDEN PARA ESTA OBRA SOCIAL NOS BRINDAN LOS NUMEROS DE DOS PROFESIONALES\r\nBRITOS CARLA 15664691 COBRA PESOS 100 DE DIFERENCIA\r\nUBIEDO ESTEFANIA 15314095\r\nPARA AMBOS CASOS SE DEBE LLAMAR PARA SOLICITAR TURNO Y AL MOMENTO DE LA SESION DEBE PRESENTARSE CON LA CREDENCIAL DE AFILIADO Y EL ULTIMO RECIBO DE SUELDO',163,80,'2019-09-06 18:57:49',NULL,'2019-09-06 18:57:49',NULL),(178,'2018-10-09',NULL,'SE MANTIENE COMUNICACION TELEFONICA CON EL CAPS LANTERINIER CON EL FIN DE SOLICITAR DIAS Y HORARIOS DE ATENCION DEL SERVICIO DE PSICOLOGIA NOS COMUNICAN QUE LA PSICOLOGA NATALIA CONIGLIO ATIENDE LOS DIAS LUNES Y JUEVES DE 08 15 A 11 15',163,80,'2019-09-06 18:58:20',NULL,'2019-09-06 18:58:20',NULL),(179,'2018-10-09',NULL,'SE CONSULTA A LA DIRECCION DE LA MUJER SOBRE LA LEY BRISA QUE OTORGA UNA REPARACION ECONOMICA PARA HIJOS DE VICTIMAS DE FEMICIDIOS O DEL ASESINATO DE ALGUNO DE LOS PROGENITORES EN MANOS DE OTRO EL PERSONAL DE DICHA INSTITUCION NOS DICE QUE NO TIENEN MUCHA INFORMACION QUE SE ESTAN INTERIORIZANDO EN DICHA LEY QUE CREEN QUE AUN NO SE HA IMPLEMENTADO Y QUE NI BIEN TENGAN NOVEDADES NOS COMUNICAN',163,80,'2019-09-06 19:01:32',NULL,'2019-09-06 19:01:32',NULL),(180,'2018-10-09',NULL,'SE ARTICULA CON CENTRO DE DIA PADRE GALLI LAURA EYHERAMONO\r\nSE SOLICITA QUE TOMEN MEDIDAS EN RELACION A NARIR Y NAHUEL DEBIDO A SU SITUACION DE CONSUMO\r\n\r\nSE LE SOLICITA A LAURA EYHERAMONO Y A PAMELA MARQUISELLI TRABAJADORAS SOCIALES QUE NOS BRINDEN INFORMACION SOBRE LA GESTION DEL SUBSIDIO PREVISTO EN LA LEY BRISA',163,80,'2019-09-06 19:02:04',NULL,'2019-09-06 19:02:04',NULL),(181,'2018-10-09',NULL,'SE LE TRANSMITE A NORMA QUE HOY A LAS 18 HS LA ESPERA LAURA EYHERAMONHO EN CENTRO BARRIAL SAN CAYETANO PARA HABLAR SOBRE LA SITUACION DE SUS NIETOS CON PROBLEMAS DE CONSUMO',163,80,'2019-09-06 19:02:31',NULL,'2019-09-06 19:02:31',NULL),(182,'2018-10-09',NULL,'SE LE INFORMA A NORMA SOBRE LOS PSICOLOGOS PARA NIÑOS DISPONIBLES EN SUTIV ASI COMO TAMBIEN LOS DIAS Y HORARIOS DE LA PSICOLOGA QUE POSEE EL CAPS LANTERNIER',163,80,'2019-09-06 19:02:59',NULL,'2019-09-06 19:02:59',NULL),(183,'2019-05-16',NULL,'SE PRESENTA DE FORMA ESPONTANEA A LA OFICINA DEL CAVAJ SAN MARTIN JOSE LUIS ROJAS HERMANO DE VICTOR ARCE TELEFONO 011 2844 7707 QUIEN NOS CUENTA QUE NO TIENEN ABOGADO Y QUE AUN NO HAY NINGUN DETENIDO POR EL HOMICIDIO DE SU HERMANO LO DERIVARON DE LA UFI 1 CON CAVAJ SAN MARTIN PARA QUE LE BRINDAMOS ASESORAMIENTO TRAE FOTOCOPIA DE LA CAUSA TOMAMOS ALGUNAS FOTOS DE LA MISMA Y PEDIMOS SU NUMERO DE TELEFONO PARA COMUNICARNOS NUEVAMENTE CON EL',222,98,'2019-09-06 19:27:17',NULL,'2019-09-06 19:27:17',NULL),(184,'2019-05-20',NULL,'DEJAMOS OFICIO EN LA UFI 1 PARA QUE NOS AUTORICEN LA VISTA DE LA CAUSA',222,98,'2019-09-06 19:28:16',NULL,'2019-09-06 19:28:16',NULL),(185,'2019-05-23',NULL,'NOS COMUNICAMOS  CON JOSE LUIS ROJAS HERMANO DE LA VICTIMA LE DEJAMOS UN MENSAJE EN EL CONTESTADOR COMENTANDOLE QUE DEJAMOS ESCRITO PARA VER EL EXPEDIENTE Y QUE UNA VEZ TOMADA VISTA DE LA CAUSA NOS CONTACTAREMOS PARA UNA ENTREVISTA EN LA QUE LE COMENTEMOS LOS AVANCES DE LA MENCIONADA',222,98,'2019-09-06 19:29:45',NULL,'2019-09-06 19:29:45',NULL),(186,'2019-05-24',NULL,'HABLAMOS CON JOSE LUIS ROJAS PARA CONFIRMARLE QUE DEJAMOS ESCRITO PARA VER LA CAUSA Y QUE LUEGO NOS CONTACTAREMOS PARA UNA ENTREVISTA PERSONAL',222,98,'2019-09-06 19:30:39',NULL,'2019-09-06 19:30:39',NULL),(187,'2019-05-27',NULL,'FUIMOS A LA FISCALIA PUDIMOS VERLA LA CAUSA Y TOMAR FOTOGRAFIAS DE LA MISMA  NO HAY IMPUTADOS SE PIDIERON FILMACIONES DEL LUGAR DÓNDE  ENCONTRARON A LA VÍCTIMA PERO LAS MISMAS NO ARROJAN RESULTADOS SU ESPOSA DICE QUE ESTABA ALCOHOLIZADO Y QUE SALIO A COMPRAR MAS CERVEZA SE NIEGA A DAR DE DATOS DE POSIBLES TESTIGOS POR MIEDO A REPRESALIAS',222,98,'2019-09-06 19:31:58',NULL,'2019-09-06 19:31:58',NULL),(188,'2019-06-27',NULL,'FUIMOS A LA UFI TOMAMOS VISTA DE LA CAUSA\r\nHOY VOLVIO A DECLARAR LA CONCUBINA DE LA VICTIMA MIRIAM GRACIELA ACEVEDO REFIRIO QUE AL VOLVER AL LUGAR DEL HECHO AL DIA SIGUIENTE DE LO OCURRIDO UNAS PERSONAS LE DIJERON QUE DOS HERMANOS ERAN LOS RESPONSABLES DEL HOMICIDIO PERO HAY MIEDO A REPRESALIAS Y NO PUDO OBTENER MAS INFORMACIÓN NO TIENE MAS CONTACTO CON FAMILIARES DE VICTOR',222,98,'2019-09-06 19:33:32',NULL,'2019-09-06 19:33:32',NULL),(189,'2019-07-01',NULL,'LLAMAMOS A JOSE LUIS ROJAS NO NOS ATIENDE LE DEJAMOS UN MENSAJE EN EL CONTESTADOR QUE LO VOLVEREMOS A LLAMAR  MAS TARDE INTENTAMOS DOS VECES MAS VOLVIENDO A ATENDER EL CONTESTADOR\r\nHABLAMOS JOSE ROJAS PARA COMENTARLE EL ESTADO DE LA CAUSA  TIENE MUCHAS DUDAS RESPECTO DE LA INVESTIGACION DE PORQUE NO SE CITO A LA HIJA DE MIRIAM Y A SU MARIDO COMO TESTIGOS NI A LOS DUEÑOS DE LA CASA ESTA CITADO EL VIERNES PROXIMO 5 DE JULIO A LAS 10 HS EN NUESTRA OFICINA',222,98,'2019-09-06 19:36:16',NULL,'2019-09-06 19:36:16',NULL),(190,'2019-07-05',NULL,'EL SR JOSE ROJAS NO SE PRESENTA A LA ENTREVISTA PAUTADA NOS COMUNICAMOS PARA SABER QUE LE SUCEDIO Y NO INFORMA QUE TENIA TURNO DE CONTROL POR EL MARCAPASOS Y NO PUDO AVISARNOS SE REPROGRAMA LA ENTREVISTA PARA EL VIERNES 12 DE JULIO',222,98,'2019-09-06 19:37:57',NULL,'2019-09-06 19:37:57',NULL),(191,'2019-07-12',NULL,'EL SR ROJAS NO CONCURRIO A LA ENTREVISTA ACORDADA',222,98,'2019-09-06 19:38:44',NULL,'2019-09-06 19:38:44',NULL),(192,'2019-07-19',NULL,'SE PRESENTO EL SR ROJAS A LA OFICINA DEL COLEGIO DE ABOGADOS',222,98,'2019-09-06 19:39:29',NULL,'2019-09-06 19:39:29',NULL),(193,'2019-08-05',NULL,'FUIMOS A LA FISCALIA Y NOS INFORMAN QUE HAY UNA CITACION PARA EL 13 DE AGOSTO PARA KAREN ROLDAN',222,98,'2019-09-06 19:40:29',NULL,'2019-09-06 19:40:29',NULL),(194,'2019-08-13',NULL,'SE PRESENTA EN LA OFICINA EL SR JOSE LUIS ROJAS HERMANO DE LA VICTIMA NOS COMENTA QUE ESTA MAÑANA FUE A DECLARAR KAREN ROLDAN Y TAMBIEN DECLARO EL LE COMENTARON QUE LA CAUSA ESTA PARADA A LA ESPERA DEL TESTIMONIO DE ALGUN TESTIGO CLAVE QUE HAYA VISTO ALGO DE NO APARECER ES MUY PROBABLE QUE LA CAUSA SEA ARCHIVADA',222,98,'2019-09-06 19:41:48',NULL,'2019-09-06 19:41:48',NULL),(195,'2012-12-12',NULL,'AJKSDLSADÑDÑÑD.SLLSSL,LALALA.\r\nAJKSLADJKLÑÑ.AKAKAL',238,11,'2019-09-06 22:36:43',NULL,'2019-09-06 22:36:43',NULL),(196,'2012-12-12',NULL,'13223443',238,11,'2019-09-06 22:36:59',NULL,'2019-09-06 22:36:59',NULL),(197,'2012-12-12',NULL,'JLADJLLDAJS.DSKLDLSDL,EIQOEQPIE.',240,7,'2019-09-07 01:48:44',NULL,'2019-09-07 01:48:44',NULL),(198,'2012-12-12',NULL,'JLADJDADAJKL.DLDJLJDA123',240,7,'2019-09-07 01:49:17',NULL,'2019-09-07 01:49:17',NULL),(199,'2012-12-12',NULL,'ALJDDJDJLA.DLASDJLDL',240,7,'2019-09-07 01:49:43',NULL,'2019-09-07 01:49:43',NULL),(200,'2012-12-12',NULL,'KÑKKÑLLJ4564',241,39,'2019-09-07 03:26:43',NULL,'2019-09-07 03:26:43',NULL);
/*!40000 ALTER TABLE `intervenciones` ENABLE KEYS */;
UNLOCK TABLES;

--
-- Table structure for table `limitaciones`
--

DROP TABLE IF EXISTS `limitaciones`;
/*!40101 SET @saved_cs_client     = @@character_set_client */;
/*!40101 SET character_set_client = utf8 */;
CREATE TABLE `limitaciones` (
  `id` int(10) unsigned NOT NULL AUTO_INCREMENT,
  `nombre` varchar(255) DEFAULT NULL,
  PRIMARY KEY (`id`)
) ENGINE=InnoDB AUTO_INCREMENT=5 DEFAULT CHARSET=latin1;
/*!40101 SET character_set_client = @saved_cs_client */;

--
-- Dumping data for table `limitaciones`
--

LOCK TABLES `limitaciones` WRITE;
/*!40000 ALTER TABLE `limitaciones` DISABLE KEYS */;
INSERT INTO `limitaciones` VALUES (1,'Analfabetismo'),(2,'Discapacidad'),(3,'Idioma'),(4,'Otro');
/*!40000 ALTER TABLE `limitaciones` ENABLE KEYS */;
UNLOCK TABLES;

--
-- Table structure for table `migrations`
--

DROP TABLE IF EXISTS `migrations`;
/*!40101 SET @saved_cs_client     = @@character_set_client */;
/*!40101 SET character_set_client = utf8 */;
CREATE TABLE `migrations` (
  `id` int(10) unsigned NOT NULL AUTO_INCREMENT,
  `migration` varchar(255) COLLATE utf8mb4_unicode_ci NOT NULL,
  `batch` int(11) NOT NULL,
  PRIMARY KEY (`id`)
) ENGINE=InnoDB DEFAULT CHARSET=utf8mb4 COLLATE=utf8mb4_unicode_ci;
/*!40101 SET character_set_client = @saved_cs_client */;

--
-- Dumping data for table `migrations`
--

LOCK TABLES `migrations` WRITE;
/*!40000 ALTER TABLE `migrations` DISABLE KEYS */;
/*!40000 ALTER TABLE `migrations` ENABLE KEYS */;
UNLOCK TABLES;

--
-- Table structure for table `modalidades`
--

DROP TABLE IF EXISTS `modalidades`;
/*!40101 SET @saved_cs_client     = @@character_set_client */;
/*!40101 SET character_set_client = utf8 */;
CREATE TABLE `modalidades` (
  `id` int(10) unsigned NOT NULL AUTO_INCREMENT,
  `nombre` varchar(255) DEFAULT NULL,
  PRIMARY KEY (`id`)
) ENGINE=InnoDB AUTO_INCREMENT=4 DEFAULT CHARSET=latin1;
/*!40101 SET character_set_client = @saved_cs_client */;

--
-- Dumping data for table `modalidades`
--

LOCK TABLES `modalidades` WRITE;
/*!40000 ALTER TABLE `modalidades` DISABLE KEYS */;
INSERT INTO `modalidades` VALUES (1,'Presentación espontánea'),(2,'Intervención de oficio'),(3,'Derivación de otro organismo ');
/*!40000 ALTER TABLE `modalidades` ENABLE KEYS */;
UNLOCK TABLES;

--
-- Table structure for table `motivospasivos`
--

DROP TABLE IF EXISTS `motivospasivos`;
/*!40101 SET @saved_cs_client     = @@character_set_client */;
/*!40101 SET character_set_client = utf8 */;
CREATE TABLE `motivospasivos` (
  `id` int(10) unsigned NOT NULL AUTO_INCREMENT,
  `nombre` varchar(255) DEFAULT NULL,
  PRIMARY KEY (`id`)
) ENGINE=InnoDB AUTO_INCREMENT=5 DEFAULT CHARSET=latin1;
/*!40101 SET character_set_client = @saved_cs_client */;

--
-- Dumping data for table `motivospasivos`
--

LOCK TABLES `motivospasivos` WRITE;
/*!40000 ALTER TABLE `motivospasivos` DISABLE KEYS */;
INSERT INTO `motivospasivos` VALUES (1,'Se cubrió la demanda inicial'),(2,'deja de requerir intervención'),(3,'imposibilidad de contacto '),(4,'cuál');
/*!40000 ALTER TABLE `motivospasivos` ENABLE KEYS */;
UNLOCK TABLES;

--
-- Table structure for table `necesidades`
--

DROP TABLE IF EXISTS `necesidades`;
/*!40101 SET @saved_cs_client     = @@character_set_client */;
/*!40101 SET character_set_client = utf8 */;
CREATE TABLE `necesidades` (
  `id` int(10) unsigned NOT NULL AUTO_INCREMENT,
  `nombre` varchar(255) DEFAULT NULL,
  PRIMARY KEY (`id`)
) ENGINE=InnoDB AUTO_INCREMENT=9 DEFAULT CHARSET=latin1;
/*!40101 SET character_set_client = @saved_cs_client */;

--
-- Dumping data for table `necesidades`
--

LOCK TABLES `necesidades` WRITE;
/*!40000 ALTER TABLE `necesidades` DISABLE KEYS */;
INSERT INTO `necesidades` VALUES (1,'Vivienda'),(2,'Alimentos'),(3,'Capacidad Económica'),(4,'Salud'),(5,'Vestimenta'),(6,'Educación'),(7,'Trabajo'),(8,'Otra');
/*!40000 ALTER TABLE `necesidades` ENABLE KEYS */;
UNLOCK TABLES;

--
-- Table structure for table `oarticulas`
--

DROP TABLE IF EXISTS `oarticulas`;
/*!40101 SET @saved_cs_client     = @@character_set_client */;
/*!40101 SET character_set_client = utf8 */;
CREATE TABLE `oarticulas` (
  `id` int(10) unsigned NOT NULL,
  `nombre` varchar(255) DEFAULT NULL
) ENGINE=InnoDB DEFAULT CHARSET=latin1;
/*!40101 SET character_set_client = @saved_cs_client */;

--
-- Dumping data for table `oarticulas`
--

LOCK TABLES `oarticulas` WRITE;
/*!40000 ALTER TABLE `oarticulas` DISABLE KEYS */;
INSERT INTO `oarticulas` VALUES (1,' Colegio de Abogados'),(2,'Unidad de Ministro (Ministerio de Justicia)'),(3,' Fiscalía'),(4,'Portal Mi Provincia'),(5,'Defensoría del Pueblo'),(6,' Casa de Justicia(Ministerio Público)'),(7,'Municipio'),(8,' Estado en tu barrio'),(9,' Centro de Acceso a Justicia (CAJ)'),(10,' ANSES'),(11,' Otro CAVAJ'),(12,' Organismo Provincial de Niñez y Adolescencia'),(13,' Programa Provincial Cerca de Noche'),(14,' Dirección Provincial de Equidad de Género y Diversidad Sexual'),(15,' Registro Provincial de Información de Personas Menores de Edad Extraviadas (REPIPME)'),(16,' Dirección Provincial de Salud Mental y Adicciones'),(17,' Policía Federal'),(18,' Policía Bonaerense'),(19,' Policía Local'),(20,' Policía Metropolitana'),(21,'Juzgado'),(22,'Comisaría'),(23,'DDI'),(24,'Otro');
/*!40000 ALTER TABLE `oarticulas` ENABLE KEYS */;
UNLOCK TABLES;

--
-- Table structure for table `oderivados`
--

DROP TABLE IF EXISTS `oderivados`;
/*!40101 SET @saved_cs_client     = @@character_set_client */;
/*!40101 SET character_set_client = utf8 */;
CREATE TABLE `oderivados` (
  `id` int(11) unsigned NOT NULL AUTO_INCREMENT,
  `nombre` varchar(100) DEFAULT NULL,
  PRIMARY KEY (`id`)
) ENGINE=InnoDB AUTO_INCREMENT=27 DEFAULT CHARSET=latin1;
/*!40101 SET character_set_client = @saved_cs_client */;

--
-- Dumping data for table `oderivados`
--

LOCK TABLES `oderivados` WRITE;
/*!40000 ALTER TABLE `oderivados` DISABLE KEYS */;
INSERT INTO `oderivados` VALUES (1,'Defensoría'),(2,'Colegio de abogados'),(3,'Juzgado de paz'),(4,'CAJ'),(5,'Consultorios jurídicos gratuitos'),(6,'Municipalidad'),(7,'Abogado Particular'),(8,'Comisaría'),(9,'Centro de salud'),(10,'CAVAJ'),(11,'Servicio local de niñez'),(12,'ANSES'),(13,'Acción social'),(14,'PAMI'),(15,'Registro de las personas'),(16,'Desarrollo social'),(17,'Fiscalía'),(18,'Casa de Justicia'),(19,'CAV'),(20,'Secretaría de Tierras'),(21,'Defensa al Consumidor'),(22,'Mediación Comunitaria'),(23,'Derechos Humanos'),(24,'CPA'),(25,'Hospitales'),(26,'Otro');
/*!40000 ALTER TABLE `oderivados` ENABLE KEYS */;
UNLOCK TABLES;

--
-- Table structure for table `oprevios`
--

DROP TABLE IF EXISTS `oprevios`;
/*!40101 SET @saved_cs_client     = @@character_set_client */;
/*!40101 SET character_set_client = utf8 */;
CREATE TABLE `oprevios` (
  `id` int(10) unsigned NOT NULL,
  `nombre` varchar(255) DEFAULT NULL
) ENGINE=InnoDB DEFAULT CHARSET=latin1;
/*!40101 SET character_set_client = @saved_cs_client */;

--
-- Dumping data for table `oprevios`
--

LOCK TABLES `oprevios` WRITE;
/*!40000 ALTER TABLE `oprevios` DISABLE KEYS */;
INSERT INTO `oprevios` VALUES (1,'ANSES'),(2,' Comisaría '),(3,' DDI '),(4,' Defensoría del Pueblo'),(5,' Municipio'),(6,' Portal Mi Provincia  '),(7,' Unidad de Ministro (Ministerio de Justicia) '),(8,'Centro de Acceso a Justicia (CAJ)'),(9,'Dirección Provincial de Equidad de Género y Diversidad Sexual'),(10,'Dirección Provincial de Salud Mental y Adicciones'),(11,'Estado en Tu Barrio'),(12,'Fiscalía'),(13,'Juzgado'),(14,'Organismo Provincial de Niñez y Adolescencia'),(15,'Otro CAVAJ'),(16,'Policía Bonaerense'),(17,'Policía Federal'),(18,'Policía Local'),(19,'Policía Metropolitana'),(20,'Programa Provincial Cerca de Noche'),(21,'Registro Provincial de Información de Personas Menores de Edad Extraviadas (REPIPME)'),(22,'Casa de Justicia (Ministerio Público)'),(23,'Colegio de Abogados'),(24,'Otro Organismo');
/*!40000 ALTER TABLE `oprevios` ENABLE KEYS */;
UNLOCK TABLES;

--
-- Table structure for table `organismos`
--

DROP TABLE IF EXISTS `organismos`;
/*!40101 SET @saved_cs_client     = @@character_set_client */;
/*!40101 SET character_set_client = utf8 */;
CREATE TABLE `organismos` (
  `id` int(10) unsigned NOT NULL AUTO_INCREMENT,
  `nombre` varchar(255) DEFAULT NULL,
  PRIMARY KEY (`id`)
) ENGINE=InnoDB AUTO_INCREMENT=25 DEFAULT CHARSET=latin1;
/*!40101 SET character_set_client = @saved_cs_client */;

--
-- Dumping data for table `organismos`
--

LOCK TABLES `organismos` WRITE;
/*!40000 ALTER TABLE `organismos` DISABLE KEYS */;
INSERT INTO `organismos` VALUES (1,'ANSES'),(2,' Comisaría '),(3,' DDI '),(4,' Defensoría del Pueblo'),(5,' Municipio'),(6,' Portal Mi Provincia  '),(7,' Unidad de Ministro (Ministerio de Justicia) '),(8,'Centro de Acceso a Justicia (CAJ)'),(9,'Dirección Provincial de Equidad de Género y Diversidad Sexual'),(10,'Dirección Provincial de Salud Mental y Adicciones'),(11,'Estado en Tu Barrio'),(12,'Fiscalía'),(13,'Juzgado'),(14,'Organismo Provincial de Niñez y Adolescencia'),(15,'Otro CAVAJ'),(16,'Policía Bonaerense'),(17,'Policía Federal'),(18,'Policía Local'),(19,'Policía Metropolitana'),(20,'Programa Provincial Cerca de Noche'),(21,'Registro Provincial de Información de Personas Menores de Edad Extraviadas (REPIPME)'),(22,'Casa de Justicia (Ministerio Público)'),(23,'Colegio de Abogados'),(24,'Otro');
/*!40000 ALTER TABLE `organismos` ENABLE KEYS */;
UNLOCK TABLES;

--
-- Table structure for table `password_resets`
--

DROP TABLE IF EXISTS `password_resets`;
/*!40101 SET @saved_cs_client     = @@character_set_client */;
/*!40101 SET character_set_client = utf8 */;
CREATE TABLE `password_resets` (
  `email` varchar(191) COLLATE utf8mb4_unicode_ci NOT NULL,
  `token` varchar(191) COLLATE utf8mb4_unicode_ci NOT NULL,
  `created_at` timestamp NULL DEFAULT NULL
) ENGINE=InnoDB DEFAULT CHARSET=utf8mb4 COLLATE=utf8mb4_unicode_ci;
/*!40101 SET character_set_client = @saved_cs_client */;

--
-- Dumping data for table `password_resets`
--

LOCK TABLES `password_resets` WRITE;
/*!40000 ALTER TABLE `password_resets` DISABLE KEYS */;
INSERT INTO `password_resets` VALUES ('jessin23@hotmail.com','$2y$10$YD7eQ67sDafwDXKnfQAeU.fbsyHFayQOvPmZ8ZBjOYuL1ccIAinDi','2019-09-05 18:03:42'),('xul27@hotmail.com','$2y$10$C/iLxvfrIkDhlMMEQpNKn.GfEiIpxD7myJZjW4xm7TZJXcT02f4Ja','2019-09-05 18:03:52'),('cortes.m.soledad@gmail.com','$2y$10$/fIhBc9hg0ygZhoCaAdiCeNCnVmtPlBzX2n5tw1xwj8zMwjOlQAKa','2019-09-05 18:21:37');
/*!40000 ALTER TABLE `password_resets` ENABLE KEYS */;
UNLOCK TABLES;

--
-- Table structure for table `personas`
--

DROP TABLE IF EXISTS `personas`;
/*!40101 SET @saved_cs_client     = @@character_set_client */;
/*!40101 SET character_set_client = utf8 */;
CREATE TABLE `personas` (
  `id` int(10) unsigned NOT NULL AUTO_INCREMENT,
  `nombre_persona_asistida` varchar(255) DEFAULT NULL,
  `vinculo_victima` int(11) DEFAULT NULL,
  `vinculo_otro` varchar(255) DEFAULT NULL,
  `telefono_persona_asistida` int(30) DEFAULT NULL,
  `domicilio_persona_asistida` varchar(255) DEFAULT NULL,
  `localidad_persona_asistida` varchar(255) DEFAULT NULL,
  `idCaso` int(11) DEFAULT NULL,
  `idVictim` int(11) DEFAULT NULL,
  `userID_create` int(11) DEFAULT NULL,
  `created_at` timestamp NULL DEFAULT NULL,
  `userID_modify` int(11) DEFAULT NULL,
  `updated_at` timestamp NULL DEFAULT NULL,
  `activo` int(11) DEFAULT NULL,
  PRIMARY KEY (`id`)
) ENGINE=InnoDB AUTO_INCREMENT=82 DEFAULT CHARSET=latin1;
/*!40101 SET character_set_client = @saved_cs_client */;

--
-- Dumping data for table `personas`
--

LOCK TABLES `personas` WRITE;
/*!40000 ALTER TABLE `personas` DISABLE KEYS */;
INSERT INTO `personas` VALUES (1,'Se desconoce',1,NULL,1156682679,'Se desconoce','Se desconoce',3,1,NULL,'2019-09-05 15:55:22',11,'2019-09-05 15:59:07',NULL),(2,'WALTER GERPE',1,NULL,1532345266,'Se desconoce','Se desconoce',4,3,50,'2019-09-05 16:10:21',NULL,'2019-09-05 16:10:21',NULL),(3,'PABLO RUSSO',1,NULL,155707064,'Se desconoce','LA PLATA',8,12,48,'2019-09-05 16:27:51',NULL,'2019-09-05 16:27:51',NULL),(4,'SILVIA ALEJANDRA LUDUEÑA',1,NULL,156733110,'81 ENTRE 133 Y 134 NUMERO 1919','LA PLATA ALTOS DE SAN LORENZO',8,12,48,'2019-09-05 16:29:19',NULL,'2019-09-05 16:29:19',NULL),(5,'MONICA TORRES',1,NULL,1131821069,'Se desconoce','PRESIDENTE PERON',15,17,23,'2019-09-05 16:46:42',NULL,'2019-09-05 16:46:42',NULL),(6,'SOFIA IBARRA',1,NULL,1131527742,'Se desconoce','MARCOS PAZ',19,21,21,'2019-09-05 16:57:32',NULL,'2019-09-05 16:57:32',NULL),(7,'Lucia Lugo',1,NULL,1138302095,'Se desconoce','Hurlingham',31,33,12,'2019-09-05 17:33:35',NULL,'2019-09-05 17:33:35',NULL),(8,'ESTELA SERRANO',1,NULL,1126210340,'Se desconoce','FLORENCIO VARELA',41,42,17,'2019-09-05 17:58:48',NULL,'2019-09-05 17:58:48',NULL),(9,'ELENA CAMBRE',1,NULL,0,'Se desconoce','MAIPU',61,61,21,'2019-09-05 18:29:09',NULL,'2019-09-05 18:29:09',NULL),(10,'NORMA PARED',1,NULL,1140296232,'Se desconoce','SAN JUSTO',74,74,21,'2019-09-05 18:44:26',NULL,'2019-09-05 18:44:26',NULL),(11,'SUSANA PINEDA',1,NULL,1170246131,'Se desconoce','FLORENCIO VARELA',85,84,21,'2019-09-05 19:01:02',NULL,'2019-09-05 19:01:02',NULL),(12,'David Ortiz',1,NULL,1131362829,'Se desconoce','berazategui',89,86,33,'2019-09-05 19:08:10',NULL,'2019-09-05 19:08:10',NULL),(13,'RAMONA ISABEL SILVA',1,NULL,1169525931,'Se desconoce','SAN JUSTO',92,91,21,'2019-09-05 19:11:08',NULL,'2019-09-05 19:11:08',NULL),(14,'PABLO LUIS P',1,NULL,45613126,'Se desconoce','Se desconoce',93,94,NULL,'2019-09-05 19:21:33',22,'2019-09-05 19:42:51',NULL),(15,'PRUEBA',2,NULL,0,'Se desconoce','Se desconoce',93,98,22,'2019-09-05 19:23:36',NULL,'2019-09-05 19:23:36',NULL),(16,'SILVIA',1,NULL,1139456629,'Se desconoce','BERAZATEGUI',94,95,24,'2019-09-05 19:23:53',NULL,'2019-09-05 19:23:53',NULL),(17,'NOELIA FIGUEROA',1,NULL,0,'Se desconoce','LA PLATA',94,95,24,'2019-09-05 19:25:31',NULL,'2019-09-05 19:25:31',NULL),(18,'YESICA PAOLA FIGUEROA',1,NULL,1134805502,'Se desconoce','BERAZATEGUI',94,95,24,'2019-09-05 19:26:30',NULL,'2019-09-05 19:26:30',NULL),(19,'CRISTIAN DE FRANCO',1,NULL,0,'Se desconoce','LA PLATA',103,102,21,'2019-09-05 19:39:12',NULL,'2019-09-05 19:39:12',NULL),(20,'MARIA LUISA',2,NULL,12345678,'Se desconoce','Se desconoce',93,94,22,'2019-09-05 19:42:31',NULL,'2019-09-05 19:42:31',NULL),(21,'GABRIEL SOSA',1,NULL,0,'Se desconoce','BERISSO',113,111,21,'2019-09-05 19:48:56',NULL,'2019-09-05 19:48:56',NULL),(22,'WALTER BAGAZETTE',1,NULL,0,'Se desconoce','BALCARCE',116,113,21,'2019-09-05 19:55:29',NULL,'2019-09-05 19:55:29',NULL),(23,'ESTEFANÍA URZAGASTI',1,NULL,1162820168,'Se desconoce','MERLO',119,115,50,'2019-09-05 20:13:31',NULL,'2019-09-05 20:13:31',NULL),(24,'JOSEFINA PRUEBA',1,NULL,0,'Se desconoce','Se desconoce',93,92,111,'2019-09-06 00:01:16',NULL,'2019-09-06 00:01:16',NULL),(25,'SELENE LEDESMA',1,NULL,3578582,'Se desconoce','BERISSO',141,137,24,'2019-09-06 15:54:07',NULL,'2019-09-06 15:54:07',NULL),(26,'YANINA LEONOR POLIZZI',1,NULL,15673355,'CABALLITO CRIOLLO 172','PERGAMINO',144,139,80,'2019-09-06 16:06:59',NULL,'2019-09-06 16:06:59',NULL),(27,'MARINA FERNANDA ARCE',1,NULL,5648174,'Se desconoce','LA PLATA',146,141,45,'2019-09-06 16:11:19',NULL,'2019-09-06 16:11:19',NULL),(28,'JULIANA SOTTO',1,NULL,5765630,'524 ENTRE 24 Y 25','HERNANDEZ',154,150,24,'2019-09-06 16:34:42',NULL,'2019-09-06 16:34:42',NULL),(29,'CONSTANZA SETRINI',1,NULL,1132587283,'Se desconoce','AVELLANEDA',158,152,36,'2019-09-06 16:40:22',NULL,'2019-09-06 16:40:22',NULL),(30,'ALMA',1,NULL,0,'Se desconoce','ALTOS DE SAN LORENZO LA PLATA',155,151,45,'2019-09-06 16:40:48',NULL,'2019-09-06 16:40:48',NULL),(31,'MELISA SILVERO',1,NULL,1144710388,'NEWTON     2021','BURZACO',164,158,1,'2019-09-06 16:50:09',NULL,'2019-09-06 16:50:09',NULL),(32,'URQUIZA MARÍA DE LOS ÁNGELES',2,NULL,1128800248,'STA ROSA  6736  G DE LAFERRERE','LA MATANZA',160,156,50,'2019-09-06 16:50:39',NULL,'2019-09-06 16:50:39',NULL),(33,'VERONICA',1,NULL,1158537334,'Se desconoce','Se desconoce',166,160,24,'2019-09-06 16:51:18',NULL,'2019-09-06 16:51:18',NULL),(34,'MARIELA',1,NULL,0,'Se desconoce','Se desconoce',166,160,24,'2019-09-06 16:51:48',NULL,'2019-09-06 16:51:48',NULL),(35,'NORMA BLANCO',1,NULL,15594976,'Se desconoce','PERGAMINO',163,159,80,'2019-09-06 16:53:52',NULL,'2019-09-06 16:53:52',NULL),(36,'SILVANA BEATRIZ BIJARRA ZEGA',1,NULL,155966990,'Se desconoce','mar del plata',169,161,64,'2019-09-06 16:54:46',NULL,'2019-09-06 16:54:46',NULL),(37,'DÉBORA ELIZABETH RIVEROS POTRERO',1,NULL,1138607880,'Se desconoce','SAN JUSTO',187,180,50,'2019-09-06 17:19:13',NULL,'2019-09-06 17:19:13',NULL),(38,'ALEXANDRA MOLINA',1,NULL,3583755,'511 Y 137','HERNANDEZ',188,179,24,'2019-09-06 17:19:34',NULL,'2019-09-06 17:19:34',NULL),(39,'XIMENA MURO',1,NULL,6393683,'Se desconoce','HERNANDEZ',188,179,24,'2019-09-06 17:20:32',NULL,'2019-09-06 17:20:32',NULL),(40,'ADRIANA LOURDES PEDROZO',1,NULL,1130143791,'Se desconoce','LUJAN',190,185,69,'2019-09-06 17:29:19',NULL,'2019-09-06 17:29:19',NULL),(41,'Carolina Baqur',1,NULL,1123075736,'Se desconoce','san miguel',191,187,12,'2019-09-06 17:31:27',NULL,'2019-09-06 17:31:27',NULL),(42,'CAROLINA BASUALDO',1,NULL,0,'TACUARI 248','GLEW',198,193,1,'2019-09-06 17:41:19',NULL,'2019-09-06 17:41:19',NULL),(43,'ANTONELLA ARIAS',4,'CONOCIDO',1132424075,'52 Y 241','ECHEVERRY',202,195,24,'2019-09-06 17:47:02',NULL,'2019-09-06 17:47:02',NULL),(44,'SANDRA JAIME',1,NULL,1132424075,'52 Y 241','ECHEVERRY',202,195,24,'2019-09-06 17:48:26',NULL,'2019-09-06 17:48:26',NULL),(45,'PAOLA SPERONI',1,NULL,1169683884,'EEUU 367','CARLOS SPEGAZZINI',208,202,11,'2019-09-06 18:08:16',NULL,'2019-09-06 18:08:16',NULL),(46,'ANALIA LARROSA',1,NULL,1137988878,'Se desconoce','Se desconoce',125,205,NULL,'2019-09-06 18:15:18',100,'2019-09-06 18:19:07',NULL),(47,'MARIELA CATACATA',1,NULL,1564600815,'Se desconoce','LA TABLADA',216,211,50,'2019-09-06 18:46:33',NULL,'2019-09-06 18:46:33',NULL),(48,'SOLEDAD BUSTOS',1,NULL,1139823526,'Se desconoce','Se desconoce',217,212,89,'2019-09-06 18:52:21',NULL,'2019-09-06 18:52:21',NULL),(49,'VERONICA BUSTOS',1,NULL,1123200571,'Se desconoce','Se desconoce',221,214,89,'2019-09-06 19:02:45',NULL,'2019-09-06 19:02:45',NULL),(50,'SANDRA BEATRIZ MOYANO',1,NULL,1127400296,'Se desconoce','LA FERRERE',223,217,50,'2019-09-06 19:16:40',NULL,'2019-09-06 19:16:40',NULL),(51,'NANCY PELUZO',1,NULL,1556660279,'Se desconoce','SAN JUSTO',226,220,50,'2019-09-06 19:25:05',NULL,'2019-09-06 19:25:05',NULL),(52,'CAROLINA LUZ SAUCEDO',1,NULL,1170306198,'Se desconoce','Se desconoce',225,221,89,'2019-09-06 19:25:31',NULL,'2019-09-06 19:25:31',NULL),(53,'MONICA MAS CIRONE',1,NULL,0,'Se desconoce','TRES ARROYOS',227,222,21,'2019-09-06 19:31:57',NULL,'2019-09-06 19:31:57',NULL),(54,'MARÍA LAURA BERODIA',1,NULL,1563023714,'Se desconoce','CIUDAD EVITA',229,224,50,'2019-09-06 19:33:06',NULL,'2019-09-06 19:33:06',NULL),(55,'CLAUDIA BEATRIZ OCAMPO',1,NULL,1161426892,'Se desconoce','RAFAEL CASTILLO',230,225,50,'2019-09-06 19:42:30',NULL,'2019-09-06 19:42:30',NULL),(56,'JENNY DOMÍNGUEZ',1,NULL,1162512705,'Se desconoce','REFAEL CASTILLO',230,225,50,'2019-09-06 19:43:17',NULL,'2019-09-06 19:43:17',NULL),(57,'NATALIA CABALLERO',1,NULL,0,'Se desconoce','LA PLATA',231,226,21,'2019-09-06 19:51:21',NULL,'2019-09-06 19:51:21',NULL),(58,'GLADIS MARTINEZ',1,NULL,1557291156,'Se desconoce','RAFAEL CASTILLO',233,228,50,'2019-09-06 20:00:08',NULL,'2019-09-06 20:00:08',NULL),(59,'ISIDORA ALGARIN REYES',1,NULL,1160440657,'Se desconoce','Se desconoce',234,229,100,'2019-09-06 20:14:07',NULL,'2019-09-06 20:14:07',NULL),(60,'ELMA LUCIA CASTRO',1,NULL,1527332833,'Se desconoce','Se desconoce',235,230,50,'2019-09-06 20:15:17',NULL,'2019-09-06 20:15:17',NULL),(61,'CLAUDIA OLMEDO',1,NULL,422960,'Se desconoce','GONZALEZ CATAN',236,231,50,'2019-09-06 20:37:57',NULL,'2019-09-06 20:37:57',NULL),(62,'PRUEBAI',2,NULL,123456780,'Se desconoce','Se desconoce',238,233,NULL,'2019-09-06 22:30:32',11,'2019-09-06 22:32:36',NULL),(63,'PRUEBAIII',1,NULL,0,'Se desconoce','Se desconoce',239,235,34,'2019-09-06 22:49:14',NULL,'2019-09-06 22:49:14',NULL),(64,'PRUEBAIII',1,NULL,1234567800,'LINIERS 123','Se desconoce',239,235,34,'2019-09-06 22:50:28',NULL,'2019-09-06 22:50:28',NULL),(65,'PRUEBAIV',3,NULL,1234567800,'LINIERS 123','Se desconoce',239,235,34,'2019-09-06 22:51:39',NULL,'2019-09-06 22:51:39',NULL),(66,'PRUEBA V',2,NULL,0,'LA PLATA','Se desconoce',239,235,34,'2019-09-06 22:58:58',NULL,'2019-09-06 22:58:58',NULL),(67,'PRUEBA',3,NULL,0,'ÑAKSKLSSL','Se desconoce',239,235,34,'2019-09-06 22:59:40',NULL,'2019-09-06 22:59:40',NULL),(68,'MARCOS PAZ',2,NULL,0,'LINIERS 123','Se desconoce',240,236,NULL,'2019-09-07 01:36:49',7,'2019-09-07 01:45:45',NULL),(69,'PRUEBA',2,NULL,45613126,'Se desconoce','LA PLATA',240,236,7,'2019-09-07 01:37:15',NULL,'2019-09-07 01:37:15',NULL),(70,'PRUEBA',1,NULL,0,'LINIERS 123','Se desconoce',240,236,7,'2019-09-07 01:37:52',NULL,'2019-09-07 01:37:52',NULL),(71,'PRUEBAII',2,NULL,0,'Se desconoce','LA PLATA',240,236,7,'2019-09-07 01:38:14',NULL,'2019-09-07 01:38:14',NULL),(72,'PRUEBAIII',3,NULL,0,'LINIERS 123','Se desconoce',240,236,7,'2019-09-07 01:38:31',NULL,'2019-09-07 01:38:31',NULL),(73,'PRUEBA V',1,NULL,0,'Se desconoce','LA PLATA123',240,236,7,'2019-09-07 01:39:11',NULL,'2019-09-07 01:39:11',NULL),(74,'PRUEBA',2,NULL,0,'LINIERS 123','LA PLATA123',240,236,7,'2019-09-07 01:42:03',NULL,'2019-09-07 01:42:03',NULL),(75,'Se desconoce',2,NULL,0,'LINIERS 123','LA PLATA123',240,236,7,'2019-09-07 01:43:12',NULL,'2019-09-07 01:43:12',NULL),(76,'PRUEBA',2,NULL,12345678,'LINIERS 123','LA PLATA',241,238,39,'2019-09-07 03:24:58',NULL,'2019-09-07 03:24:58',NULL),(77,'NATALIA VERON',1,NULL,1531825904,'Federico Baez 7506 B Villa Dorrego Km 30500 G Catán','GONZALEZ CATAN',251,246,50,'2019-09-09 14:40:38',NULL,'2019-09-09 14:40:38',NULL),(78,'SANDRA DEL VALLE ZEBALLOS',1,NULL,1130739688,'Se desconoce','GREGORIO LA FERRERE',252,247,50,'2019-09-09 14:52:18',NULL,'2019-09-09 14:52:18',NULL),(79,'ELBA ROSANA MARTINEZ',1,NULL,1126568381,'ALVAREZ 398 VILLA MADERO','Se desconoce',257,250,50,'2019-09-09 15:13:15',NULL,'2019-09-09 15:13:15',NULL),(80,'LORENA MEDINA',1,NULL,1169561145,'Se desconoce','Se desconoce',260,252,50,'2019-09-09 15:30:29',NULL,'2019-09-09 15:30:29',NULL),(81,'LIDIA MABEL FRANCICA',1,NULL,1121799466,'REAÑOS 6440 G DE LAFERRERE','GREGORIO LA FERRERE',261,253,50,'2019-09-09 15:43:54',NULL,'2019-09-09 15:43:54',NULL);
/*!40000 ALTER TABLE `personas` ENABLE KEYS */;
UNLOCK TABLES;

--
-- Table structure for table `profesionales`
--

DROP TABLE IF EXISTS `profesionales`;
/*!40101 SET @saved_cs_client     = @@character_set_client */;
/*!40101 SET character_set_client = utf8 */;
CREATE TABLE `profesionales` (
  `id` int(10) unsigned NOT NULL AUTO_INCREMENT,
  `nombre_profesional_interviniente` int(3) DEFAULT NULL,
  `nombre_profesional_interviniente_otro` varchar(250) DEFAULT NULL,
  `desde_profesional_interviniente` varchar(20) DEFAULT NULL,
  `actual_profesional_interviniente` int(11) DEFAULT NULL,
  `hasta_profesional_interviniente` varchar(20) DEFAULT NULL,
  `idCaso` int(11) DEFAULT NULL,
  `userID_create` int(11) DEFAULT NULL,
  `created_at` timestamp NULL DEFAULT NULL,
  `userID_modify` int(11) DEFAULT NULL,
  `updated_at` timestamp NULL DEFAULT NULL,
  `activo` int(11) DEFAULT NULL,
  PRIMARY KEY (`id`)
) ENGINE=InnoDB AUTO_INCREMENT=501 DEFAULT CHARSET=latin1;
/*!40101 SET character_set_client = @saved_cs_client */;

--
-- Dumping data for table `profesionales`
--

LOCK TABLES `profesionales` WRITE;
/*!40000 ALTER TABLE `profesionales` DISABLE KEYS */;
INSERT INTO `profesionales` VALUES (1,43,NULL,'2018-12-30',1,NULL,1,23,'2019-09-05 14:45:23',NULL,'2019-09-05 14:45:23',NULL),(2,23,NULL,NULL,NULL,NULL,1,NULL,NULL,NULL,NULL,NULL),(3,29,NULL,'2017-11-05',1,NULL,2,29,'2019-09-05 15:42:37',NULL,'2019-09-05 15:42:37',NULL),(4,43,NULL,'2017-11-05',1,NULL,2,29,'2019-09-05 15:44:11',NULL,'2019-09-05 15:44:11',NULL),(5,11,NULL,'2017-05-02',1,NULL,3,11,'2019-09-05 15:51:44',NULL,'2019-09-05 15:51:44',NULL),(6,10,NULL,'2017-05-02',1,NULL,3,11,'2019-09-05 15:52:12',NULL,'2019-09-05 15:52:12',NULL),(7,51,NULL,'2018-07-25',1,NULL,2,29,'2019-09-05 15:59:13',NULL,'2019-09-05 15:59:13',NULL),(8,56,NULL,'2019-04-22',1,NULL,4,50,'2019-09-05 16:04:25',NULL,'2019-09-05 16:04:25',NULL),(9,50,NULL,NULL,NULL,NULL,4,NULL,NULL,NULL,NULL,NULL),(10,24,NULL,'2019-02-28',1,NULL,8,48,'2019-09-05 16:14:43',NULL,'2019-09-05 16:14:43',NULL),(11,48,NULL,NULL,NULL,NULL,8,NULL,NULL,NULL,NULL,NULL),(12,33,NULL,'2018-11-21',1,NULL,10,17,'2019-09-05 16:14:51',NULL,'2019-09-05 16:14:51',NULL),(13,17,NULL,NULL,NULL,NULL,10,NULL,NULL,NULL,NULL,NULL),(14,32,NULL,'2019-08-27',1,NULL,9,21,'2019-09-05 16:15:00',NULL,'2019-09-05 16:15:00',NULL),(15,21,NULL,NULL,NULL,NULL,9,NULL,NULL,NULL,NULL,NULL),(16,43,NULL,'2018-11-21',1,NULL,10,17,'2019-09-05 16:15:14',NULL,'2019-09-05 16:15:14',NULL),(17,32,NULL,'2019-02-28',1,NULL,8,48,'2019-09-05 16:21:56',NULL,'2019-09-05 16:21:56',NULL),(18,48,NULL,'2019-01-03',1,NULL,12,45,'2019-09-05 16:24:03',NULL,'2019-09-05 16:24:03',NULL),(19,45,NULL,NULL,NULL,NULL,12,NULL,NULL,NULL,NULL,NULL),(20,30,NULL,'2019-06-01',1,NULL,12,45,'2019-09-05 16:25:32',NULL,'2019-09-05 16:25:32',NULL),(21,56,NULL,'2019-03-08',1,NULL,13,50,'2019-09-05 16:27:06',NULL,'2019-09-05 16:27:06',NULL),(22,50,NULL,NULL,NULL,NULL,13,NULL,NULL,NULL,NULL,NULL),(23,32,NULL,'2019-01-04',1,NULL,14,37,'2019-09-05 16:30:22',NULL,'2019-09-05 16:30:22',NULL),(24,37,NULL,NULL,NULL,NULL,14,NULL,NULL,NULL,NULL,NULL),(25,18,NULL,'2019-01-04',1,NULL,14,37,'2019-09-05 16:30:53',NULL,'2019-09-05 16:30:53',NULL),(26,33,NULL,'2018-10-13',1,NULL,15,23,'2019-09-05 16:36:52',NULL,'2019-09-05 16:36:52',NULL),(27,23,NULL,NULL,NULL,NULL,15,NULL,NULL,NULL,NULL,NULL),(28,18,NULL,'2018-10-13',1,NULL,15,23,'2019-09-05 16:38:23',NULL,'2019-09-05 16:38:23',NULL),(29,NULL,'FRANCISCO DI NARDO','2019-01-19',2,'2019-07-22',9,21,'2019-09-05 16:41:40',NULL,'2019-09-05 16:41:40',NULL),(30,29,NULL,'2019-02-04',1,NULL,16,29,'2019-09-05 16:42:45',NULL,'2019-09-05 16:42:45',NULL),(31,51,NULL,'2019-02-04',1,NULL,16,29,'2019-09-05 16:43:43',NULL,'2019-09-05 16:43:43',NULL),(32,91,NULL,'2016-09-04',1,NULL,17,89,'2019-09-05 16:44:55',NULL,'2019-09-05 16:44:55',NULL),(33,89,NULL,NULL,NULL,NULL,17,NULL,NULL,NULL,NULL,NULL),(34,90,NULL,'2019-09-04',1,NULL,17,89,'2019-09-05 16:45:29',NULL,'2019-09-05 16:45:29',NULL),(35,56,NULL,'2019-05-20',1,NULL,18,50,'2019-09-05 16:48:00',NULL,'2019-09-05 16:48:00',NULL),(36,50,NULL,NULL,NULL,NULL,18,NULL,NULL,NULL,NULL,NULL),(37,NULL,'LISANDRO PANELLI','2019-05-19',1,NULL,19,21,'2019-09-05 16:51:14',NULL,'2019-09-05 16:51:14',NULL),(38,21,NULL,NULL,NULL,NULL,19,NULL,NULL,NULL,NULL,NULL),(39,70,NULL,'2019-08-06',1,NULL,19,21,'2019-09-05 16:52:05',NULL,'2019-09-05 16:52:05',NULL),(40,69,NULL,'2019-08-06',1,NULL,19,21,'2019-09-05 16:52:25',NULL,'2019-09-05 16:52:25',NULL),(41,37,NULL,'2019-01-04',1,NULL,20,37,'2019-09-05 16:52:25',NULL,'2019-09-05 16:52:25',NULL),(42,32,NULL,'2019-01-04',1,NULL,20,37,'2019-09-05 16:52:50',NULL,'2019-09-05 16:52:50',NULL),(43,71,NULL,'2019-08-06',1,NULL,19,21,'2019-09-05 16:52:59',NULL,'2019-09-05 16:52:59',NULL),(44,18,NULL,'2019-01-04',1,NULL,20,37,'2019-09-05 16:53:13',NULL,'2019-09-05 16:53:13',NULL),(45,12,NULL,'2017-11-24',1,NULL,21,12,'2019-09-05 16:59:17',NULL,'2019-09-05 16:59:17',NULL),(46,14,NULL,'2017-11-24',1,NULL,21,12,'2019-09-05 16:59:56',NULL,'2019-09-05 16:59:56',NULL),(47,102,NULL,'2017-08-25',2,'2019-09-05',22,102,'2019-09-05 17:07:21',NULL,'2019-09-05 17:07:21',NULL),(48,56,NULL,'2019-02-15',1,NULL,23,50,'2019-09-05 17:07:57',NULL,'2019-09-05 17:07:57',NULL),(49,50,NULL,NULL,NULL,NULL,23,NULL,NULL,NULL,NULL,NULL),(50,104,NULL,'2015-08-25',2,'2017-08-25',22,102,'2019-09-05 17:09:58',NULL,'2019-09-05 17:09:58',NULL),(51,56,NULL,'2019-02-08',2,'2019-04-03',24,28,'2019-09-05 17:13:33',NULL,'2019-09-05 17:13:33',NULL),(52,28,NULL,NULL,NULL,NULL,24,NULL,NULL,NULL,NULL,NULL),(53,91,NULL,'2019-09-03',1,NULL,26,89,'2019-09-05 17:15:01',NULL,'2019-09-05 17:15:01',NULL),(54,89,NULL,NULL,NULL,NULL,26,NULL,NULL,NULL,NULL,NULL),(55,88,NULL,'2019-09-03',1,NULL,26,89,'2019-09-05 17:15:19',NULL,'2019-09-05 17:15:19',NULL),(56,72,NULL,'2017-10-20',1,NULL,27,23,'2019-09-05 17:17:58',NULL,'2019-09-05 17:17:58',NULL),(57,23,NULL,NULL,NULL,NULL,27,NULL,NULL,NULL,NULL,NULL),(58,12,NULL,'2018-09-12',1,NULL,31,12,'2019-09-05 17:18:49',NULL,'2019-09-05 17:18:49',NULL),(59,43,NULL,'2017-12-21',1,NULL,30,21,'2019-09-05 17:19:15',NULL,'2019-09-05 17:19:15',NULL),(60,21,NULL,NULL,NULL,NULL,30,NULL,NULL,NULL,NULL,NULL),(61,14,NULL,'2018-03-12',1,NULL,31,12,'2019-09-05 17:19:23',NULL,'2019-09-05 17:19:23',NULL),(62,48,NULL,'2018-10-31',1,NULL,29,22,'2019-09-05 17:19:32',NULL,'2019-09-05 17:19:32',NULL),(63,22,NULL,NULL,NULL,NULL,29,NULL,NULL,NULL,NULL,NULL),(64,NULL,'LISANDRO PANELLI','2017-12-21',1,NULL,30,21,'2019-09-05 17:20:05',NULL,'2019-09-05 17:20:05',NULL),(65,24,NULL,'2019-03-11',1,NULL,28,48,'2019-09-05 17:20:05',NULL,'2019-09-05 17:20:05',NULL),(66,48,NULL,NULL,NULL,NULL,28,NULL,NULL,NULL,NULL,NULL),(67,13,NULL,'2018-10-10',1,NULL,31,12,'2019-09-05 17:20:26',NULL,'2019-09-05 17:20:26',NULL),(68,30,NULL,'2019-03-11',1,NULL,28,48,'2019-09-05 17:20:32',NULL,'2019-09-05 17:20:32',NULL),(69,56,NULL,'2019-05-20',2,'2019-08-28',33,50,'2019-09-05 17:28:55',NULL,'2019-09-05 17:28:55',NULL),(70,50,NULL,NULL,NULL,NULL,33,NULL,NULL,NULL,NULL,NULL),(71,51,NULL,'2019-02-13',1,NULL,34,29,'2019-09-05 17:31:09',NULL,'2019-09-05 17:31:09',NULL),(72,29,NULL,NULL,NULL,NULL,34,NULL,NULL,NULL,NULL,NULL),(73,72,NULL,'2018-06-02',2,'2018-10-01',35,17,'2019-09-05 17:31:42',NULL,'2019-09-05 17:31:42',NULL),(74,17,NULL,NULL,NULL,NULL,35,NULL,NULL,NULL,NULL,NULL),(75,43,NULL,'2018-06-02',1,NULL,35,17,'2019-09-05 17:32:11',NULL,'2019-09-05 17:32:11',NULL),(76,48,NULL,'2019-03-11',1,NULL,36,44,'2019-09-05 17:35:55',NULL,'2019-09-05 17:35:55',NULL),(77,44,NULL,NULL,NULL,NULL,36,NULL,NULL,NULL,NULL,NULL),(78,88,NULL,'2019-09-02',1,NULL,38,89,'2019-09-05 17:38:40',NULL,'2019-09-05 17:38:40',NULL),(79,89,NULL,NULL,NULL,NULL,38,NULL,NULL,NULL,NULL,NULL),(80,91,NULL,'2019-09-02',1,NULL,38,89,'2019-09-05 17:38:53',NULL,'2019-09-05 17:38:53',NULL),(81,NULL,'MILAGROS LUAYZA - ABOGADO','2018-04-25',1,NULL,37,23,'2019-09-05 17:39:41',NULL,'2019-09-05 17:39:41',NULL),(82,23,NULL,NULL,NULL,NULL,37,NULL,NULL,NULL,NULL,NULL),(83,13,NULL,'2019-04-09',1,NULL,39,12,'2019-09-05 17:42:56',NULL,'2019-09-05 17:42:56',NULL),(84,12,NULL,NULL,NULL,NULL,39,NULL,NULL,NULL,NULL,NULL),(85,14,NULL,'2019-04-09',1,NULL,39,12,'2019-09-05 17:43:33',NULL,'2019-09-05 17:43:33',NULL),(86,24,NULL,'2019-04-08',1,NULL,40,48,'2019-09-05 17:50:22',NULL,'2019-09-05 17:50:22',NULL),(87,48,NULL,NULL,NULL,NULL,40,NULL,NULL,NULL,NULL,NULL),(88,32,NULL,'2019-04-08',1,NULL,40,48,'2019-09-05 17:52:22',NULL,'2019-09-05 17:52:22',NULL),(89,43,NULL,'2018-05-17',1,NULL,41,17,'2019-09-05 17:54:15',NULL,'2019-09-05 17:54:15',NULL),(90,17,NULL,NULL,NULL,NULL,41,NULL,NULL,NULL,NULL,NULL),(91,33,NULL,'2019-09-01',1,NULL,41,17,'2019-09-05 17:54:37',NULL,'2019-09-05 17:54:37',NULL),(92,33,NULL,'2019-04-03',1,NULL,42,33,'2019-09-05 17:54:47',NULL,'2019-09-05 17:54:47',NULL),(93,45,NULL,'2019-04-03',1,NULL,42,33,'2019-09-05 17:55:25',NULL,'2019-09-05 17:55:25',NULL),(94,56,NULL,'2019-03-15',2,'2019-09-03',44,50,'2019-09-05 17:56:29',NULL,'2019-09-05 17:56:29',NULL),(95,50,NULL,NULL,NULL,NULL,44,NULL,NULL,NULL,NULL,NULL),(96,13,NULL,'2018-12-29',1,NULL,45,12,'2019-09-05 17:56:54',NULL,'2019-09-05 17:56:54',NULL),(97,12,NULL,NULL,NULL,NULL,45,NULL,NULL,NULL,NULL,NULL),(98,48,NULL,'2019-05-02',1,NULL,46,24,'2019-09-05 17:57:29',NULL,'2019-09-05 17:57:29',NULL),(99,24,NULL,NULL,NULL,NULL,46,NULL,NULL,NULL,NULL,NULL),(100,30,NULL,'2019-05-02',1,NULL,46,24,'2019-09-05 17:57:57',NULL,'2019-09-05 17:57:57',NULL),(101,58,NULL,'2014-10-15',1,NULL,48,58,'2019-09-05 18:01:01',NULL,'2019-09-05 18:01:01',NULL),(102,57,NULL,'2017-03-08',1,NULL,48,58,'2019-09-05 18:02:18',NULL,'2019-09-05 18:02:18',NULL),(103,NULL,'LUCRECIA PACHANO','2017-07-11',2,'2017-12-29',52,21,'2019-09-05 18:04:08',NULL,'2019-09-05 18:04:08',NULL),(104,21,NULL,NULL,NULL,NULL,52,NULL,NULL,NULL,NULL,NULL),(105,48,NULL,'2019-07-25',1,NULL,53,44,'2019-09-05 18:04:51',NULL,'2019-09-05 18:04:51',NULL),(106,44,NULL,NULL,NULL,NULL,53,NULL,NULL,NULL,NULL,NULL),(107,79,NULL,'2019-08-28',1,NULL,50,79,'2019-09-05 18:05:09',NULL,'2019-09-05 18:05:09',NULL),(108,37,NULL,'2019-01-02',1,NULL,55,37,'2019-09-05 18:07:08',NULL,'2019-09-05 18:07:08',NULL),(109,48,NULL,'2019-01-02',1,NULL,55,37,'2019-09-05 18:07:33',NULL,'2019-09-05 18:07:33',NULL),(110,51,NULL,'2019-01-02',1,NULL,55,37,'2019-09-05 18:08:00',NULL,'2019-09-05 18:08:00',NULL),(111,71,NULL,'2019-07-23',1,NULL,54,71,'2019-09-05 18:09:42',NULL,'2019-09-05 18:09:42',NULL),(112,69,NULL,'2019-07-24',2,'2019-08-12',56,69,'2019-09-05 18:09:49',NULL,'2019-09-05 18:09:49',NULL),(113,33,NULL,'2019-03-15',1,NULL,58,45,'2019-09-05 18:10:02',NULL,'2019-09-05 18:10:02',NULL),(114,45,NULL,NULL,NULL,NULL,58,NULL,NULL,NULL,NULL,NULL),(115,69,NULL,'2019-07-23',1,NULL,54,71,'2019-09-05 18:10:16',NULL,'2019-09-05 18:10:16',NULL),(116,71,NULL,'2019-07-24',2,'2019-08-12',56,69,'2019-09-05 18:10:29',NULL,'2019-09-05 18:10:29',NULL),(117,48,NULL,'2019-03-15',1,NULL,58,45,'2019-09-05 18:10:34',NULL,'2019-09-05 18:10:34',NULL),(118,70,NULL,'2019-07-24',2,'2019-08-12',56,69,'2019-09-05 18:11:06',NULL,'2019-09-05 18:11:06',NULL),(119,82,NULL,'2017-01-11',1,NULL,60,82,'2019-09-05 18:18:07',NULL,'2019-09-05 18:18:07',NULL),(120,56,NULL,'2019-04-29',1,NULL,48,58,'2019-09-05 18:18:16',NULL,'2019-09-05 18:18:16',NULL),(121,NULL,'MARIANA SEMENZATO VIGAS - PSICOLOGA','2017-01-11',1,NULL,60,82,'2019-09-05 18:18:49',NULL,'2019-09-05 18:18:49',NULL),(122,83,NULL,'2017-01-11',1,NULL,60,82,'2019-09-05 18:19:11',NULL,'2019-09-05 18:19:11',NULL),(123,59,NULL,'2019-02-18',1,NULL,48,58,'2019-09-05 18:20:54',NULL,'2019-09-05 18:20:54',NULL),(124,33,NULL,'2019-05-21',1,NULL,63,33,'2019-09-05 18:22:11',NULL,'2019-09-05 18:22:11',NULL),(125,45,NULL,'2019-05-21',1,NULL,63,33,'2019-09-05 18:22:26',NULL,'2019-09-05 18:22:26',NULL),(126,32,NULL,'2019-02-04',1,NULL,62,24,'2019-09-05 18:22:49',NULL,'2019-09-05 18:22:49',NULL),(127,24,NULL,NULL,NULL,NULL,62,NULL,NULL,NULL,NULL,NULL),(128,18,NULL,'2019-02-04',1,NULL,62,24,'2019-09-05 18:23:16',NULL,'2019-09-05 18:23:16',NULL),(129,37,NULL,'2019-05-27',1,NULL,65,37,'2019-09-05 18:25:33',NULL,'2019-09-05 18:25:33',NULL),(130,18,NULL,'2019-05-27',1,NULL,65,37,'2019-09-05 18:25:57',NULL,'2019-09-05 18:25:57',NULL),(131,30,NULL,'2019-05-27',1,NULL,65,37,'2019-09-05 18:26:22',NULL,'2019-09-05 18:26:22',NULL),(132,33,NULL,'2018-11-27',1,NULL,66,36,'2019-09-05 18:31:20',NULL,'2019-09-05 18:31:20',NULL),(133,36,NULL,NULL,NULL,NULL,66,NULL,NULL,NULL,NULL,NULL),(134,82,NULL,'2017-01-17',2,'2019-04-13',67,82,'2019-09-05 18:31:56',NULL,'2019-09-05 18:31:56',NULL),(135,84,NULL,'2017-01-17',2,'2019-04-13',67,82,'2019-09-05 18:32:25',NULL,'2019-09-05 18:32:25',NULL),(136,83,NULL,'2017-01-17',2,'2019-04-13',67,82,'2019-09-05 18:32:42',NULL,'2019-09-05 18:32:42',NULL),(137,33,NULL,'2019-01-21',1,NULL,69,33,'2019-09-05 18:33:39',NULL,'2019-09-05 18:33:39',NULL),(138,43,NULL,'2018-11-27',1,NULL,66,36,'2019-09-05 18:33:40',NULL,'2019-09-05 18:33:40',NULL),(139,37,NULL,'2019-01-21',1,NULL,69,33,'2019-09-05 18:34:04',NULL,'2019-09-05 18:34:04',NULL),(140,71,NULL,'2019-04-23',1,NULL,71,71,'2019-09-05 18:38:12',NULL,'2019-09-05 18:38:12',NULL),(141,69,NULL,'2019-04-23',1,NULL,71,71,'2019-09-05 18:38:51',NULL,'2019-09-05 18:38:51',NULL),(142,69,NULL,'2019-04-25',1,NULL,72,69,'2019-09-05 18:39:03',NULL,'2019-09-05 18:39:03',NULL),(143,71,NULL,'2019-04-25',1,NULL,72,69,'2019-09-05 18:39:27',NULL,'2019-09-05 18:39:27',NULL),(144,NULL,'LUCRECIA PACHANO','2017-08-29',2,'2017-12-29',74,21,'2019-09-05 18:41:27',NULL,'2019-09-05 18:41:27',NULL),(145,21,NULL,NULL,NULL,NULL,74,NULL,NULL,NULL,NULL,NULL),(146,13,NULL,'2019-04-11',1,NULL,73,12,'2019-09-05 18:41:51',NULL,'2019-09-05 18:41:51',NULL),(147,12,NULL,NULL,NULL,NULL,73,NULL,NULL,NULL,NULL,NULL),(148,NULL,'LEONARDO GIANELLI','2017-08-29',2,'2017-12-29',74,21,'2019-09-05 18:42:12',NULL,'2019-09-05 18:42:12',NULL),(149,14,NULL,'2019-04-11',1,NULL,73,12,'2019-09-05 18:43:26',NULL,'2019-09-05 18:43:26',NULL),(150,33,NULL,'2018-10-09',1,NULL,77,33,'2019-09-05 18:45:53',NULL,'2019-09-05 18:45:53',NULL),(151,37,NULL,'2018-10-09',1,NULL,77,33,'2019-09-05 18:46:13',NULL,'2019-09-05 18:46:13',NULL),(152,37,NULL,'2018-12-17',1,NULL,78,37,'2019-09-05 18:46:18',NULL,'2019-09-05 18:46:18',NULL),(153,18,NULL,'2018-12-17',1,NULL,78,37,'2019-09-05 18:47:31',NULL,'2019-09-05 18:47:31',NULL),(154,51,NULL,'2018-12-17',1,NULL,78,37,'2019-09-05 18:47:59',NULL,'2019-09-05 18:47:59',NULL),(155,32,NULL,'2019-02-27',1,NULL,80,24,'2019-09-05 18:51:04',NULL,'2019-09-05 18:51:04',NULL),(156,24,NULL,NULL,NULL,NULL,80,NULL,NULL,NULL,NULL,NULL),(157,43,NULL,'2019-02-27',1,NULL,80,24,'2019-09-05 18:51:56',NULL,'2019-09-05 18:51:56',NULL),(158,11,NULL,'2017-05-02',1,NULL,82,11,'2019-09-05 18:53:12',NULL,'2019-09-05 18:53:12',NULL),(159,56,NULL,'2019-05-02',2,'2019-05-03',83,50,'2019-09-05 18:54:09',NULL,'2019-09-05 18:54:09',NULL),(160,50,NULL,NULL,NULL,NULL,83,NULL,NULL,NULL,NULL,NULL),(161,51,NULL,'2018-12-14',1,NULL,87,36,'2019-09-05 19:02:09',NULL,'2019-09-05 19:02:09',NULL),(162,36,NULL,NULL,NULL,NULL,87,NULL,NULL,NULL,NULL,NULL),(163,18,NULL,'2018-12-14',1,NULL,87,36,'2019-09-05 19:03:04',NULL,'2019-09-05 19:03:04',NULL),(164,33,NULL,'2018-09-24',1,NULL,89,33,'2019-09-05 19:05:08',NULL,'2019-09-05 19:05:08',NULL),(165,44,NULL,'2018-09-24',1,NULL,89,33,'2019-09-05 19:05:31',NULL,'2019-09-05 19:05:31',NULL),(166,37,NULL,'2018-10-29',1,NULL,88,37,'2019-09-05 19:05:51',NULL,'2019-09-05 19:05:51',NULL),(167,43,NULL,'2018-10-27',1,NULL,88,37,'2019-09-05 19:06:24',NULL,'2019-09-05 19:06:24',NULL),(168,51,NULL,'2018-10-27',1,NULL,88,37,'2019-09-05 19:06:44',NULL,'2019-09-05 19:06:44',NULL),(169,56,NULL,'2019-02-14',2,'2019-05-03',91,50,'2019-09-05 19:08:40',NULL,'2019-09-05 19:08:40',NULL),(170,50,NULL,NULL,NULL,NULL,91,NULL,NULL,NULL,NULL,NULL),(171,72,NULL,'2017-11-06',2,'2017-12-29',92,21,'2019-09-05 19:09:12',NULL,'2019-09-05 19:09:12',NULL),(172,21,NULL,NULL,NULL,NULL,92,NULL,NULL,NULL,NULL,NULL),(175,30,NULL,'2019-06-03',1,NULL,94,24,'2019-09-05 19:16:07',NULL,'2019-09-05 19:16:07',NULL),(176,24,NULL,NULL,NULL,NULL,94,NULL,NULL,NULL,NULL,NULL),(177,43,NULL,'2019-06-03',1,NULL,94,24,'2019-09-05 19:16:54',NULL,'2019-09-05 19:16:54',NULL),(178,43,NULL,'2019-06-03',1,NULL,94,24,'2019-09-05 19:16:54',NULL,'2019-09-05 19:16:54',NULL),(179,85,NULL,'2018-08-01',1,NULL,96,85,'2019-09-05 19:19:24',NULL,'2019-09-05 19:19:24',NULL),(180,56,NULL,'2019-03-25',2,'2019-03-26',97,50,'2019-09-05 19:20:24',NULL,'2019-09-05 19:20:24',NULL),(181,50,NULL,NULL,NULL,NULL,97,NULL,NULL,NULL,NULL,NULL),(182,105,NULL,'2017-08-17',2,'2018-05-11',98,105,'2019-09-05 19:22:39',NULL,'2019-09-05 19:22:39',NULL),(183,NULL,'Adrogue Valeria TS','2017-08-17',2,'2018-05-08',98,105,'2019-09-05 19:29:28',NULL,'2019-09-05 19:29:28',NULL),(184,33,NULL,'2019-05-10',1,NULL,104,33,'2019-09-05 19:30:11',NULL,'2019-09-05 19:30:11',NULL),(185,29,NULL,'2019-05-10',1,NULL,104,33,'2019-09-05 19:30:39',NULL,'2019-09-05 19:30:39',NULL),(186,NULL,'Pablo Poruobsky Abogado','2017-08-17',2,'2018-05-08',98,105,'2019-09-05 19:30:42',NULL,'2019-09-05 19:30:42',NULL),(187,NULL,'LEONARDO GIANELLI','2017-06-06',2,'2017-12-29',103,21,'2019-09-05 19:31:21',NULL,'2019-09-05 19:31:21',NULL),(188,21,NULL,NULL,NULL,NULL,103,NULL,NULL,NULL,NULL,NULL),(189,56,NULL,'2019-04-03',2,'2019-05-23',106,50,'2019-09-05 19:31:45',NULL,'2019-09-05 19:31:45',NULL),(190,50,NULL,NULL,NULL,NULL,106,NULL,NULL,NULL,NULL,NULL),(191,51,NULL,'2019-06-26',1,NULL,109,24,'2019-09-05 19:37:00',NULL,'2019-09-05 19:37:00',NULL),(192,24,NULL,NULL,NULL,NULL,109,NULL,NULL,NULL,NULL,NULL),(193,33,NULL,'2018-07-25',1,NULL,110,33,'2019-09-05 19:37:06',NULL,'2019-09-05 19:37:06',NULL),(194,43,NULL,'2019-06-26',1,NULL,109,24,'2019-09-05 19:37:27',NULL,'2019-09-05 19:37:27',NULL),(195,29,NULL,'2018-07-25',1,NULL,110,33,'2019-09-05 19:37:29',NULL,'2019-09-05 19:37:29',NULL),(196,1,NULL,'2018-11-06',2,'2019-09-02',102,2,'2019-09-05 19:44:43',NULL,'2019-09-05 19:44:43',NULL),(197,2,NULL,NULL,NULL,NULL,102,NULL,NULL,NULL,NULL,NULL),(198,56,NULL,'2019-03-01',2,'2019-03-02',114,50,'2019-09-05 19:45:46',NULL,'2019-09-05 19:45:46',NULL),(199,50,NULL,NULL,NULL,NULL,114,NULL,NULL,NULL,NULL,NULL),(200,NULL,'MARCELA RODRIGUEZ','2017-09-25',2,'2017-10-16',113,21,'2019-09-05 19:45:51',NULL,'2019-09-05 19:45:51',NULL),(201,21,NULL,NULL,NULL,NULL,113,NULL,NULL,NULL,NULL,NULL),(202,NULL,'LEONARDO GIANELLI','2017-09-25',2,'2017-10-16',113,21,'2019-09-05 19:46:44',NULL,'2019-09-05 19:46:44',NULL),(203,NULL,'FRANCISCO DI NARDO','2018-09-25',2,'2018-11-29',116,21,'2019-09-05 19:53:32',NULL,'2019-09-05 19:53:32',NULL),(204,21,NULL,NULL,NULL,NULL,116,NULL,NULL,NULL,NULL,NULL),(205,56,NULL,'2019-03-29',2,'2019-04-14',117,50,'2019-09-05 19:54:32',NULL,'2019-09-05 19:54:32',NULL),(206,50,NULL,NULL,NULL,NULL,117,NULL,NULL,NULL,NULL,NULL),(207,1,NULL,'2018-11-06',2,'2019-09-02',118,2,'2019-09-05 19:56:12',NULL,'2019-09-05 19:56:12',NULL),(208,2,NULL,NULL,NULL,NULL,118,NULL,NULL,NULL,NULL,NULL),(209,59,NULL,'2018-11-06',2,'2019-02-01',118,2,'2019-09-05 19:57:42',NULL,'2019-09-05 19:57:42',NULL),(210,56,NULL,'2019-03-26',2,'2019-05-16',119,50,'2019-09-05 20:08:37',NULL,'2019-09-05 20:08:37',NULL),(211,50,NULL,NULL,NULL,NULL,119,NULL,NULL,NULL,NULL,NULL),(212,51,NULL,'2019-02-12',1,NULL,120,36,'2019-09-05 20:10:37',NULL,'2019-09-05 20:10:37',NULL),(213,36,NULL,NULL,NULL,NULL,120,NULL,NULL,NULL,NULL,NULL),(214,48,NULL,'2019-02-12',1,NULL,120,36,'2019-09-05 20:11:22',NULL,'2019-09-05 20:11:22',NULL),(215,1,NULL,'2018-11-06',2,'2019-09-02',121,2,'2019-09-05 20:15:59',NULL,'2019-09-05 20:15:59',NULL),(216,2,NULL,NULL,NULL,NULL,121,NULL,NULL,NULL,NULL,NULL),(217,58,NULL,'2017-11-30',1,NULL,122,55,'2019-09-05 20:26:52',NULL,'2019-09-05 20:26:52',NULL),(218,55,NULL,NULL,NULL,NULL,122,NULL,NULL,NULL,NULL,NULL),(219,32,NULL,'2019-03-09',1,NULL,123,36,'2019-09-05 20:45:30',NULL,'2019-09-05 20:45:30',NULL),(220,36,NULL,NULL,NULL,NULL,123,NULL,NULL,NULL,NULL,NULL),(221,48,NULL,'2019-03-09',1,NULL,123,36,'2019-09-05 20:45:52',NULL,'2019-09-05 20:45:52',NULL),(222,32,NULL,'2019-04-10',1,NULL,124,36,'2019-09-05 21:00:08',NULL,'2019-09-05 21:00:08',NULL),(223,36,NULL,NULL,NULL,NULL,124,NULL,NULL,NULL,NULL,NULL),(224,43,NULL,'2019-04-10',1,NULL,124,36,'2019-09-05 21:02:12',NULL,'2019-09-05 21:02:12',NULL),(225,30,NULL,'2019-04-10',1,NULL,124,36,'2019-09-05 21:02:36',NULL,'2019-09-05 21:02:36',NULL),(226,99,NULL,'2019-07-24',1,NULL,125,100,'2019-09-06 06:17:00',NULL,'2019-09-06 06:17:00',NULL),(227,100,NULL,NULL,NULL,NULL,125,NULL,NULL,NULL,NULL,NULL),(228,97,NULL,'2018-07-24',1,NULL,125,100,'2019-09-06 06:17:35',NULL,'2019-09-06 06:17:35',NULL),(229,98,NULL,'2018-07-24',1,NULL,125,100,'2019-09-06 06:18:05',NULL,'2019-09-06 06:18:05',NULL),(230,86,NULL,'2018-02-14',2,'2018-03-02',126,86,'2019-09-06 14:45:03',NULL,'2019-09-06 14:45:03',NULL),(231,48,NULL,'2019-03-15',1,NULL,127,45,'2019-09-06 14:53:26',NULL,'2019-09-06 14:53:26',NULL),(232,45,NULL,NULL,NULL,NULL,127,NULL,NULL,NULL,NULL,NULL),(233,33,NULL,'2019-03-15',1,NULL,127,45,'2019-09-06 14:53:42',NULL,'2019-09-06 14:53:42',NULL),(234,4,NULL,'2017-12-05',2,'2017-12-15',128,4,'2019-09-06 15:02:14',NULL,'2019-09-06 15:02:14',NULL),(235,3,NULL,'2017-12-05',2,'2017-12-15',128,4,'2019-09-06 15:03:03',NULL,'2019-09-06 15:03:03',NULL),(236,5,NULL,'2017-12-05',2,'2017-12-15',128,4,'2019-09-06 15:03:29',NULL,'2019-09-06 15:03:29',NULL),(237,43,NULL,'2019-04-06',1,NULL,129,45,'2019-09-06 15:07:05',NULL,'2019-09-06 15:07:05',NULL),(238,45,NULL,NULL,NULL,NULL,129,NULL,NULL,NULL,NULL,NULL),(239,30,NULL,'2019-04-06',1,NULL,129,45,'2019-09-06 15:07:39',NULL,'2019-09-06 15:07:39',NULL),(240,88,NULL,'2018-12-26',1,NULL,130,89,'2019-09-06 15:11:46',NULL,'2019-09-06 15:11:46',NULL),(241,89,NULL,NULL,NULL,NULL,130,NULL,NULL,NULL,NULL,NULL),(242,91,NULL,'2018-12-26',1,NULL,130,89,'2019-09-06 15:12:29',NULL,'2019-09-06 15:12:29',NULL),(243,88,NULL,'2019-01-10',1,NULL,133,89,'2019-09-06 15:26:07',NULL,'2019-09-06 15:26:07',NULL),(244,89,NULL,NULL,NULL,NULL,133,NULL,NULL,NULL,NULL,NULL),(245,91,NULL,'2019-01-10',1,NULL,133,89,'2019-09-06 15:26:20',NULL,'2019-09-06 15:26:20',NULL),(246,88,NULL,'2019-01-18',1,NULL,137,89,'2019-09-06 15:35:15',NULL,'2019-09-06 15:35:15',NULL),(247,89,NULL,NULL,NULL,NULL,137,NULL,NULL,NULL,NULL,NULL),(248,91,NULL,'2019-01-18',1,NULL,137,89,'2019-09-06 15:36:30',NULL,'2019-09-06 15:36:30',NULL),(249,80,NULL,'2019-09-05',1,NULL,138,79,'2019-09-06 15:37:56',NULL,'2019-09-06 15:37:56',NULL),(250,79,NULL,NULL,NULL,NULL,138,NULL,NULL,NULL,NULL,NULL),(251,81,NULL,'2019-09-05',1,NULL,138,79,'2019-09-06 15:38:28',NULL,'2019-09-06 15:38:28',NULL),(252,88,NULL,'2019-01-25',1,NULL,140,89,'2019-09-06 15:46:30',NULL,'2019-09-06 15:46:30',NULL),(253,89,NULL,NULL,NULL,NULL,140,NULL,NULL,NULL,NULL,NULL),(254,91,NULL,'2019-01-25',1,NULL,140,89,'2019-09-06 15:46:57',NULL,'2019-09-06 15:46:57',NULL),(255,30,NULL,'2019-09-02',1,NULL,141,24,'2019-09-06 15:48:34',NULL,'2019-09-06 15:48:34',NULL),(256,24,NULL,NULL,NULL,NULL,141,NULL,NULL,NULL,NULL,NULL),(257,18,NULL,'2019-09-02',1,NULL,141,24,'2019-09-06 15:48:49',NULL,'2019-09-06 15:48:49',NULL),(258,58,NULL,'2017-10-30',1,NULL,142,57,'2019-09-06 15:50:14',NULL,'2019-09-06 15:50:14',NULL),(259,57,NULL,NULL,NULL,NULL,142,NULL,NULL,NULL,NULL,NULL),(260,66,NULL,'2019-07-10',1,NULL,143,64,'2019-09-06 15:55:55',NULL,'2019-09-06 15:55:55',NULL),(261,64,NULL,NULL,NULL,NULL,143,NULL,NULL,NULL,NULL,NULL),(262,63,NULL,'2019-07-10',1,NULL,143,64,'2019-09-06 15:56:49',NULL,'2019-09-06 15:56:49',NULL),(263,67,NULL,'2019-07-10',1,NULL,143,64,'2019-09-06 15:57:42',NULL,'2019-09-06 15:57:42',NULL),(264,80,NULL,'2019-09-05',1,NULL,144,80,'2019-09-06 15:58:22',NULL,'2019-09-06 15:58:22',NULL),(265,79,NULL,'2019-09-05',1,NULL,144,80,'2019-09-06 15:58:38',NULL,'2019-09-06 15:58:38',NULL),(266,59,NULL,'2019-09-06',1,NULL,142,57,'2019-09-06 15:58:56',NULL,'2019-09-06 15:58:56',NULL),(267,81,NULL,'2019-09-05',1,NULL,144,80,'2019-09-06 15:59:04',NULL,'2019-09-06 15:59:04',NULL),(268,56,NULL,'2019-09-06',1,NULL,142,57,'2019-09-06 15:59:17',NULL,'2019-09-06 15:59:17',NULL),(269,43,NULL,'2019-05-18',1,NULL,146,45,'2019-09-06 16:08:32',NULL,'2019-09-06 16:08:32',NULL),(270,45,NULL,NULL,NULL,NULL,146,NULL,NULL,NULL,NULL,NULL),(271,32,NULL,'2019-05-18',1,NULL,146,45,'2019-09-06 16:08:58',NULL,'2019-09-06 16:08:58',NULL),(272,66,NULL,'2019-05-10',1,NULL,148,64,'2019-09-06 16:14:42',NULL,'2019-09-06 16:14:42',NULL),(273,64,NULL,NULL,NULL,NULL,148,NULL,NULL,NULL,NULL,NULL),(274,63,NULL,'2019-05-10',1,NULL,148,64,'2019-09-06 16:15:02',NULL,'2019-09-06 16:15:02',NULL),(275,67,NULL,'2019-05-10',1,NULL,148,64,'2019-09-06 16:15:23',NULL,'2019-09-06 16:15:23',NULL),(276,51,NULL,'2018-12-27',1,NULL,150,24,'2019-09-06 16:17:05',NULL,'2019-09-06 16:17:05',NULL),(277,24,NULL,NULL,NULL,NULL,150,NULL,NULL,NULL,NULL,NULL),(278,43,NULL,'2018-12-27',1,NULL,150,24,'2019-09-06 16:17:21',NULL,'2019-09-06 16:17:21',NULL),(279,NULL,'MILAGROS LUAYZA - ABOGADA','2019-04-18',1,NULL,149,36,'2019-09-06 16:20:23',NULL,'2019-09-06 16:20:23',NULL),(280,36,NULL,NULL,NULL,NULL,149,NULL,NULL,NULL,NULL,NULL),(281,32,NULL,'2019-06-29',1,NULL,151,45,'2019-09-06 16:21:01',NULL,'2019-09-06 16:21:01',NULL),(282,45,NULL,NULL,NULL,NULL,151,NULL,NULL,NULL,NULL,NULL),(283,48,NULL,'2019-04-18',1,NULL,149,36,'2019-09-06 16:21:02',NULL,'2019-09-06 16:21:02',NULL),(284,18,NULL,'2019-06-29',1,NULL,151,45,'2019-09-06 16:21:22',NULL,'2019-09-06 16:21:22',NULL),(285,80,NULL,'2017-03-09',1,NULL,152,79,'2019-09-06 16:21:48',NULL,'2019-09-06 16:21:48',NULL),(286,79,NULL,NULL,NULL,NULL,152,NULL,NULL,NULL,NULL,NULL),(287,51,NULL,'2018-08-23',1,NULL,154,24,'2019-09-06 16:30:23',NULL,'2019-09-06 16:30:23',NULL),(288,24,NULL,NULL,NULL,NULL,154,NULL,NULL,NULL,NULL,NULL),(289,43,NULL,'2018-08-23',1,NULL,154,24,'2019-09-06 16:30:42',NULL,'2019-09-06 16:30:42',NULL),(290,43,NULL,'2019-04-18',1,NULL,155,45,'2019-09-06 16:32:52',NULL,'2019-09-06 16:32:52',NULL),(291,45,NULL,NULL,NULL,NULL,155,NULL,NULL,NULL,NULL,NULL),(292,1,NULL,'2019-08-12',1,NULL,156,1,'2019-09-06 16:34:31',NULL,'2019-09-06 16:34:31',NULL),(293,1,NULL,'2019-08-12',1,NULL,159,1,'2019-09-06 16:35:50',NULL,'2019-09-06 16:35:50',NULL),(294,33,NULL,'2019-04-24',1,NULL,158,36,'2019-09-06 16:35:54',NULL,'2019-09-06 16:35:54',NULL),(295,36,NULL,NULL,NULL,NULL,158,NULL,NULL,NULL,NULL,NULL),(296,2,NULL,'2019-08-12',1,NULL,159,1,'2019-09-06 16:36:25',NULL,'2019-09-06 16:36:25',NULL),(297,18,NULL,'2019-04-24',1,NULL,158,36,'2019-09-06 16:36:26',NULL,'2019-09-06 16:36:26',NULL),(298,56,NULL,'2019-05-10',2,'2019-05-11',160,50,'2019-09-06 16:38:09',NULL,'2019-09-06 16:38:09',NULL),(299,50,NULL,NULL,NULL,NULL,160,NULL,NULL,NULL,NULL,NULL),(300,72,NULL,'2019-08-09',1,NULL,161,72,'2019-09-06 16:39:04',NULL,'2019-09-06 16:39:04',NULL),(301,66,NULL,'2019-01-04',1,NULL,162,64,'2019-09-06 16:39:32',NULL,'2019-09-06 16:39:32',NULL),(302,64,NULL,NULL,NULL,NULL,162,NULL,NULL,NULL,NULL,NULL),(303,73,NULL,'2019-08-09',1,NULL,161,72,'2019-09-06 16:39:38',NULL,'2019-09-06 16:39:38',NULL),(304,67,NULL,'2019-01-04',1,NULL,162,64,'2019-09-06 16:39:57',NULL,'2019-09-06 16:39:57',NULL),(305,63,NULL,'2019-01-04',1,NULL,162,64,'2019-09-06 16:40:21',NULL,'2019-09-06 16:40:21',NULL),(306,74,NULL,'2019-08-09',1,NULL,161,72,'2019-09-06 16:40:35',NULL,'2019-09-06 16:40:35',NULL),(307,80,NULL,'2017-01-26',1,NULL,163,80,'2019-09-06 16:44:33',NULL,'2019-09-06 16:44:33',NULL),(308,79,NULL,'2017-01-26',1,NULL,163,80,'2019-09-06 16:45:01',NULL,'2019-09-06 16:45:01',NULL),(309,1,NULL,'2019-08-12',1,NULL,164,1,'2019-09-06 16:45:11',NULL,'2019-09-06 16:45:11',NULL),(310,81,NULL,'2017-01-26',1,NULL,163,80,'2019-09-06 16:45:21',NULL,'2019-09-06 16:45:21',NULL),(311,2,NULL,'2019-08-12',1,NULL,164,1,'2019-09-06 16:45:38',NULL,'2019-09-06 16:45:38',NULL),(312,59,NULL,'2019-09-06',1,NULL,167,56,'2019-09-06 16:46:30',NULL,'2019-09-06 16:46:30',NULL),(313,56,NULL,NULL,NULL,NULL,167,NULL,NULL,NULL,NULL,NULL),(314,57,NULL,'2017-11-01',1,NULL,167,56,'2019-09-06 16:47:01',NULL,'2019-09-06 16:47:01',NULL),(315,48,NULL,'2018-12-26',1,NULL,166,24,'2019-09-06 16:47:10',NULL,'2019-09-06 16:47:10',NULL),(316,24,NULL,NULL,NULL,NULL,166,NULL,NULL,NULL,NULL,NULL),(317,58,NULL,'2017-11-01',1,NULL,167,56,'2019-09-06 16:47:17',NULL,'2019-09-06 16:47:17',NULL),(318,1,NULL,'2018-12-18',1,NULL,168,2,'2019-09-06 16:51:05',NULL,'2019-09-06 16:51:05',NULL),(319,2,NULL,'2018-12-18',1,NULL,168,NULL,NULL,2,'2019-09-06 17:14:54',NULL),(320,68,NULL,'2019-05-14',1,NULL,169,64,'2019-09-06 16:52:04',NULL,'2019-09-06 16:52:04',NULL),(321,64,NULL,NULL,NULL,NULL,169,NULL,NULL,NULL,NULL,NULL),(322,65,NULL,'2019-05-14',1,NULL,169,64,'2019-09-06 16:52:26',NULL,'2019-09-06 16:52:26',NULL),(323,67,NULL,'2019-05-14',1,NULL,169,64,'2019-09-06 16:52:48',NULL,'2019-09-06 16:52:48',NULL),(324,11,NULL,'2017-04-28',1,NULL,170,11,'2019-09-06 16:53:45',NULL,'2019-09-06 16:53:45',NULL),(325,10,NULL,'2017-04-28',1,NULL,170,11,'2019-09-06 16:54:14',NULL,'2019-09-06 16:54:14',NULL),(326,74,NULL,'2019-06-03',1,NULL,172,72,'2019-09-06 16:55:47',NULL,'2019-09-06 16:55:47',NULL),(327,72,NULL,NULL,NULL,NULL,172,NULL,NULL,NULL,NULL,NULL),(328,76,NULL,'2018-10-24',2,'2019-03-29',171,75,'2019-09-06 16:55:56',NULL,'2019-09-06 16:55:56',NULL),(329,75,NULL,NULL,NULL,NULL,171,NULL,NULL,NULL,NULL,NULL),(330,73,NULL,'2019-06-03',1,NULL,172,72,'2019-09-06 16:56:11',NULL,'2019-09-06 16:56:11',NULL),(331,77,NULL,'2018-10-24',2,'2019-03-29',171,75,'2019-09-06 16:58:05',NULL,'2019-09-06 16:58:05',NULL),(332,56,NULL,'2019-04-25',2,'2019-04-29',173,50,'2019-09-06 16:58:11',NULL,'2019-09-06 16:58:11',NULL),(333,50,NULL,NULL,NULL,NULL,173,NULL,NULL,NULL,NULL,NULL),(334,51,NULL,'2019-07-01',1,NULL,174,36,'2019-09-06 16:59:26',NULL,'2019-09-06 16:59:26',NULL),(335,36,NULL,NULL,NULL,NULL,174,NULL,NULL,NULL,NULL,NULL),(336,18,NULL,'2019-07-01',1,NULL,174,36,'2019-09-06 16:59:44',NULL,'2019-09-06 16:59:44',NULL),(337,69,NULL,'2018-06-10',1,NULL,175,69,'2019-09-06 17:02:12',NULL,'2019-09-06 17:02:12',NULL),(338,66,NULL,'2019-02-18',1,NULL,176,64,'2019-09-06 17:02:20',NULL,'2019-09-06 17:02:20',NULL),(339,64,NULL,NULL,NULL,NULL,176,NULL,NULL,NULL,NULL,NULL),(340,63,NULL,'2019-02-18',1,NULL,176,64,'2019-09-06 17:02:42',NULL,'2019-09-06 17:02:42',NULL),(341,67,NULL,'2019-02-18',1,NULL,176,64,'2019-09-06 17:03:21',NULL,'2019-09-06 17:03:21',NULL),(342,70,NULL,'2018-06-10',1,NULL,175,69,'2019-09-06 17:03:39',NULL,'2019-09-06 17:03:39',NULL),(343,1,NULL,'2019-03-14',1,NULL,178,1,'2019-09-06 17:04:55',NULL,'2019-09-06 17:04:55',NULL),(344,51,NULL,'2018-12-19',1,NULL,179,24,'2019-09-06 17:05:21',NULL,'2019-09-06 17:05:21',NULL),(345,24,NULL,NULL,NULL,NULL,179,NULL,NULL,NULL,NULL,NULL),(346,2,NULL,'2019-03-14',1,NULL,178,1,'2019-09-06 17:05:37',NULL,'2019-09-06 17:05:37',NULL),(347,43,NULL,'2018-12-19',1,NULL,179,24,'2019-09-06 17:05:45',NULL,'2019-09-06 17:05:45',NULL),(348,88,NULL,'2019-02-11',1,NULL,181,89,'2019-09-06 17:08:36',NULL,'2019-09-06 17:08:36',NULL),(349,89,NULL,NULL,NULL,NULL,181,NULL,NULL,NULL,NULL,NULL),(350,91,NULL,'2019-02-11',1,NULL,181,89,'2019-09-06 17:08:54',NULL,'2019-09-06 17:08:54',NULL),(351,43,NULL,'2018-02-26',1,NULL,183,37,'2019-09-06 17:10:58',NULL,'2019-09-06 17:10:58',NULL),(352,37,NULL,NULL,NULL,NULL,183,NULL,NULL,NULL,NULL,NULL),(353,69,NULL,'2019-06-28',1,NULL,185,70,'2019-09-06 17:12:21',NULL,'2019-09-06 17:12:21',NULL),(354,70,NULL,NULL,NULL,NULL,185,NULL,NULL,NULL,NULL,NULL),(355,71,NULL,'2019-06-28',1,NULL,185,70,'2019-09-06 17:12:43',NULL,'2019-09-06 17:12:43',NULL),(356,66,NULL,'2019-01-10',1,NULL,186,64,'2019-09-06 17:12:49',NULL,'2019-09-06 17:12:49',NULL),(357,64,NULL,NULL,NULL,NULL,186,NULL,NULL,NULL,NULL,NULL),(358,63,NULL,'2019-01-10',1,NULL,186,64,'2019-09-06 17:13:08',NULL,'2019-09-06 17:13:08',NULL),(359,67,NULL,'2019-01-10',1,NULL,186,64,'2019-09-06 17:13:26',NULL,'2019-09-06 17:13:26',NULL),(360,71,NULL,'2019-05-29',1,NULL,184,71,'2019-09-06 17:14:49',NULL,'2019-09-06 17:14:49',NULL),(361,69,NULL,'2019-05-29',1,NULL,184,71,'2019-09-06 17:15:14',NULL,'2019-09-06 17:15:14',NULL),(362,51,NULL,'2018-10-02',1,NULL,188,24,'2019-09-06 17:15:51',NULL,'2019-09-06 17:15:51',NULL),(363,24,NULL,NULL,NULL,NULL,188,NULL,NULL,NULL,NULL,NULL),(364,43,NULL,'2018-10-02',1,NULL,188,24,'2019-09-06 17:16:07',NULL,'2019-09-06 17:16:07',NULL),(365,56,NULL,'2019-01-18',2,'2019-06-05',187,50,'2019-09-06 17:16:14',NULL,'2019-09-06 17:16:14',NULL),(366,50,NULL,NULL,NULL,NULL,187,NULL,NULL,NULL,NULL,NULL),(367,65,NULL,'2019-05-17',1,NULL,189,64,'2019-09-06 17:21:33',NULL,'2019-09-06 17:21:33',NULL),(368,64,NULL,NULL,NULL,NULL,189,NULL,NULL,NULL,NULL,NULL),(369,68,NULL,'2019-05-17',1,NULL,189,64,'2019-09-06 17:22:04',NULL,'2019-09-06 17:22:04',NULL),(370,67,NULL,'2019-05-17',1,NULL,189,64,'2019-09-06 17:22:23',NULL,'2019-09-06 17:22:23',NULL),(371,71,NULL,'2019-02-28',1,NULL,190,69,'2019-09-06 17:24:03',NULL,'2019-09-06 17:24:03',NULL),(372,69,NULL,NULL,NULL,NULL,190,NULL,NULL,NULL,NULL,NULL),(373,13,NULL,'2019-06-05',1,NULL,191,12,'2019-09-06 17:27:13',NULL,'2019-09-06 17:27:13',NULL),(374,12,NULL,NULL,NULL,NULL,191,NULL,NULL,NULL,NULL,NULL),(375,56,NULL,'2019-05-09',2,'2019-05-27',194,50,'2019-09-06 17:30:16',NULL,'2019-09-06 17:30:16',NULL),(376,50,NULL,NULL,NULL,NULL,194,NULL,NULL,NULL,NULL,NULL),(377,77,NULL,'2017-11-03',2,'2019-01-03',193,77,'2019-09-06 17:30:38',NULL,'2019-09-06 17:30:38',NULL),(378,76,NULL,'2017-11-03',2,'2019-01-03',193,77,'2019-09-06 17:31:31',NULL,'2019-09-06 17:31:31',NULL),(379,65,NULL,'2019-02-13',1,NULL,196,64,'2019-09-06 17:34:32',NULL,'2019-09-06 17:34:32',NULL),(380,64,NULL,NULL,NULL,NULL,196,NULL,NULL,NULL,NULL,NULL),(381,68,NULL,'2019-02-13',1,NULL,196,64,'2019-09-06 17:35:53',NULL,'2019-09-06 17:35:53',NULL),(382,67,NULL,'2019-02-13',1,NULL,196,64,'2019-09-06 17:36:10',NULL,'2019-09-06 17:36:10',NULL),(383,2,NULL,'2018-01-11',1,NULL,197,2,'2019-09-06 17:36:28',NULL,'2019-09-06 17:36:28',NULL),(384,2,NULL,'2019-08-30',1,NULL,198,1,'2019-09-06 17:36:43',NULL,'2019-09-06 17:36:43',NULL),(385,1,NULL,NULL,NULL,NULL,198,NULL,NULL,NULL,NULL,NULL),(386,1,NULL,'2018-01-11',1,NULL,197,2,'2019-09-06 17:36:54',NULL,'2019-09-06 17:36:54',NULL),(387,88,NULL,'2019-02-14',1,NULL,199,89,'2019-09-06 17:40:04',NULL,'2019-09-06 17:40:04',NULL),(388,89,NULL,NULL,NULL,NULL,199,NULL,NULL,NULL,NULL,NULL),(389,91,NULL,'2019-02-14',1,NULL,199,89,'2019-09-06 17:40:18',NULL,'2019-09-06 17:40:18',NULL),(390,57,NULL,'2017-10-18',1,NULL,200,59,'2019-09-06 17:41:57',NULL,'2019-09-06 17:41:57',NULL),(391,59,NULL,NULL,NULL,NULL,200,NULL,NULL,NULL,NULL,NULL),(392,56,NULL,'2019-08-30',1,NULL,200,59,'2019-09-06 17:43:03',NULL,'2019-09-06 17:43:03',NULL),(393,32,NULL,'2019-05-20',1,NULL,202,24,'2019-09-06 17:43:35',NULL,'2019-09-06 17:43:35',NULL),(394,24,NULL,NULL,NULL,NULL,202,NULL,NULL,NULL,NULL,NULL),(395,18,NULL,'2019-05-20',1,NULL,202,24,'2019-09-06 17:43:56',NULL,'2019-09-06 17:43:56',NULL),(396,101,NULL,'2019-01-03',1,NULL,201,101,'2019-09-06 17:43:58',NULL,'2019-09-06 17:43:58',NULL),(397,58,NULL,'2017-10-18',1,NULL,200,59,'2019-09-06 17:44:01',NULL,'2019-09-06 17:44:01',NULL),(398,56,NULL,'2019-04-08',2,'2019-04-12',203,50,'2019-09-06 17:49:15',NULL,'2019-09-06 17:49:15',NULL),(399,50,NULL,NULL,NULL,NULL,203,NULL,NULL,NULL,NULL,NULL),(400,56,NULL,'2019-01-14',2,'2019-03-11',205,50,'2019-09-06 17:59:01',NULL,'2019-09-06 17:59:01',NULL),(401,50,NULL,NULL,NULL,NULL,205,NULL,NULL,NULL,NULL,NULL),(402,13,NULL,'2019-01-25',1,NULL,206,12,'2019-09-06 18:00:03',NULL,'2019-09-06 18:00:03',NULL),(403,12,NULL,NULL,NULL,NULL,206,NULL,NULL,NULL,NULL,NULL),(404,14,NULL,'2019-01-25',1,NULL,206,12,'2019-09-06 18:00:36',NULL,'2019-09-06 18:00:36',NULL),(405,11,NULL,'2017-06-12',1,NULL,208,11,'2019-09-06 18:04:20',NULL,'2019-09-06 18:04:20',NULL),(406,10,NULL,'2017-06-12',1,NULL,208,11,'2019-09-06 18:04:47',NULL,'2019-09-06 18:04:47',NULL),(407,77,NULL,'2017-11-08',2,'2018-04-06',209,77,'2019-09-06 18:09:15',NULL,'2019-09-06 18:09:15',NULL),(408,69,NULL,'2019-06-26',1,NULL,211,71,'2019-09-06 18:14:49',NULL,'2019-09-06 18:14:49',NULL),(409,71,NULL,NULL,NULL,NULL,211,NULL,NULL,NULL,NULL,NULL),(410,71,NULL,'2019-03-24',2,'2019-04-04',213,69,'2019-09-06 18:17:45',NULL,'2019-09-06 18:17:45',NULL),(411,69,NULL,NULL,NULL,NULL,213,NULL,NULL,NULL,NULL,NULL),(412,104,NULL,'2019-06-28',1,NULL,212,104,'2019-09-06 18:18:09',NULL,'2019-09-06 18:18:09',NULL),(413,NULL,'Micaela Alcuaz','2019-06-28',1,NULL,212,104,'2019-09-06 18:21:02',NULL,'2019-09-06 18:21:02',NULL),(414,97,NULL,'2019-07-12',1,NULL,215,100,'2019-09-06 18:35:02',NULL,'2019-09-06 18:35:02',NULL),(415,100,NULL,NULL,NULL,NULL,215,NULL,NULL,NULL,NULL,NULL),(416,98,NULL,'2019-07-12',1,NULL,215,100,'2019-09-06 18:35:22',NULL,'2019-09-06 18:35:22',NULL),(417,99,NULL,'2019-07-12',1,NULL,215,100,'2019-09-06 18:35:36',NULL,'2019-09-06 18:35:36',NULL),(418,56,NULL,'2019-03-04',2,'2019-03-21',216,50,'2019-09-06 18:43:23',NULL,'2019-09-06 18:43:23',NULL),(419,50,NULL,NULL,NULL,NULL,216,NULL,NULL,NULL,NULL,NULL),(420,88,NULL,'2019-08-09',1,NULL,217,89,'2019-09-06 18:46:20',NULL,'2019-09-06 18:46:20',NULL),(421,89,NULL,NULL,NULL,NULL,217,NULL,NULL,NULL,NULL,NULL),(422,91,NULL,'2019-08-09',1,NULL,217,89,'2019-09-06 18:46:36',NULL,'2019-09-06 18:46:36',NULL),(423,90,NULL,'2019-08-09',1,NULL,217,89,'2019-09-06 18:49:13',NULL,'2019-09-06 18:49:13',NULL),(424,11,NULL,'2019-08-09',1,NULL,217,89,'2019-09-06 18:49:58',NULL,'2019-09-06 18:49:58',NULL),(425,10,NULL,'2019-08-09',1,NULL,217,89,'2019-09-06 18:50:32',NULL,'2019-09-06 18:50:32',NULL),(426,56,NULL,'2019-03-25',2,'2019-03-26',219,50,'2019-09-06 18:54:40',NULL,'2019-09-06 18:54:40',NULL),(427,50,NULL,NULL,NULL,NULL,219,NULL,NULL,NULL,NULL,NULL),(428,88,NULL,'2019-04-22',1,NULL,221,89,'2019-09-06 18:59:39',NULL,'2019-09-06 18:59:39',NULL),(429,89,NULL,NULL,NULL,NULL,221,NULL,NULL,NULL,NULL,NULL),(430,NULL,'MICAELA ALCUAZ','2019-07-17',1,NULL,220,104,'2019-09-06 18:59:41',NULL,'2019-09-06 18:59:41',NULL),(431,104,NULL,NULL,NULL,NULL,220,NULL,NULL,NULL,NULL,NULL),(432,91,NULL,'2019-04-22',1,NULL,221,89,'2019-09-06 18:59:51',NULL,'2019-09-06 18:59:51',NULL),(433,97,NULL,'2019-05-16',1,NULL,222,98,'2019-09-06 19:14:02',NULL,'2019-09-06 19:14:02',NULL),(434,98,NULL,NULL,NULL,NULL,222,NULL,NULL,NULL,NULL,NULL),(435,99,NULL,'2019-05-16',1,NULL,222,98,'2019-09-06 19:14:26',NULL,'2019-09-06 19:14:26',NULL),(436,56,NULL,'2019-03-07',2,'2019-03-08',223,50,'2019-09-06 19:14:47',NULL,'2019-09-06 19:14:47',NULL),(437,50,NULL,NULL,NULL,NULL,223,NULL,NULL,NULL,NULL,NULL),(438,56,NULL,'2019-03-25',2,'2019-03-26',226,50,'2019-09-06 19:22:54',NULL,'2019-09-06 19:22:54',NULL),(439,50,NULL,NULL,NULL,NULL,226,NULL,NULL,NULL,NULL,NULL),(440,72,NULL,'2017-12-26',2,'2017-12-27',227,21,'2019-09-06 19:27:28',NULL,'2019-09-06 19:27:28',NULL),(441,21,NULL,NULL,NULL,NULL,227,NULL,NULL,NULL,NULL,NULL),(442,87,NULL,'2018-09-29',1,NULL,228,85,'2019-09-06 19:30:39',NULL,'2019-09-06 19:30:39',NULL),(443,85,NULL,NULL,NULL,NULL,228,NULL,NULL,NULL,NULL,NULL),(444,56,NULL,'2019-03-25',2,'2019-08-07',229,50,'2019-09-06 19:30:46',NULL,'2019-09-06 19:30:46',NULL),(445,50,NULL,NULL,NULL,NULL,229,NULL,NULL,NULL,NULL,NULL),(446,56,NULL,'2019-03-15',2,'2019-05-03',230,50,'2019-09-06 19:40:17',NULL,'2019-09-06 19:40:17',NULL),(447,50,NULL,NULL,NULL,NULL,230,NULL,NULL,NULL,NULL,NULL),(448,NULL,'JUAN IGNACIO BOMBELLI','2018-01-23',2,'2018-01-24',231,21,'2019-09-06 19:43:14',NULL,'2019-09-06 19:43:14',NULL),(449,21,NULL,NULL,NULL,NULL,231,NULL,NULL,NULL,NULL,NULL),(450,NULL,'LUCIA COMPAGNUCCI','2018-10-19',2,'2018-10-30',232,21,'2019-09-06 19:56:27',NULL,'2019-09-06 19:56:27',NULL),(451,21,NULL,NULL,NULL,NULL,232,NULL,NULL,NULL,NULL,NULL),(452,56,NULL,'2019-04-15',2,'2019-05-17',233,50,'2019-09-06 19:57:13',NULL,'2019-09-06 19:57:13',NULL),(453,50,NULL,NULL,NULL,NULL,233,NULL,NULL,NULL,NULL,NULL),(454,97,NULL,'2019-08-09',1,NULL,234,100,'2019-09-06 20:07:54',NULL,'2019-09-06 20:07:54',NULL),(455,100,NULL,NULL,NULL,NULL,234,NULL,NULL,NULL,NULL,NULL),(456,98,NULL,'2019-08-09',1,NULL,234,100,'2019-09-06 20:08:10',NULL,'2019-09-06 20:08:10',NULL),(457,99,NULL,'2019-08-09',1,NULL,234,100,'2019-09-06 20:08:46',NULL,'2019-09-06 20:08:46',NULL),(458,56,NULL,'2019-03-01',2,'2019-04-01',235,50,'2019-09-06 20:13:17',NULL,'2019-09-06 20:13:17',NULL),(459,50,NULL,NULL,NULL,NULL,235,NULL,NULL,NULL,NULL,NULL),(460,56,NULL,'2019-05-03',2,'2019-05-24',236,50,'2019-09-06 20:35:32',NULL,'2019-09-06 20:35:32',NULL),(461,50,NULL,NULL,NULL,NULL,236,NULL,NULL,NULL,NULL,NULL),(462,48,NULL,'2019-07-26',1,NULL,237,44,'2019-09-06 21:49:41',NULL,'2019-09-06 21:49:41',NULL),(463,44,NULL,NULL,NULL,NULL,237,NULL,NULL,NULL,NULL,NULL),(464,10,NULL,'2012-12-12',1,NULL,238,11,'2019-09-06 22:19:23',NULL,'2019-09-06 22:19:23',NULL),(465,11,NULL,NULL,NULL,NULL,238,NULL,NULL,NULL,NULL,NULL),(466,NULL,'OTRO PROFESIONAL-PSICOLOGO','2012-12-12',1,NULL,238,11,'2019-09-06 22:19:41',NULL,'2019-09-06 22:19:41',NULL),(467,11,NULL,'2012-12-12',1,NULL,239,34,'2019-09-06 22:45:43',NULL,'2019-09-06 22:45:43',NULL),(468,34,NULL,NULL,NULL,NULL,239,NULL,NULL,NULL,NULL,NULL),(469,NULL,'JOSE PEREZ-PSICOLOGO','2012-12-12',1,NULL,239,34,'2019-09-06 22:46:04',NULL,'2019-09-06 22:46:04',NULL),(470,8,NULL,'2012-12-12',1,NULL,240,7,'2019-09-07 01:33:22',NULL,'2019-09-07 01:33:22',NULL),(471,7,NULL,NULL,NULL,NULL,240,NULL,NULL,NULL,NULL,NULL),(472,NULL,'OTRO PROFESIONAL-PSICOLOGO','2012-12-12',1,NULL,240,7,'2019-09-07 01:33:40',NULL,'2019-09-07 01:33:40',NULL),(475,76,NULL,'2017-01-09',1,NULL,242,76,'2019-09-08 01:27:34',NULL,'2019-09-08 01:27:34',NULL),(476,86,NULL,'2018-03-05',2,'2019-02-22',246,86,'2019-09-09 13:38:52',NULL,'2019-09-09 13:38:52',NULL),(477,104,NULL,'2019-06-16',1,NULL,248,104,'2019-09-09 14:13:27',NULL,'2019-09-09 14:13:27',NULL),(478,101,NULL,'2019-06-14',1,NULL,248,104,'2019-09-09 14:14:37',NULL,'2019-09-09 14:14:37',NULL),(479,103,NULL,'2019-06-16',1,NULL,248,104,'2019-09-09 14:15:00',NULL,'2019-09-09 14:15:00',NULL),(480,86,NULL,'2018-05-16',2,'2019-08-05',249,86,'2019-09-09 14:17:45',NULL,'2019-09-09 14:17:45',NULL),(481,85,NULL,'2018-08-01',2,'2019-08-05',249,86,'2019-09-09 14:18:59',NULL,'2019-09-09 14:18:59',NULL),(482,4,NULL,'2017-12-05',2,'2017-12-15',250,4,'2019-09-09 14:21:05',NULL,'2019-09-09 14:21:05',NULL),(483,3,NULL,'2017-12-05',2,'2017-12-15',250,4,'2019-09-09 14:21:43',NULL,'2019-09-09 14:21:43',NULL),(484,5,NULL,'2017-12-05',2,'2017-12-15',250,4,'2019-09-09 14:22:04',NULL,'2019-09-09 14:22:04',NULL),(485,56,NULL,'2019-01-14',2,'2019-09-03',251,50,'2019-09-09 14:38:05',NULL,'2019-09-09 14:38:05',NULL),(486,50,NULL,NULL,NULL,NULL,251,NULL,NULL,NULL,NULL,NULL),(487,56,NULL,'2019-02-12',2,'2019-09-02',252,50,'2019-09-09 14:50:16',NULL,'2019-09-09 14:50:16',NULL),(488,50,NULL,NULL,NULL,NULL,252,NULL,NULL,NULL,NULL,NULL),(489,NULL,'ANTONELLA COLETTI PSICOLOGA','2018-01-16',2,'2018-03-05',254,86,'2019-09-09 15:01:59',NULL,'2019-09-09 15:01:59',NULL),(490,86,NULL,NULL,NULL,NULL,254,NULL,NULL,NULL,NULL,NULL),(491,56,NULL,'2019-04-22',2,'2019-08-28',255,50,'2019-09-09 15:02:41',NULL,'2019-09-09 15:02:41',NULL),(492,50,NULL,NULL,NULL,NULL,255,NULL,NULL,NULL,NULL,NULL),(493,56,NULL,'2019-02-04',2,'2019-09-02',257,50,'2019-09-09 15:11:23',NULL,'2019-09-09 15:11:23',NULL),(494,50,NULL,NULL,NULL,NULL,257,NULL,NULL,NULL,NULL,NULL),(495,56,NULL,'2019-04-15',2,'2019-05-20',259,50,'2019-09-09 15:19:36',NULL,'2019-09-09 15:19:36',NULL),(496,50,NULL,NULL,NULL,NULL,259,NULL,NULL,NULL,NULL,NULL),(497,56,NULL,'2019-04-05',2,'2019-04-06',260,50,'2019-09-09 15:28:36',NULL,'2019-09-09 15:28:36',NULL),(498,50,NULL,NULL,NULL,NULL,260,NULL,NULL,NULL,NULL,NULL),(499,56,NULL,'2019-05-10',2,'2019-09-03',261,50,'2019-09-09 15:42:07',NULL,'2019-09-09 15:42:07',NULL),(500,50,NULL,NULL,NULL,NULL,261,NULL,NULL,NULL,NULL,NULL);
/*!40000 ALTER TABLE `profesionales` ENABLE KEYS */;
UNLOCK TABLES;

--
-- Table structure for table `programas`
--

DROP TABLE IF EXISTS `programas`;
/*!40101 SET @saved_cs_client     = @@character_set_client */;
/*!40101 SET character_set_client = utf8 */;
CREATE TABLE `programas` (
  `id` int(10) unsigned NOT NULL AUTO_INCREMENT,
  `nombre` varchar(255) DEFAULT NULL,
  PRIMARY KEY (`id`)
) ENGINE=InnoDB AUTO_INCREMENT=6 DEFAULT CHARSET=latin1;
/*!40101 SET character_set_client = @saved_cs_client */;

--
-- Dumping data for table `programas`
--

LOCK TABLES `programas` WRITE;
/*!40000 ALTER TABLE `programas` DISABLE KEYS */;
INSERT INTO `programas` VALUES (1,'Jubilación'),(2,'Asignación Universal por Hijo'),(3,'PROGRESAR'),(4,'Pensión'),(5,'Otro');
/*!40000 ALTER TABLE `programas` ENABLE KEYS */;
UNLOCK TABLES;

--
-- Table structure for table `provincias`
--

DROP TABLE IF EXISTS `provincias`;
/*!40101 SET @saved_cs_client     = @@character_set_client */;
/*!40101 SET character_set_client = utf8 */;
CREATE TABLE `provincias` (
  `id` int(10) unsigned NOT NULL,
  `nombre` varchar(255) DEFAULT NULL
) ENGINE=InnoDB DEFAULT CHARSET=latin1;
/*!40101 SET character_set_client = @saved_cs_client */;

--
-- Dumping data for table `provincias`
--

LOCK TABLES `provincias` WRITE;
/*!40000 ALTER TABLE `provincias` DISABLE KEYS */;
INSERT INTO `provincias` VALUES (1,'Buenos Aires'),(2,'Ciudad Autónoma de Buenos Aires'),(3,'Catamarca'),(4,'Chaco'),(5,'Chubut'),(6,'Córdoba'),(7,'Corrientes'),(8,'Entre RÌos'),(9,'Formosa'),(10,'Jujuy'),(11,'La Pampa'),(12,'La Rioja'),(13,'Mendoza'),(14,'Misiones'),(15,'Neuquén'),(16,'RÌo Negro'),(17,'Salta'),(18,'San Juan'),(19,'San Luis'),(20,'Santa Cruz'),(21,'Santa Fe'),(22,'Santiago del Estero'),(23,'Tierra del Fuego, Antártida e Islas del Atlántico Sur'),(24,'Tucumán'),(25,'SE DESCONOCE');
/*!40000 ALTER TABLE `provincias` ENABLE KEYS */;
UNLOCK TABLES;

--
-- Table structure for table `role_user`
--

DROP TABLE IF EXISTS `role_user`;
/*!40101 SET @saved_cs_client     = @@character_set_client */;
/*!40101 SET character_set_client = utf8 */;
CREATE TABLE `role_user` (
  `id` int(10) unsigned NOT NULL AUTO_INCREMENT,
  `role_id` int(10) unsigned NOT NULL,
  `user_id` int(10) unsigned NOT NULL,
  `created_at` timestamp NULL DEFAULT CURRENT_TIMESTAMP,
  `updated_at` timestamp NULL DEFAULT CURRENT_TIMESTAMP,
  PRIMARY KEY (`id`)
) ENGINE=InnoDB AUTO_INCREMENT=126 DEFAULT CHARSET=utf8mb4 COLLATE=utf8mb4_unicode_ci;
/*!40101 SET character_set_client = @saved_cs_client */;

--
-- Dumping data for table `role_user`
--

LOCK TABLES `role_user` WRITE;
/*!40000 ALTER TABLE `role_user` DISABLE KEYS */;
INSERT INTO `role_user` VALUES (1,2,1,NULL,NULL),(2,2,2,NULL,NULL),(3,3,3,NULL,NULL),(4,3,4,NULL,NULL),(5,3,5,NULL,NULL),(6,3,6,NULL,NULL),(7,3,7,NULL,NULL),(8,3,8,NULL,NULL),(9,2,9,NULL,NULL),(10,3,10,NULL,NULL),(11,3,11,NULL,NULL),(12,3,12,NULL,NULL),(13,3,13,NULL,NULL),(14,3,14,NULL,NULL),(15,1,15,NULL,NULL),(16,1,16,NULL,NULL),(17,3,17,NULL,NULL),(18,3,18,NULL,NULL),(19,2,19,NULL,NULL),(20,2,20,NULL,NULL),(21,1,21,NULL,NULL),(22,2,22,NULL,NULL),(23,1,23,NULL,NULL),(24,3,24,NULL,NULL),(25,2,25,NULL,NULL),(26,2,26,NULL,NULL),(27,1,27,NULL,NULL),(28,2,28,NULL,NULL),(29,3,29,NULL,NULL),(30,3,30,NULL,NULL),(31,2,31,NULL,NULL),(32,3,32,NULL,NULL),(33,3,33,NULL,NULL),(34,2,34,NULL,NULL),(35,2,35,NULL,NULL),(36,3,36,NULL,NULL),(37,3,37,NULL,NULL),(38,3,38,NULL,NULL),(39,2,39,NULL,NULL),(40,3,40,NULL,NULL),(41,2,41,NULL,NULL),(42,2,42,NULL,NULL),(43,3,43,NULL,NULL),(44,3,44,NULL,NULL),(45,3,45,NULL,NULL),(46,3,46,NULL,NULL),(47,2,47,NULL,NULL),(48,3,48,NULL,NULL),(49,2,49,NULL,NULL),(50,2,50,NULL,NULL),(51,3,51,NULL,NULL),(52,3,52,NULL,NULL),(53,3,53,NULL,NULL),(54,3,54,NULL,NULL),(55,2,55,NULL,NULL),(56,3,56,NULL,NULL),(57,3,57,NULL,NULL),(58,3,58,NULL,NULL),(59,3,59,NULL,NULL),(60,3,60,NULL,NULL),(61,3,61,NULL,NULL),(62,3,62,NULL,NULL),(63,3,63,NULL,NULL),(64,2,64,NULL,NULL),(65,3,65,NULL,NULL),(66,3,66,NULL,NULL),(67,3,67,NULL,NULL),(68,3,68,NULL,NULL),(69,3,69,NULL,NULL),(70,3,70,NULL,NULL),(71,3,71,NULL,NULL),(72,3,72,NULL,NULL),(73,3,73,NULL,NULL),(74,3,74,NULL,NULL),(75,3,75,NULL,NULL),(76,3,76,NULL,NULL),(77,3,77,NULL,NULL),(78,2,78,NULL,NULL),(79,3,79,NULL,NULL),(80,3,80,NULL,NULL),(81,3,81,NULL,NULL),(82,3,82,NULL,NULL),(83,3,83,NULL,NULL),(84,3,84,NULL,NULL),(85,3,85,NULL,NULL),(86,3,86,NULL,NULL),(87,3,87,NULL,NULL),(88,3,88,NULL,NULL),(89,2,89,NULL,NULL),(90,3,90,NULL,NULL),(91,3,91,NULL,NULL),(92,3,92,NULL,NULL),(93,2,93,NULL,NULL),(94,3,94,NULL,NULL),(95,3,95,NULL,NULL),(96,2,96,NULL,NULL),(97,3,97,NULL,NULL),(98,3,98,NULL,NULL),(99,3,99,NULL,NULL),(100,2,100,NULL,NULL),(101,3,101,NULL,NULL),(102,3,102,NULL,NULL),(103,3,103,NULL,NULL),(104,3,104,NULL,NULL),(105,3,105,NULL,NULL),(106,3,106,NULL,NULL),(107,3,107,NULL,NULL),(108,3,108,NULL,NULL),(109,1,109,NULL,NULL),(110,1,110,NULL,NULL),(111,1,111,NULL,NULL);
/*!40000 ALTER TABLE `role_user` ENABLE KEYS */;
UNLOCK TABLES;

--
-- Table structure for table `roles`
--

DROP TABLE IF EXISTS `roles`;
/*!40101 SET @saved_cs_client     = @@character_set_client */;
/*!40101 SET character_set_client = utf8 */;
CREATE TABLE `roles` (
  `id` int(10) unsigned NOT NULL,
  `role` varchar(255) COLLATE utf8mb4_unicode_ci NOT NULL,
  `descripcion` varchar(255) COLLATE utf8mb4_unicode_ci NOT NULL,
  `created_at` timestamp NULL DEFAULT NULL,
  `updated_at` timestamp NULL DEFAULT NULL
) ENGINE=InnoDB DEFAULT CHARSET=utf8mb4 COLLATE=utf8mb4_unicode_ci;
/*!40101 SET character_set_client = @saved_cs_client */;

--
-- Dumping data for table `roles`
--

LOCK TABLES `roles` WRITE;
/*!40000 ALTER TABLE `roles` DISABLE KEYS */;
INSERT INTO `roles` VALUES (1,'admin','Director','2019-02-21 16:59:42','2019-02-21 16:59:42'),(2,'user','Administrativo','2019-02-21 01:35:25','2019-02-21 01:35:25'),(3,'profesional','Profesional','2019-02-21 16:59:47','2019-02-21 16:59:47');
/*!40000 ALTER TABLE `roles` ENABLE KEYS */;
UNLOCK TABLES;

--
-- Table structure for table `seguimientos`
--

DROP TABLE IF EXISTS `seguimientos`;
/*!40101 SET @saved_cs_client     = @@character_set_client */;
/*!40101 SET character_set_client = utf8 */;
CREATE TABLE `seguimientos` (
  `id` int(11) unsigned NOT NULL AUTO_INCREMENT,
  `fecha_seguimiento` varchar(20) DEFAULT NULL,
  `detalle_seguimiento` varchar(600) DEFAULT NULL,
  `idDerivacion` int(11) DEFAULT NULL,
  `created_at` timestamp NULL DEFAULT NULL,
  `updated_at` timestamp NULL DEFAULT NULL,
  `userID_create` int(11) DEFAULT NULL,
  `sede` varchar(255) DEFAULT NULL,
  `activo` int(11) DEFAULT NULL,
  PRIMARY KEY (`id`)
) ENGINE=InnoDB DEFAULT CHARSET=latin1;
/*!40101 SET character_set_client = @saved_cs_client */;

--
-- Dumping data for table `seguimientos`
--

LOCK TABLES `seguimientos` WRITE;
/*!40000 ALTER TABLE `seguimientos` DISABLE KEYS */;
/*!40000 ALTER TABLE `seguimientos` ENABLE KEYS */;
UNLOCK TABLES;

--
-- Table structure for table `socioeconomicos`
--

DROP TABLE IF EXISTS `socioeconomicos`;
/*!40101 SET @saved_cs_client     = @@character_set_client */;
/*!40101 SET character_set_client = utf8 */;
CREATE TABLE `socioeconomicos` (
  `id` int(10) unsigned NOT NULL,
  `nombre` varchar(255) DEFAULT NULL
) ENGINE=InnoDB DEFAULT CHARSET=latin1;
/*!40101 SET character_set_client = @saved_cs_client */;

--
-- Dumping data for table `socioeconomicos`
--

LOCK TABLES `socioeconomicos` WRITE;
/*!40000 ALTER TABLE `socioeconomicos` DISABLE KEYS */;
INSERT INTO `socioeconomicos` VALUES (1,'Salud'),(2,'Educación '),(3,'Trabajo'),(4,'Vivienda'),(5,'Vincular'),(6,'Otra');
/*!40000 ALTER TABLE `socioeconomicos` ENABLE KEYS */;
UNLOCK TABLES;

--
-- Table structure for table `tipo_demandas`
--

DROP TABLE IF EXISTS `tipo_demandas`;
/*!40101 SET @saved_cs_client     = @@character_set_client */;
/*!40101 SET character_set_client = utf8 */;
CREATE TABLE `tipo_demandas` (
  `id` int(11) unsigned NOT NULL AUTO_INCREMENT,
  `nombre` varchar(100) DEFAULT NULL,
  PRIMARY KEY (`id`)
) ENGINE=InnoDB AUTO_INCREMENT=18 DEFAULT CHARSET=latin1;
/*!40101 SET character_set_client = @saved_cs_client */;

--
-- Dumping data for table `tipo_demandas`
--

LOCK TABLES `tipo_demandas` WRITE;
/*!40000 ALTER TABLE `tipo_demandas` DISABLE KEYS */;
INSERT INTO `tipo_demandas` VALUES (1,'Alimentos'),(2,'Conflicto vecinal'),(3,'Derecho de familia'),(4,'Divorcio'),(5,'Desalojo'),(6,'Tenencia'),(7,'Asesoramiento legal'),(8,'Violencia familiar'),(9,'Asistencia psicológica'),(10,'Vivienda'),(11,'Pensión por discapacidad'),(12,'Usurpación'),(13,'Empleo'),(14,'Asignación universal por hijo'),(15,'DNI'),(16,'Adicciones'),(17,'Otro');
/*!40000 ALTER TABLE `tipo_demandas` ENABLE KEYS */;
UNLOCK TABLES;

--
-- Table structure for table `users`
--

DROP TABLE IF EXISTS `users`;
/*!40101 SET @saved_cs_client     = @@character_set_client */;
/*!40101 SET character_set_client = utf8 */;
CREATE TABLE `users` (
  `id` int(10) unsigned NOT NULL AUTO_INCREMENT,
  `email` varchar(255) COLLATE utf8mb4_unicode_ci DEFAULT NULL,
  `NewPass` varchar(255) COLLATE utf8mb4_unicode_ci DEFAULT NULL,
  `sede` varchar(255) COLLATE utf8mb4_unicode_ci DEFAULT NULL,
  `area` varchar(255) COLLATE utf8mb4_unicode_ci DEFAULT NULL,
  `nombre` varchar(255) COLLATE utf8mb4_unicode_ci DEFAULT NULL,
  `apellido` varchar(255) COLLATE utf8mb4_unicode_ci DEFAULT NULL,
  `email_verified_at` timestamp NULL DEFAULT NULL,
  `password` varchar(255) COLLATE utf8mb4_unicode_ci DEFAULT NULL,
  `remember_token` varchar(100) COLLATE utf8mb4_unicode_ci DEFAULT NULL,
  `created_at` timestamp NULL DEFAULT NULL,
  `updated_at` timestamp NULL DEFAULT NULL,
  PRIMARY KEY (`id`)
) ENGINE=InnoDB AUTO_INCREMENT=117 DEFAULT CHARSET=utf8mb4 COLLATE=utf8mb4_unicode_ci;
/*!40101 SET character_set_client = @saved_cs_client */;

--
-- Dumping data for table `users`
--

LOCK TABLES `users` WRITE;
/*!40000 ALTER TABLE `users` DISABLE KEYS */;
INSERT INTO `users` VALUES (1,'rominabenitezar@hotmail.com','UOKtD8','ALTE. BROWN','PSICOLOGA/O','Romina','BENITEZ',NULL,'$2y$10$FMrf/7XdKOlBvQ49ZYITz.zvqL9ba92QV2d2v5jjd4OvbWObx8v3G','lntc2fjK6KeTlVIriftlx8j705PiYowbfYg2AtvQnQKehvghBlj0qhMlQEX5',NULL,'2019-09-06 04:55:15'),(2,'veritoapc@hotmail.com','cnQvhi','ALTE. BROWN','TS','Verónica','PEREZ ',NULL,'$2y$10$AuLHjg2icNP4qbi/j1EAjOzmJDzFV9LKDXV8osYyQtbgBEkFfRYMK','fPG6rfyV6B6qyBpdHO1koMhsNEpJu226Yg2XOHU42bIq01tpcf5JwXniaSyd',NULL,'2019-09-05 20:09:38'),(3,'mflorencia_aramburu@hotmail.com','2VGLyn','AZUL','ABOGADA/O','María Florencia','ARAMBURU',NULL,'$2y$10$Q8GuOFHNpcFo8R5Qfx.vcO9FJFoPodDvAovPkapPmoTWF9ptUyrWK','Di0WOa9vXwb6TMRaEf4ZxufTOOLH7LxHQFn2gwoNem2RwgDipIlr8WBw1LiM',NULL,'2019-09-05 18:05:21'),(4,'josefina.casado@gmail.com','TAV1Bs','AZUL','PSICOLOGA/O','Josefina','CASADO',NULL,'$2y$10$J2Yg2T5KohkNzMdR1q5fleKSQCTmwByLRyMpS2GGleE..KQgJ7nD.',NULL,NULL,'2019-07-16 14:26:30'),(5,'jime_ciappina@hotmail.com','XYaLVQ','AZUL','TS','María Jimena','CIAPPINA',NULL,'$2y$10$EneqEaLRSXEeVXSHheAHIOFHSSYxGTHGJadG9du3ww2CNzO/r70Eu','1rrH7QmDRBcDgSqQA4sw7BD8lEXLhV69iMj9sTsXmeq6j56KAhSW2m2IUyD9',NULL,'2019-09-05 16:18:14'),(6,'milagrosaristizabal@gmail.com','ItWO4q','BAHIA BLANCA','ABOGADA','Milagros De Aranzazu','ARISTIZABAL',NULL,'$2y$10$5ZRvaFPmNn6pVQIfcJ3/luw84K0Aa0eZRyACpy6mJzwQ06ZKXoDSK',NULL,NULL,'2019-07-16 14:26:30'),(7,'minnuccisol@gmail.com','hnBeH1','BAHIA BLANCA','TS','Solange Anael','MINNUCCI ROTILI',NULL,'$2y$10$muMrQnswM0YZUOjBBCGk2.a4HOT2Sd9rsObwaQoznhPCz7Ye2G2fq','70UvpSZ6oGr0hsq76dRjKQkF7SKKiNcgNLLPniSxfGu8lr22NlD183aJBupk',NULL,'2019-07-16 14:26:30'),(8,'catalinaotero.bblanca@gmail.com','4aBZF8','BAHIA BLANCA','PSICOLOGA/O','Ana Catalina','OTERO D.',NULL,'$2y$10$i1ZEHIqt1Zv1F5yUzKkIjOv8UJFWqTBB21ymcpCMBZSB/IYq4Jms2','Rh2Aml1qaiT6MEvVee1ReQwAhnIHK8XwcVWv084YrXEcRxiOpPmQO826xXrv',NULL,'2019-09-06 14:51:59'),(9,'gmatthesius@hotmail.com','QhSR3e','EZEIZA','ADMINISTRATIVA/O','Nancy Daniela','BIANCO',NULL,'$2y$10$ecHg7Tkm/jE/sG2hUMMDnu9Mj7xVIX6R09zZBvPeetId15rBfhura','si2PcS6unhsF1AzCrSZzKe2Is0dgn5gMITts6hh4JWiT8PCeSOTjbg8vRPvu',NULL,'2019-09-05 17:12:56'),(10,'mariela_delf@hotmail.com','2OH6PJ','EZEIZA','TS','Mariela','FORNARI',NULL,'$2y$10$yse8pIFeDtsXuL1UZ6VcG.f0b41kQ.RnLIl4ESl/Uh5NPTKzV.Qcm','NZo0rsKySoRfauJ7qCsvJAdUmbWacayjrJ16akuDqZ6npvySVcipK6YAKYUX',NULL,'2019-09-06 15:14:49'),(11,'noeliadlombardo@gmail.com','8gLlPm','EZEIZA','ABOGADA/O','Noelia','LOMBARDO',NULL,'$2y$10$ycttLg5kcC4CK9gf2KGPkuw1MRr2k7WuwcTjFkVtI4udNraU4B4By','ulHzLQik5coyxcll3gCA7sRToFJgQ2VDqsr99lPKm1TtgkNAE7pLzmeuQtqL',NULL,'2019-09-05 15:39:16'),(12,'cortes.m.soledad@gmail.com','vbHWjh','JOSE C. PAZ','ABOGADA/O','María Soledad','CORTES',NULL,'$2y$10$MXnoF.JDBgCzp9.Pli6OM.inAkot9Pp4JY4ieftRK0O0r575ki9Kq',NULL,NULL,'2019-09-05 18:23:18'),(13,'alimichela@hotmail.com','zAoIKh','JOSE C. PAZ','PSICOLOGA/A','Alicia','MICHELA',NULL,'$2y$10$DxEPw2tbCL7I6yYBzTmKHeYYNKU.Ti5BcnffpMcKsud25uKD6c9TO',NULL,NULL,'2019-09-09 15:02:17'),(14,'anabela_romero_03@hotmail.com','dcUznh','JOSE C. PAZ','TS','Soledad Anabela','ROMERO',NULL,'$2y$10$lB/UExr2c91t2yuvYUOBuOpdLF7mxdkdgB7kiaXrKascic4FraJDS',NULL,NULL,'2019-07-16 14:26:31'),(15,'tealdi.lucia@gmail.com','WTsrj4','LA PLATA','DIRECTORA PROVINCIAL','LUCIA','TEALDI',NULL,'$2y$10$wVt9zgiTKjQO8DBzYF4h.OR7yylPC5.jsnmdE6gTs/QWw7v9kuxja','sWcN9858tOC8nqpVPHtGsu4NWZnVKhsZIWK9Wh9csX5vm3egmXftVruGrGPA',NULL,'2019-09-05 19:41:49'),(16,'lic.juanbombelli@gmail.com','sz1V3e','LA PLATA','DIR. ASIS. Y PROTECCION A LA VICTIMA','Juan Ignacio','BOMBELLI',NULL,'$2y$10$dm5HoigVGdsl5zlkdWBOZuThHzJS7H4sLnYq73N16B2ckeSMWwqkq','Q1miv4TBZSYIoVg5zOwytMJDx4jTeYPm8tRwBsVOO9pWIsopVcd39amFtBbe',NULL,'2019-07-16 14:26:32'),(17,'julietapsi@gmail.com','LdcF7z','LA PLATA','PSICOLOGA/O','Julieta Anahí','ARAGUES',NULL,'$2y$10$DUGoxiM3MZ9XqYcaG8ViQeYzSSvIBgolfARV2oRRXNNTCaAd/eLYe','CHadEFYkKJal3ThW9T75bZURdUwNFPLRLgtEzEeLaBI40Pnk6G5jhBMIdzp7',NULL,'2019-09-05 14:57:42'),(18,'veronica.ardohain76@gmail.com','SPhJfM','LA PLATA','TS','Veronica Haydeé','ARDOHAIN',NULL,'$2y$10$/IaAzv2wMjImRzesESdT7ebuuS7JvdS88GjcCaNKQEl0yR6ur81uO',NULL,NULL,'2019-07-16 14:26:32'),(19,'elbeca_81@hotmail.com','Fixm5o','LA PLATA','ADMINISTRATIVA/O','Agustín','BEJARANO',NULL,'$2y$10$..f1JGCnTjm68bKTqmTEMuEyCW7XWkSBZg/IlY6v/Y7wdu2MRQLqu','xe3jYtcim4LXthdhqaWGAW9hgMzqcrY6mK66fUUOp8mE78IYVWHD0mYF76ow',NULL,'2019-07-16 14:26:32'),(20,'cpv.sebastianbg@gmail.com','heiprK','LA PLATA','ADMINISTRATIVA/O','Sebastian','BISCIOTTI G.',NULL,'$2y$10$/OzxkQAtFNKmoxKdrWxIS.qmXV5Ruj2J4X3ItsrU4y0D//TIGvTyO',NULL,NULL,'2019-07-16 14:26:32'),(21,'maiacalabrese85@gmail.com','xH6h0q','LA PLATA','ADMINISTRATIVA/O','Maia Yésica','CALABRESE',NULL,'$2y$10$Ccqiy4UKe3NZ.HlNph4fOuFey4go5mbwsGaxUFQ8aktPeRBL76z.y','PNwlcjbvRu1GhXuDnOViYj7wiXSmugTnHgpCpOmYwBzSLjC89ckMGJPaSOVP',NULL,'2019-09-05 16:05:40'),(22,'marialujancic@gmail.com','hkiRaX','LA PLATA','PSICOLOGA/O','Maria Lujan','CICCONI',NULL,'$2y$10$h47.PlV7E7NvJn0EfVDQD.gr5N9KY7PZitiof.WDfupPyjuUM2dY6','mgkCC4h2WMIqLqeTtPdczG7f4724i17HcvaMryXF3U0KbhQBpEWVY8uNhS8p',NULL,'2019-07-16 14:26:33'),(23,'lu.comp1989@gmail.com','bRcCft','LA PLATA','ADMINISTRATIVA/O','Lucia','COMPAGNUCCI',NULL,'$2y$10$ez3d1SA5oFV7Idk.2C4UEecgFHxsZhH7kjoJ2s3ULhm6UUfxmWzPa','PDTVTZu6nytJY5SmBNjHRkuUXrzGaWi8YUf1azuTcXZ4mxAgTe0uOlWjYeZ3',NULL,'2019-09-05 16:12:02'),(24,'rosariocuccia78@gmail.com','8s1hi9','LA PLATA','PSICOLOGA/O','Rosario Leontina','CUCCIA',NULL,'$2y$10$yEm4PfSh6FIQ.tbSB.PV2.d7NOWEFJ8MbO5Yz0s32w3fJW4TLUmmu','r4BPJ7vBrZNiKRz09fN54aFXsTHKVBIDppOwEseIliUb60XXLu7WS8oijtDu',NULL,'2019-09-05 17:15:29'),(25,'agustinadeandreis@gmail.com','1Rq5SI','LA PLATA','ADMINISTRATIVA/O','Agustina Soledad','DE ANDREIS',NULL,'$2y$10$ezKWBdhAiIL1qxGLjXqqcezeJnxB1iIhUamTD7KdEnfMhun72J0xW',NULL,NULL,'2019-07-16 14:26:33'),(26,'ludeantoni@hotmail.com','pkt8zN','LA PLATA','ADMINISTRATIVA/O','Lucía','DE ANTONI',NULL,'$2y$10$IO31Hrn0pDZQyAL7b7qe4ONky0BeNFBp.zYHAsGdfhFVXa80a3coa','qeIyDq5hlnFKrJf6tA0VSgxoBMlgVIoDSwuX4L2K3Ltx3ylmRaXyOeDsCTHd',NULL,'2019-09-05 17:18:37'),(27,'juanfdinardo@gmail.com','CkVaU9','LA PLATA','DIRECTOR DE SEDES DECENTRALIZADAS','Juan Francisco','DI NARDO',NULL,'$2y$10$NyT8CU5Uls0l/YkN3uDfI.YYleFXhBp9dtJwfx/KUXVIk.0wrrbPe',NULL,NULL,'2019-09-05 00:36:26'),(28,'carogassull@gmail.com','7X6foS','LA PLATA','ADMINISTRATIVA/O',' María Carolina','GASSULL',NULL,'$2y$10$kruffUtoePUViBFwtuBLCe9xtkmboIka5Pj9Jqn4e5e0JolT2gz1q','UyKJoLoY7CMl1AxAmEdGL0cob5LExXqF8ZBezwVTxbHaLallhnAvmB6qy3fp',NULL,'2019-09-05 15:13:18'),(29,'andreagiacomino04@yahoo.com.ar','XCoY4W','LA PLATA','PSICOLOGA/O','Andrea Daniela','GIACOMINO',NULL,'$2y$10$e2W.FSagZ9eUwgx2tktCnefpojAVEjJYE6T.ULHW.fLo1u2T/YtXO','i0JfLxXudu707VAR17hraLK9Owe5gwx7j9WVwXtUIm6n9aU9uVKWppdoEiQ0',NULL,'2019-09-05 14:26:03'),(30,'dr_gosella@hotmail.com','MlWnta','LA PLATA','ABOGADO','Federico','GOSELLA',NULL,'$2y$10$F62.TRls/zGXfQhNvZqqHe3wOmB2n1Kf7zd7GcBk657v2Q3UpxE3y','Ugdr8ScKUv1SyNnPOxlhb3cffbkEOF9BYf5RBvmAILvEJbui8rjPzDSEFptv',NULL,'2019-07-16 14:26:36'),(31,'dantegiu@yahoo.com.ar','QASk9v','LA PLATA','ADMINISTRATIVA/O','Dante Bautista','GUILIANI',NULL,'$2y$10$lEQnU9mg1gk6iI/NYU08O.WXyS/ccW26KOyshitweJXCqJco4sU3K',NULL,NULL,'2019-07-16 14:26:36'),(32,'ignacioklena@hotmail.com','m7s6Jt','LA PLATA','ABOGADA/O','Ignacio','KLENA',NULL,'$2y$10$ecSlUFXAMfGIgU4EhbiA2OLcCuS0zIphfHjTX8uSA399byQmVv9Fe','Br4hHuqFHTzfIGZPLoqSfU3AGNz0AT5XHyXJNlp2JMyqzVbRaqFJ4j7oQ4EL',NULL,'2019-09-05 20:58:59'),(33,'azul.labalta@gmail.com','BR81IY','LA PLATA','ABOGADA/O','Azul','LABALTA R.',NULL,'$2y$10$oRBhqsDoUIxkqSNXpLF/a.eZcgX1Vtfx7cFZUOnK5HNOYJZ3MKINi','u4zNbjsKw7avFduSVBykiZcJwDmpCfTrhYDdRqMd05KX9VylbQ8ADrrkCRfp',NULL,'2019-09-05 17:50:18'),(34,'MilagrosLuayza@hotmail.com','jESCnx','LA PLATA','ADMINISTRATIVA/O','Milagros Aldana','LUAYZA T.',NULL,'$2y$10$lguErseFDLWNRYful6/2AOk10u/gSpoMy5tDqKZ5lzMZiHm5B0qy.','EMLCBChMWyIGEv4gWnWkZdoVeekmXPZqYp7ZWajRlh9qu0gZfnWiyUZ6Kp14',NULL,'2019-07-16 14:26:36'),(35,'macloughlinmartin@gmail.com','8cXdnR','LA PLATA','ADMINISTRATIVA/O','Martín Darío','MAC LOUGHLIN',NULL,'$2y$10$ZSMc7mA6VK.UW0ftCHQ.yejHFru/GYO8h/Y36qLvqaxiAVmzKkcW2','uw4mQ3ehblJyJyV1ocYd0YbRraNRjaOXBijxSsUiL8SprHzGImrrUoIkirKr',NULL,'2019-09-05 00:16:30'),(36,'lucianomac@gmail.com','pqzALB','LA PLATA','PSICOLOGA/O','Luciano','MACIEL',NULL,'$2y$10$qfsQKbDNYy.xOQADATjd3.oGNpM3pqmQ2mU0l5pzbDDaaT.oqMceS',NULL,NULL,'2019-09-05 20:30:51'),(37,'veropsicol@hotmail.com','0Re4Md','LA PLATA','PSICOLOGA/O','Veónica Isabel','MARTINUZZI R.',NULL,'$2y$10$CK0zaDTNeS5y7.AqNo6T6eZas42xLRdHUh7Ktj/szbYR/6b9yadgK','7PqiH2Dtr0pSlMfcRXkYsuakYuRjAX7oElKdgrSWXNdTBI5vcc45b1pEqSuy',NULL,'2019-09-05 19:19:38'),(38,'silviomonti@gmail.com','dtgOBP','LA PLATA','PSICOLOGA/O','Silvio Gabriel','MONTI',NULL,'$2y$10$.L59kd40PfcXO9B3EXRO0eHK0tgG8lGfvsKpFEKo9LzEKbX.1dUce','6C0QmN5qLQ7KbnBggiBhcSOlFu4OvLdlLVgV2cqKJY4QdoPd1iFh3R7jhvKP',NULL,'2019-07-16 14:26:37'),(39,'agus_montone@hotmail.com','dLhmzK','LA PLATA','ADMINISTRATIVA/O','Agustín','MONTONE',NULL,'$2y$10$ABgC0UizIJ30.6a6/wyvYuW6gpQp5.5HFXmnN/.29.XCw8N1yMZaK','yNrEizBRhSSZb7EaRcQnwxfUfbgEwS2M3yAwkpTQYPwQRB71WPK5rdSIF0qr',NULL,'2019-07-16 14:26:37'),(40,'elimorrone@gmail.com','ingm83','LA PLATA','PSICOLOGA/O','Eliana Silvina','MORRONE',NULL,'$2y$10$UM0M.Hnz448FVcq8KglByeqQrNqIJTIB8nC/zjXOiDzgK/43xpZam','ExjZgwOzMRde6R1kPWjhtRJSWYqEsakJiEjxAZtTj1Y8Vzmtq7itGcAd8yCl',NULL,'2019-09-06 21:39:17'),(41,'lisandropanelli@gmail.com','L6SjmP','LA PLATA','ADMINISTRATIVA/O','Lisandro Ariel','PANELLI',NULL,'$2y$10$zK123HiY/vTNv7dXXQOPYOy.cgprmqXPz4MBaQPeqgDFoLcQvX1Wu','nrdwYSeFaWBFjT1Dyta46OLLstzSexSfNsA1WWFywRhRxzVVr0UlksMy3IpX',NULL,'2019-09-05 17:04:05'),(42,'cuchipellegrini@hotmail.com.ar','SOrKn3','LA PLATA','ADMINISTRATIVA/O','Héctor Rubén','PELLEGRINI',NULL,'$2y$10$WegtDaseS0ubCab1YMWyvuai2OehS7h1.QwUmuA599/WWmeivIl4K',NULL,NULL,'2019-07-16 14:26:38'),(43,'patriciarack@gmail.com','QZEYxe','LA PLATA','TS','M. PATRICIA','RACK',NULL,'$2y$10$BM63KgP7Tl9xIomOFdVfl.klOTB0PYysJ/qc1jCRudQkFc/n835qu',NULL,NULL,'2019-07-16 14:26:38'),(44,'guillerisso@hotmail.com','7ezQLX','LA PLATA','PSICOLOGA/O','Guillermina','RISSO',NULL,'$2y$10$khPwd/M9Xx.pIkaZTrC/8O01qpJYjQBwWCR2sRvCSlKnMxY5Ug.1C',NULL,NULL,'2019-09-05 15:23:44'),(45,'vaninaseminara@hotmail.com','V3ytAs','LA PLATA','PSICOLOGA/O','Vanina Eleonora','SEMINARA',NULL,'$2y$10$vig/O0k2II3QrLcOqgFMtO6RkJrqZFS1vS5zMow9OqVhs6paS9lQC','MaEVhqZu4k7IucIho4grxHTH276AXwNmzrFjQvMmIOTDqjuDPV39cMXZRMba',NULL,'2019-09-05 01:30:37'),(46,'candeservin@gmail.com','NXBcH3','LA PLATA','PSICOLOGA/O','María Candela','SERVIN',NULL,'$2y$10$sEul6mwp4xBBhIHDJolh4esEJVnbuTzu3o3ABiXPEovPH5V3BoqKK',NULL,NULL,'2019-09-09 14:21:19'),(47,'cpvconsultadir@gmail.com','xgUzcH','LA PLATA','ADMINISTRATIVA/O','Maria Guadalupe','SOSA',NULL,'$2y$10$2g48nbx8HacVE8agiGGVgO6q2C0Mw9mLoIZnTlw0l1evakiflpMTa',NULL,NULL,'2019-07-16 14:26:39'),(48,'valerinasoto12@gmail.com','oyihCT','LA PLATA','TS','Valeria','SOTO',NULL,'$2y$10$H4Oe9aWBLPPGIK7YQX9w5./WbNhx7BhphkwDOwWb3Zg2IYFOQjILq','CB8nDQ2JrS5kQER7JuSkBVrktIPLxSDvSNO0Y6nbNoLvqxmXSaC6JcMZ8wND',NULL,'2019-09-05 18:25:34'),(49,'paustroppolo25@hotmail.com','kA5IQX','LA PLATA','ADMINISTRATIVA/O','Paula','STROPPOLO',NULL,'$2y$10$xF7nigW8lekhillPvuZulOOy5co.rWHRoB9vW./BpiGhHIh4Ya4KC','eWhDkaACbSw2UfUlsPJRr6UVEEEg0xBzpVDQcoholuyst1YugRNagcV8nSmQ',NULL,'2019-09-05 19:38:52'),(50,'melinasulasguzman@gmail.com','0qeTh8','LA PLATA','ADMINISTRATIVA/O','Jacqueline Melina','SULAS',NULL,'$2y$10$gR99IbWRVskRIqBpm03M8e6Wy8TPZMfvKZVoeQBJPs7vKkN8p/wky','4uVT67fKGuHTNZmDIwIl6viBdMEUvXLZJKQ0DxNKof1fXi4XhLdEc6JryjCM',NULL,'2019-09-05 14:34:02'),(51,'alfonsovicinanza@yahoo.com.ar','x6uR3q','LA PLATA','ABOGADA/O','Alfonso','VICINANZA',NULL,'$2y$10$Pz26b1.Ewce7LE6EtgbCDuhhVA.lHG4hu/H6jdsJRoyPwEGQBEZsy','16h9CFV4fVFs9LjB8XzciYKFe4QQna9cAUoajgZMkuaEJnqeOOCGSaK6UVEL',NULL,'2019-07-16 14:26:39'),(52,'laura_logriego@yahoo.com.ar','qgMWTR','LANUS','ABOGADA/O','Laura','LOGRIEGO',NULL,'$2y$10$xKCCWtm9kL5BhmxCznRzM.gFj19mmqCJyc.rOoDdAuEgN0HkxdqjK',NULL,NULL,'2019-07-16 14:26:39'),(53,'ramonaruizdiaz@hotmail.com','nxsHuy','LANUS','TS','Ramona','RUIZ DIAZ',NULL,'$2y$10$1E7lFcx0xo2MiSR7ShNn6.WLY0KJVw0bfEUImWsaPZBakLS82ziVu',NULL,NULL,'2019-07-16 14:26:40'),(54,'mvtemudio@hotmail.com','yFhKCB','LANUS','PSICOLOGA/A','María Victoria','TEMUDIO',NULL,'$2y$10$MIsTkukyuFDUBYobDXi2Qecai4TTVGyTIFGujAkih7rzBgtyAq9rW',NULL,NULL,'2019-09-05 15:23:37'),(55,'malearrieta76@hotmail.com','xlpH1P','LOMAS Z.','ADMINISTRATIVA/O','María Alejandra','ARRIETA',NULL,'$2y$10$i/p6ckgD.wCbITfd2hjIj.I4/7m8VnvFfKbo/LHUY9bzKoj/yUzZe','q87fIn7LZeisd37t0XCmwiNYFNXOY74jK4uTLZUYTdRtFIBxTzwNWvANsbyi',NULL,'2019-09-05 19:13:34'),(56,'giuliettacuozzo@hotmail.com','YTkIW7','LOMAS Z.','PSICOLOGA/O','Giulietta','CUOZZO',NULL,'$2y$10$1rkPk9D2HJ3GUvSCzq142OVQ/nJDx/k7PTBBXQe2UdHFUdOq2tFba','RpRht6Wtj4DiaT6hVNJZtdqF5uGRneVXvcwouLGyWPOSBB5REFXlXRxm3c2C',NULL,'2019-09-05 20:04:16'),(57,'galvanvirginia@yahoo.com.ar','JG4Nm6','LOMAS Z.','TS','Virginia','GALVAN',NULL,'$2y$10$oisppOA8bEOGS3Bv6S0hMeb/XwRZu/bIyPPwoVHDO/ungYPmY7Bc.','ce99moEr1cJyOOyAXDl04YjuSShNNlgZhyJVIQTjOvMOGTAAjecEoyGVIn83',NULL,'2019-09-06 15:02:29'),(58,'nataliajofre22@gmail.com','cVFke9','LOMAS Z.','ABOGADA/O','Natalia','JOFRE',NULL,'$2y$10$VZX8wqjnvkl4EU84bUNN1.x8LibFOAtroU8iLnSejwOuCDSS5q5tK',NULL,NULL,'2019-09-05 16:55:54'),(59,'norbertoricco@hotmail.com','u1OmiR','LOMAS Z.','ABOGADA/O','Norberto','RICCO',NULL,'$2y$10$ayYjez30UGyxs12icZSWu./gYykUilg8JHj3VcEafiMw.QLEJ2m1O','SXuPL9EFsEKWAqoifEn1NJBDfHPBFmEZ0BzPYWhE8MVvlyOsMfBCHNN3Lrlm',NULL,'2019-09-06 16:26:29'),(60,'ordoñez.sol85@gmail.com','23upf5','LOS TOLDOS','TS','Mariciel','ORDOÑEZ',NULL,'$2y$10$kwD5dHMjIx9o8GcexzFKkO4DHhdo2sqsO.Gdu/7SMqVVPuptOJmLC',NULL,NULL,'2019-07-16 14:26:41'),(61,'lia_sanchez8@yahoo.com.ar','u4HF7C','LOS TOLDOS','PSICOLOGA/O','LIA','SANCHEZ',NULL,'$2y$10$C/EIWTGihWBPsI3YqC8nuuD.dUKb5kfLWtuGiSpJGasf0/T4CLU0y',NULL,NULL,'2019-07-16 14:26:41'),(62,'cpvgralviamonte@hotmail.com','hU8RoM','LOS TOLDOS','PSICOLOGA/A','María Belén','TAGLIAFERRO',NULL,'$2y$10$kme5ZD2ozwrLw1gUpjQ9z.Tqr4OhFocHUMiq8JNPNd00iHyfvGtq.','AzZq3Ulx2lH8GTDcQGPnosMnkn48KJma4IIjfssgJuwjklen1zueISYSKAbh',NULL,'2019-07-16 14:26:41'),(63,'natalia_cascardo@hotmail.com','hwU9kc','MAR DEL PLATA','PSICOLOGA/O','Natalia','CASCARDO',NULL,'$2y$10$atuTwaFnV6/Er2kAIML6LOIvYo8pSXMTH9JXMl86tz2arg3UoazNu','ifQpdByluvNGy4OmX47CjTzIg7EOwB5UZoaWrRqfVubAb6xLtgyLXcP5z7Gk',NULL,'2019-09-06 19:49:17'),(64,'monidimauro@hotmail.com','vd47P2','MAR DEL PLATA','ADMINISTRATIVA/O','Mónica','DI MAURO',NULL,'$2y$10$yRlN8xymY5iunZcvU5T6SONK0Y0FAki54QIiuA6rLcFlo5R9K3GV2','xmtuK8XQTxLCxLjEyp2ccMyy7WanhpCjg7AWnkzHYokjNZIJ5d9LrhszivwT',NULL,'2019-09-06 15:11:11'),(65,'patriciohorn@hotmail.com','T3MhVm','MAR DEL PLATA','ABOGADA/O','Patricio','HORN',NULL,'$2y$10$w./nzJSYJ3jutxJrdwmvXe1SBKif1DOhyiJa2yP25mSG1S9O8I/1m',NULL,NULL,'2019-09-06 17:44:13'),(66,'joseluismartins@hotmail.com','eraC0E','MAR DEL PLATA','ABOGADA/O',' José Luis','MARTINS',NULL,'$2y$10$rnI1Bx5YBnYMI8p2lRJ/0ep.xd1fh6YF11awioSbEJjCdrDu/R9VC',NULL,NULL,'2019-07-16 14:26:42'),(67,'luz_22_mm@hotmail.com','vyINhg','MAR DEL PLATA','TS','Luz','MUÑIZ',NULL,'$2y$10$lEBt.G9zjLjRl3mbBcbfTO7GAw6xN9A/ovPO6vtloItjJDrV4/8pi','ab4FyJMVFIp5jjEqpbSl5DbJmGZPOAffjrqTRZRdkdjiMVrqU8Zhs2n8FzZM',NULL,'2019-09-06 15:47:20'),(68,'florencianovello@yahoo.com.ar','j9SO0h','MAR DEL PLATA','PSICOLOGA/O','Florencia','NOVELLO',NULL,'$2y$10$V8mys0F2lbRjFQEhGdgbzuK9OSGcJqxurPFBTROi2IWERhsRZsgsC','gpWgUpAVsmyT0yKzn5b2InCay8u0SCYq1VaqHfz5AH1gOrEugc5A33JWGOr5',NULL,'2019-09-06 14:50:10'),(69,'catalinaespil@hotmail.com','ZmvXfs','MERCEDES','PSICOLOGA/O','Catalina','ESPIL',NULL,'$2y$10$N0qiL2XPZiqZXRPQlIpUsOaIRCDFGLWgsWiPiDxkb9QArUbxLnSxK',NULL,NULL,'2019-09-05 17:31:51'),(70,'pia.frattini@hotmail.com','ClBU9s','MERCEDES','TS','María Pía','FRATTINI',NULL,'$2y$10$tk4FZhXSql.Q7Dav30JKdOVa1gHLhlUE0hxlvWiNABIyJ0IB5Qrr.',NULL,NULL,'2019-09-06 16:58:53'),(71,'valeriamanfria@gmail.com','ntx1Ad','MERECEDES','ABOGADA/O','Valeria','MANFRIA MASSA',NULL,'$2y$10$uBvaTpo.B2Tew9tOPczxtuYOAGi08EKFmSww6pPLJEYkmBWemc1Zq',NULL,NULL,'2019-09-06 16:55:46'),(72,'german.landgraf@gmail.com','bQG3ly','MORENO','ABOGADA/O','Germán','LANDGRAF',NULL,'$2y$10$MrKHugp8a1zSCBAfi2dhluv9V337.XPOmiCj4LDYayOLDC8lhO8mK','mInKTtiMBElEq27uIbyJE2RThIXR2SjbdrNTquakjw0lic7TXGAAlAKFuWug',NULL,'2019-09-05 18:18:30'),(73,'valtasan0910@gmail.com','CQuTfn','MORENO','PSICOLOGA/O','VALERIA','SANCHEZ',NULL,'$2y$10$NA96BJwiT3LZP2obYCjPs.xArhXGaagvgyqQdH8Msy7EuO9rjBrQq','oneuUNQ9lZS5mplhVkMxoFXV0S27IrWECDSOl24cbG9B2KOAdcwE33L8ZUQQ',NULL,'2019-07-16 14:26:43'),(74,'sb.gonzalo@hotmail.com','z1X5YA','MORENO','ABOGADA/O','Jorge Gonzalo','SESSAREGO B.',NULL,'$2y$10$VcOxhRNtIi98HuFnLWEJF.hD87w5ItOQOHyjQt1wE2Hgu9WNc/I92',NULL,NULL,'2019-09-05 18:22:39'),(75,'gomezmiguelangel12@yahoo.com.ar','ghC5oX','MORON','TS','Miguel Angel','GOMEZ',NULL,'$2y$10$I16sFxaYqzgBOKEDD4srO.8Wy4CW4QVwsLAVl52/sNUjxD4Yq/ira','HhsEmJv6iEir9YEZnzxkd4wwAeVkGKg0cjsdJmiGUovxmFEALSAtAaIxFOIV',NULL,'2019-09-05 17:18:26'),(76,'jessin23@hotmail.com','JKio7l','MORON','ABOGADA/O','Yésica','IZARRIAGA',NULL,'$2y$10$00wAW1gZ0IFOTeQ6mKuK/O1Yxc.uNvmI5YHkw7uXZy2gedwPfqYra',NULL,NULL,'2019-09-05 17:20:03'),(77,'dralucero@live.com','eWbpB5','MORON','ABOGADA/O','Viviana','LUCERO',NULL,'$2y$10$PZQjRqDh9DYB7bsxZLCRY.vADo4WkRArrxnSxVpYwXqPzllXc5sji','HxbppZ1WI4UHr5sD60gFImD3phNfvDFyU0ChVUm86fvxENVMeeALIj8nmd83',NULL,'2019-09-06 17:14:51'),(78,'malenap_@hotmail.com','fGQrt7','MORON','ADMINISTRATIVA/O','Malena','PEREZ SOTO',NULL,'$2y$10$vup63rAzNldSAmQ9qbw.te0Jl8Hf2ddwm4OigMCCQkYitrBGmeiHy',NULL,NULL,'2019-07-16 14:26:44'),(79,'fantemanuel2@gmail.com','QdZRk3','PERGAMINO','TS','EMANUEL','FANTE',NULL,'$2y$10$K06eJFhuTTV6AbKexrcZn.I5AlrWXP7Se68o.JXogTFvPo2AzYcf.',NULL,NULL,'2019-09-05 17:24:34'),(80,'cecimarquiselli@hotmail.com','BPqAfU','PERGAMINO','PSICOLOGA/O','Cecilia','MARQUISELLI',NULL,'$2y$10$do0m/J8GqlVFhCJTL0IhGOeZsFq0VPCXz3GrNBuInq5pTgx/ZFwTe',NULL,NULL,'2019-09-06 15:04:58'),(81,'valentinapiccinimanfredini@gmail.com','07Ah4J','PERGAMINO','ABOGADA/O','Valentina','PICCINI M.',NULL,'$2y$10$oEoQ3A2GyrhjZpoGoR0Wb.u.eQx6oXfqdMCZfsmFMDw.ZOp01rMNG','XUw2AVnwRwbgho3A2Gn4yWUHWRx0QxfRSaBYTel1Zs0hCmYBUmYW3vRgeriF',NULL,'2019-09-05 18:29:53'),(82,'dra.diazcecilia@gmail.com','eda0HY','PILAR','ABOGADA/O','Cecilia','DIAZ',NULL,'$2y$10$x2U6CL5fC7G1x5Yn2aLSNu9LGQNU9rinXBCKF9sNW4FIfsDMqUJlq',NULL,NULL,'2019-07-16 14:26:45'),(83,'barbara.ramallo.1980@outlook.com','qBK64d','PILAR','TS','Bárbara Mariela','RAMALLO',NULL,'$2y$10$ga80K21dGz/lD3bXhzv1V.7uTHen02IdngPxPGODBmhBCHl2UJRYG',NULL,NULL,'2019-07-16 14:26:45'),(84,'mariana_sv3@hotmail.com','nofjVg','PILAR','PSICOLOGA/O','Mariana','SEMENZATO V.',NULL,'$2y$10$raOEkmoGsOPhUpcw092eEuBcJwqUWcOb3t3J2fTh0n1rzB7LBgWl.',NULL,NULL,'2019-07-16 14:26:45'),(85,'estudiojuridicodona@gmail.com','df7Gm8','PINAMAR','ABOGADA/O','María José','DOÑA',NULL,'$2y$10$C6UkIfPI5QevORveJAQNoeFiOSubW5NAXnhlQFYXv5c9.HM/xCcfe','vFK2j3iUelw8aVSkHKvalIFytLgSz65RrZXUpVQAyDmc7hBkOogtp7uZEOxz',NULL,'2019-09-05 16:32:18'),(86,'matutaur2@hotmail.com','95xV2K','PINAMAR','PSICOLOGA/O','Matilde','PAGGI',NULL,'$2y$10$RupPPWBMOyXOgwCa8b0k7Od2qYjNKgl7c8mGRCpv0axMiBk8YVWDG','rmIYtFXa4EeiRACqoUDgxOpl8s3UlGrPUMmxt8XpCGezxJ4ivYOXzeigQcsh',NULL,'2019-09-05 01:58:46'),(87,'RIVEROMARIAJ@GMAIL.COM','8vxlR4','PINAMAR','PSICOLOGA/O','María José','RIVERO',NULL,'$2y$10$Jf6O5NNgsgvwVxy6Wa.Ka.fsaryubCYMAjC1J72tJAhbO3Y2wEedq','XMS22BCspsaVr0aqzIIVPAWcB3VsKracVB8IzgAlhrB59lsowzldjVgHr8eB',NULL,'2019-09-05 15:09:23'),(88,'alejandracaceres07@yahoo.com','uGHgXN','QUILMES','TS','Alejandra','CACERES',NULL,'$2y$10$5zs7Wqlim/6LGdMSD5Z9eOdNzk3t7oSfTlIb2MDYUdXqd9So.7ud2','h4HCCfxcp6Lotv0TfIHDMo2VyW628c0Dj8O4Tg8hv6YRPIwFjJQG1eJZEJGD',NULL,'2019-07-16 14:26:46'),(89,'palacios669@hotmail.com','icm0XB','QUILMES','ADMINISTRATIVA/O','CAROLINA','PALACIOS',NULL,'$2y$10$T/rCWADcmjlW3HHUuAsICeo/CXBn9ct6veH0PlOqFNQnYy1Yy4An2','QIbBlogCY92k7Fg4rXHwe2dp1kBmMALzhwn80Hi1Gh25dGuAx1Ymj4pfNjA3',NULL,'2019-09-05 15:55:53'),(90,'rivarolamarinag@gmail.com','le1OEv','QUILMES','ABOGADA/O','Marina','RIVAROLA',NULL,'$2y$10$p1kZNUnDdT4EgLs2tBIV7u3J1Z06HHDPpNnLOZ7tpxOsevmDUiRQy',NULL,NULL,'2019-07-16 14:26:46'),(91,'carolinavenosa@gmail.com','GqKDVu','QUILMES','PSICOLOGA/A','Carolina','VENOSA',NULL,'$2y$10$3DC8nsjX5BkfAUZb6p.GM.g.i61L3gLds9U09sEO4RlZZYa3qhsKG',NULL,NULL,'2019-07-16 14:26:46'),(92,'campiflorencia@hotmail.com','ZGChxE','SAN FERNANDO','ABOGADA/O','Florencia','CAMPI',NULL,'$2y$10$Hk5IEQECSQix6ZyMRve/CO8sV4kticE.1cK.LMk2H7RuNxgYYWmx.',NULL,NULL,'2019-07-16 14:26:46'),(93,'midaverio@hotmail.com','Ukgjbo','SAN FERNANDO','ADMINISTRATIVA/O','María Inés','DAVERIO',NULL,'$2y$10$jVzf3Y5J5HlhbtuYW3iLY.15gWUVh3YYwpFlUmMu./w5poBiMsmK.',NULL,NULL,'2019-09-05 06:48:06'),(94,'mariaemiliamathe@gmail.com','eW5YJo','SAN FERNANDO','ABOGADA/O','Maria Emilia','MATHE',NULL,'$2y$10$bALN34e5b/oG7VkfK0G.BOiARbXLyXDJ.gvdvq0vE1IjevQ6tKd6S',NULL,NULL,'2019-07-16 14:26:47'),(95,'jupa_8@hotmail.com','t2gAeH','SAN FERNANDO','PSICOLOGA/O','María Julia','PALLAVICINI',NULL,'$2y$10$b8oDbCya09dP1UIgvgyh8OiiROLZGBYy23YJXodxz3pakMZFF7dsW',NULL,NULL,'2019-07-16 14:26:47'),(96,'veronicasoriano@yahoo.com','TV8Sn1','SAN FERNANDO','ADMINISTRATIVA/O','Verónica','SORIANO',NULL,'$2y$10$laR0dNKMP0bKsZiqwIkKleaJIdVcXU7ZRHqaCIBMi1JDfkpxBWlzK',NULL,NULL,'2019-07-16 14:26:47'),(97,'carobusquier@yahoo.com.ar','tBiv8x','SAN MARTIN','PSICOLOGA/O','Carolina','BUSQUIER',NULL,'$2y$10$Cwbtbk4hyLmFx4kJsm.iI.jQG56vdV5ekMxVDxeSUM6o1.HZI.V.q',NULL,NULL,'2019-07-16 14:26:47'),(98,'daianabrendacordoba@yahoo.com.ar','XgLJrZ','SAN MARTIN','ABOGADA/O','Daiana','CORDOBA',NULL,'$2y$10$FSVwDV7HqMMbvl6JY2J2E.10yZot2dqTsmcww.7vEwvz6c/tK/0T.','5BYgCbMNAJHWVtPo6iBYLySmLKvKlL6nmiz0evBF9b3yuUYCPOq5XJWaNjVT',NULL,'2019-09-05 16:56:31'),(99,'estudiodt@gmail.com','36sN7u','SAN MARTIN','ABOGADA/O','Diego','DALLA TORRE',NULL,'$2y$10$stXOVy4x6uDhOiGCT8cHeO50cGZhZZlE2XDu8W0o/BBM5ZthwjhU6',NULL,NULL,'2019-07-16 14:26:48'),(100,'loremagista@gmail.com','uPcV2x','SAN MARTIN','ADMINISTRATIVA/O','Lorena','MAGISTA',NULL,'$2y$10$H7y8hy7ua6WyPJHnpvn6bumMYC6Qrlik7j4EK/iYjTyGm33x8HQJW','lnHcPxmGa7D2A1qgSoUaHXA1NAJGfAMFiGb3UANBqaL8UVsEBKNe60xhZd06',NULL,'2019-09-05 04:36:48'),(101,'alcuazm@hotmail.com','vTedlW','TANDIL','ABOGADA/O','Micaela','ALCUAZ',NULL,'$2y$10$il9rqGUyUfjOq29qMaAuZeSUatjELJcUEfYSQK/YLDP53FhE0uJUm','ckdVeim94EDTyJRGM3WALITEUGEn16ru66vvTgU6GFLb6sdOtkWiVmnDWtFm',NULL,'2019-09-05 14:52:41'),(102,'casilvana@hotmail.com','OLHYna','TANDIL','PSICOLOGA/O','Silvana','CERDA',NULL,'$2y$10$LKUU7voIP9ygxQvTJPUFuuQtnweuVJMRtimF25vPFNRtxTGiqK51K','ErSYcNl5AbBK6S33y5IFA8KKsbWo6CKYvs73D3E0mVq5dAg8p1zcHaoZduKz',NULL,'2019-09-05 14:44:11'),(103,'lutipirovani@hotmail.com','qB7FDx','TANDIL','ABOGADA/O','Lucía','PIROVANI',NULL,'$2y$10$5EzrFT2ErFt6.AfyuSb00eaOxJ3T6L5xp2R5p8cK5HzzlL55C0Zim','qqrdDeBZSs8gIY1nFl0Nw5dkCrNGeYrTQt6F1m8Uz0jGIDgktcAtmCCkkDl0',NULL,'2019-09-09 16:15:47'),(104,'alicia_rubilar@hotmail.com','HkFqj9','TANDIL','TS','Alicia','RUBILAR',NULL,'$2y$10$Mrhm694UpprPop3iu2RFyOoP.xY5meZByh8jxhI8Qg1JdvWbpiYMu','fpDmbHFiGmZBnWIU6CPK7xNFYhNfqcmEIMkkg7e1upzVz1A8b8dBNtjagJwf',NULL,'2019-09-05 14:09:52'),(105,'verocracea@yahoo.com','ScOy8p','VICENTE LOPEZ','PSICOLOGA/O','Verónica','ATTALA',NULL,'$2y$10$HokJVjys/FDTOhSc1C3IlOqJ/63BEAFsFj0FpkV0zGa/3lfeI.jsa','rSpufGF2TGG3iRoGB0O73MyOBf8U5Mql8JFeO4UjV8kzTqUostOfqxAax9ek',NULL,'2019-09-05 18:20:30'),(106,'lucilanramallal@gmail.com','qRdgmu','VICENTE LOPEZ','ABOGADA','Lucila Natalia','RAMALLAL',NULL,'$2y$10$xJj6SIEWPd/f0eBBGzaOMu8emjKcFm/LXa5uE6S.sAbt7PLkeF6c6',NULL,NULL,'2019-09-05 23:19:26'),(107,'l.fraccarolli@live.com','nvhOGg','ZARATE','ABOGADA/O','Lucía','FRACCAROLLI',NULL,'$2y$10$lEg.iUN2Vb3bTaC/MBATieWWLWiboWGMx9IRKANuTSTN7oKOkyP0K','3W21H2F9ZkA0E2gB4NxSNdY8SZBOYveWzXlLlROEpiAMY9bLQlwD8BYq1PLf',NULL,'2019-07-16 14:26:49'),(108,'nataliacribelli@hotmail.com','LmeU19','ZARATE','PSICOLOGA/O','Natalia','CRIBELLI',NULL,'$2y$10$lEg.iUN2Vb3bTaC/MBATieWWLWiboWGMx9IRKANuTSTN7oKOkyP0K','zs3Cnw40WekofWjSrn7rzdtdo5YOrVXy3q0PjpY0ZudZ6QUl2G6CfjofAxWl',NULL,'2019-07-16 14:26:49'),(109,'j.devincenzi@spb.gba.gov.ar','pXOifq','LA PLATA','ADMIN','Juan','DEVICENZI','0000-00-00 00:00:00','','3agZ5A55WSQccW5oeonTiR3iXpKOo7Skr6rbDYGBZymGCnMVOQnXF193dR25',NULL,'2019-07-24 18:38:35'),(110,'lucia.moreno@outlook.com.ar','0RbitW','LA PLATA','ADMIN','Lucía','MORENO','0000-00-00 00:00:00','$2y$10$8GX9/i3cSgFSEhJb.GDr0ulCA4oxuWjQ5.hLPrXIIHjHDVhaykSTa','py1DfabH27spcjPW9tevkv4jXHHDoenOnuqkCyquztDBIcKeqb2p6fG57Oiw',NULL,'2019-07-29 14:20:13'),(111,'xul27@hotmail.com','Coca1939','LA PLATA','ADMIN','Lucky','SANCHEZ','0000-00-00 00:00:00','$2y$10$14SkEF8529lX7KZ6kDy3mO9ZGrOBAz8PYT1AAzZGEHSsVcDjifs0K','MagYhtjx0s50zAgPn9ZDMcW6qGELm0bWVl25rlD2qovVvr1sqqKdwgkYaeie',NULL,'2019-09-05 16:55:28');
/*!40000 ALTER TABLE `users` ENABLE KEYS */;
UNLOCK TABLES;

--
-- Table structure for table `usuarios`
--

DROP TABLE IF EXISTS `usuarios`;
/*!40101 SET @saved_cs_client     = @@character_set_client */;
/*!40101 SET character_set_client = utf8 */;
CREATE TABLE `usuarios` (
  `id` int(10) unsigned NOT NULL AUTO_INCREMENT,
  `nombre_y_apellido` varchar(255) DEFAULT NULL,
  `sede` varchar(255) DEFAULT NULL,
  `area` varchar(255) DEFAULT NULL,
  `email` varchar(255) DEFAULT NULL,
  `rol` int(10) NOT NULL,
  PRIMARY KEY (`id`)
) ENGINE=InnoDB AUTO_INCREMENT=112 DEFAULT CHARSET=latin1;
/*!40101 SET character_set_client = @saved_cs_client */;

--
-- Dumping data for table `usuarios`
--

LOCK TABLES `usuarios` WRITE;
/*!40000 ALTER TABLE `usuarios` DISABLE KEYS */;
INSERT INTO `usuarios` VALUES (1,'Romina BENITEZ-PSICOLOGA/O','ALTE. BROWN','PSICOLOGA/O','rominabenitezar@hotmail.com',3),(2,'Verónica PEREZ  -TS','ALTE. BROWN','TS','veritoapc@hotmail.com',3),(3,'María Florencia ARAMBURU-ABOGADA/O','AZUL','ABOGADA/O','mflorencia_aramburu@hotmail.com',3),(4,'Josefina CASADO-PSICOLOGA/O','AZUL','PSICOLOGA/O','josefina.casado@gmail.com',3),(5,'María Jimena CIAPPINA-TS','AZUL','TS','jime_ciappina@hotmail.com',3),(6,'Milagros De Aranzazu ARISTIZABAL-ABOGADA','BAHIA BLANCA','ABOGADA','milagrosaristizabal@gmail.com',3),(7,'Solange Anael MINNUCCI ROTILI-TS','BAHIA BLANCA','TS','minnuccisol@gmail.com',3),(8,'Ana Catalina OTERO D.-PSICOLOGA/O','BAHIA BLANCA','PSICOLOGA/O','catalinaotero.bblanca@gmail.com',3),(9,'Nancy Daniela  BIANCO-ADMINISTRATIVA/O','EZEIZA','ADMINISTRATIVA/O','gmatthesius@hotmail.com',2),(10,'Mariela FORNARI-TS','EZEIZA','TS','mariela_delf@hotmail.com',3),(11,'Noelia LOMBARDO-ABOGADA/O','EZEIZA','ABOGADA/O','noeliadlombardo@gmail.com',3),(12,'María Soledad CORTES-ABOGADA/O','JOSE C. PAZ','ABOGADA/O','cortes.m.soledad@gmail.com',3),(13,'Alicia MICHELA-PSICOLOGA/A','JOSE C. PAZ','PSICOLOGA/A','alimichela@hotmail.com',3),(14,'Soledad Anabela ROMERO-TS','JOSE C. PAZ','TS','anabela_romero_03@hotmail.com',3),(15,'LUCIA TEALDI-DIRECTORA PROVINCIAL','LA PLATA','DIRECTORA PROVINCIAL','tealdi.lucia@gmail.com',1),(16,'Juan Ignacio BOMBELLI-DIR. ASIS. Y PROTECCION A LA VICTIMA','LA PLATA','DIR. ASIS. Y PROTECCION A LA VICTIMA','lic.juanbombelli@gmail.com',1),(17,'Julieta Anahí ARAGUES-PSICOLOGA/O','LA PLATA','PSICOLOGA/O','julietapsi@gmail.com',3),(18,'Veronica Haydeé ARDOHAIN-TS','LA PLATA','TS','veronica.ardohain76@gmail.com',3),(19,'Agustín BEJARANO-ADMINISTRATIVA/O','LA PLATA','ADMINISTRATIVA/O','elbeca_81@hotmail.com',2),(20,'Sebastian BISCIOTTI G.-ADMINISTRATIVA/O','LA PLATA','ADMINISTRATIVA/O','cpv.sebastianbg@gmail.com',2),(21,'Maia Yésica CALABRESE-ADMINISTRATIVA/O','LA PLATA','ADMINISTRATIVA/O','maiacalabrese85@gmail.com',1),(22,'Maria Lujan CICCONI-PSICOLOGA/O','LA PLATA','PSICOLOGA/O','marialujancic@gmail.com',3),(23,'Lucia COMPAGNUCCI-ADMINISTRATIVA/O','LA PLATA','ADMINISTRATIVA/O','lu.comp1989@gmail.com',1),(24,'Rosario Leontina CUCCIA-PSICOLOGA/O','LA PLATA','PSICOLOGA/O','rosariocuccia78@gmail.com',3),(25,'Agustina Soledad DE ANDREIS-ADMINISTRATIVA/O','LA PLATA','ADMINISTRATIVA/O','agustinadeandreis@gmail.com',2),(26,'Lucía DE ANTONI-ADMINISTRATIVA/O','LA PLATA','ADMINISTRATIVA/O','ludeantoni@hotmail.com',2),(27,'Juan Francisco DI NARDO-DIRECTOR DE SEDES DECENTRALIZADAS','LA PLATA',' DIRECTOR DE SEDES DECENTRALIZADAS','juanfdinardo@gmail.com',1),(28,' María Carolina GASSULL-ADMINISTRATIVA/O','LA PLATA','ADMINISTRATIVA/O','carogassull@gmail.com',2),(29,'Andrea Daniela GIACOMINO-PSICOLOGA/O','LA PLATA','PSICOLOGA/O','andreagiacomino04@yahoo.com.ar',3),(30,'Federico  GOSELLA -ABOGADO','LA PLATA','ABOGADO','dr_gosella@hotmail.com',3),(31,'Dante Bautista GUILIANI-ADMINISTRATIVA/O','LA PLATA','ADMINISTRATIVA/O','dantegiu@yahoo.com.ar',2),(32,'Ignacio  KLENA-ABOGADA/O','LA PLATA','ABOGADA/O','ignacioklena@hotmail.com',3),(33,'Azul LABALTA R.-ABOGADA/O','LA PLATA','ABOGADA/O','azul.labalta@gmail.com',3),(34,'Milagros Aldana LUAYZA T.-ADMINISTRATIVA/O','LA PLATA','ADMINISTRATIVA/O','MilagrosLuayza@hotmail.com',2),(35,'Martín Darío MAC LOUGHLIN-ADMINISTRATIVA/O','LA PLATA','ADMINISTRATIVA/O','macloughlinmartin@gmail.com',2),(36,'Luciano MACIEL-PSICOLOGA/O','LA PLATA','PSICOLOGA/O','lucianomac@gmail.com',3),(37,'Veónica Isabel MARTINUZZI R.-PSICOLOGA/O','LA PLATA','PSICOLOGA/O','veropsicol@hotmail.com',3),(38,'Silvio Gabriel MONTI-PSICOLOGA/O','LA PLATA','PSICOLOGA/O','silviomonti@gmail.com',3),(39,'Agustín MONTONE-ADMINISTRATIVA/O','LA PLATA','ADMINISTRATIVA/O','agus_montone@hotmail.com',2),(40,'Eliana Silvina MORRONE-PSICOLOGA/O','LA PLATA','PSICOLOGA/O','elimorrone@gmail.com',3),(41,'Lisandro Ariel PANELLI-ADMINISTRATIVA/O','LA PLATA','ADMINISTRATIVA/O','lisandropanelli@gmail.com',2),(42,'Héctor Rubén PELLEGRINI-ADMINISTRATIVA/O','LA PLATA','ADMINISTRATIVA/O','cuchipellegrini@hotmail.com.ar',2),(43,'M. PATRICIA RACK-TS','LA PLATA','TS','patriciarack@gmail.com',3),(44,'Guillermina RISSO-PSICOLOGA/O','LA PLATA','PSICOLOGA/O','guillerisso@hotmail.com',3),(45,'Vanina Eleonora SEMINARA-PSICOLOGA/O','LA PLATA','PSICOLOGA/O','vaninaseminara@hotmail.com',3),(46,'María Candela SERVIN-PSICOLOGA/O','LA PLATA','PSICOLOGA/O','candeservin@gmail.com',3),(47,'Maria Guadalupe SOSA-ADMINISTRATIVA/O','LA PLATA','ADMINISTRATIVA/O','cpvconsultadir@gmail.com',2),(48,'Valeria SOTO-TS','LA PLATA','TS','valerinasoto12@gmail.com',3),(49,'Paula STROPPOLO-ADMINISTRATIVA/O','LA PLATA','ADMINISTRATIVA/O','paustroppolo25@hotmail.com',2),(50,'Jacqueline Melina SULAS-ADMINISTRATIVA/O','LA PLATA','ADMINISTRATIVA/O','melinasulasguzman@gmail.com',2),(51,'Alfonso VICINANZA-ABOGADA/O','LA PLATA','ABOGADA/O','alfonsovicinanza@yahoo.com.ar',3),(52,'Laura LOGRIEGO-ABOGADA/O','LANUS','ABOGADA/O','laura_logriego@yahoo.com.ar',3),(53,'Ramona RUIZ DIAZ-TS','LANUS','TS','ramonaruizdiaz@hotmail.com',3),(54,'María Victoria TEMUDIO-PSICOLOGA/A','LANUS','PSICOLOGA/A','mvtemudio@hotmail.com',3),(55,'María Alejandra ARRIETA-ADMINISTRATIVA/O','LOMAS Z.','ADMINISTRATIVA/O','malearrieta76@hotmail.com',2),(56,'Giulietta CUOZZO-PSICOLOGA/O','LOMAS Z.','PSICOLOGA/O','giuliettacuozzo@hotmail.com',3),(57,'Virginia GALVAN-TS','LOMAS Z.','TS','galvanvirginia@yahoo.com.ar',3),(58,'Natalia JOFRE-ABOGADA/O','LOMAS Z.','ABOGADA/O','nataliajofre22@gmail.com',3),(59,'Norberto RICCO -ABOGADA/O','LOMAS Z.','ABOGADA/O','norbertoricco@hotmail.com',3),(60,'Mariciel ORDOÑEZ-TS','LOS TOLDOS','TS','ordoñez.sol85@gmail.com',3),(61,'LIA SANCHEZ-PSICOLOGA/O','LOS TOLDOS','PSICOLOGA/O','lia_sanchez8@yahoo.com.ar',3),(62,'María Belén TAGLIAFERRO-PSICOLOGA/A','LOS TOLDOS','PSICOLOGA/A','cpvgralviamonte@hotmail.com',3),(63,'Natalia CASCARDO-PSICOLOGA/O','MAR DEL PLATA','PSICOLOGA/O','natalia_cascardo@hotmail.com',3),(64,'Mónica DI MAURO-ADMINISTRATIVA/O','MAR DEL PLATA','ADMINISTRATIVA/O','monidimauro@hotmail.com',2),(65,'Patricio HORN-ABOGADA/O','MAR DEL PLATA','ABOGADA/O','patriciohorn@hotmail.com',3),(66,' José Luis MARTINS-ABOGADA/O','MAR DEL PLATA','ABOGADA/O','joseluismartins@hotmail.com',3),(67,'Luz MUÑIZ-TS','MAR DEL PLATA','TS','luz_22_mm@hotmail.com',3),(68,'Florencia NOVELLO-PSICOLOGA/O','MAR DEL PLATA','PSICOLOGA/O','florencianovello@yahoo.com.ar',3),(69,'Catalina ESPIL-PSICOLOGA/O','MERCEDES','PSICOLOGA/O','catalinaespil@hotmail.com',3),(70,'María Pía FRATTINI-TS','MERCEDES','TS','pia.frattini@hotmail.com',3),(71,'Valeria MANFRIA MASSA-ABOGADA/O','MERECEDES','ABOGADA/O','valeriamanfria@gmail.com',3),(72,'Germán LANDGRAF-ABOGADA/O','MORENO','ABOGADA/O','german.landgraf@gmail.com',3),(73,'VALERIA SANCHEZ-PSICOLOGA/O','MORENO','PSICOLOGA/O','valtasan0910@gmail.com',3),(74,'Jorge Gonzalo SESSAREGO B.-ABOGADA/O','MORENO','ABOGADA/O','sb.gonzalo@hotmail.com',3),(75,'Miguel Angel GOMEZ-TS','MORON','TS','gomezmiguelangel12@yahoo.com.ar',3),(76,'Yésica IZARRIAGA-ABOGADA/O','MORON','ABOGADA/O','jessin23@hotmail.com',3),(77,'Viviana LUCERO-ABOGADA/O','MORON','ABOGADA/O','dralucero@live.com',3),(78,'Malena PEREZ SOTO-ADMINISTRATIVA/O','MORON','ADMINISTRATIVA/O','malenap_@hotmail.com',2),(79,'EMANUEL FANTE-TS','PERGAMINO','TS','fantemanuel2@gmail.com',3),(80,'Cecilia MARQUISELLI-PSICOLOGA/O','PERGAMINO','PSICOLOGA/O','cecimarquiselli@hotmail.com',3),(81,'Valentina PICCINI M.-ABOGADA/O','PERGAMINO','ABOGADA/O','valentinapiccinimanfredini@gmail.com',3),(82,'Cecilia DIAZ-ABOGADA/O','PILAR','ABOGADA/O','dra.diazcecilia@gmail.com',3),(83,'Bárbara Mariela RAMALLO-TS','PILAR','TS','barbara.ramallo.1980@outlook.com',3),(84,'Mariana SEMENZATO V.-PSICOLOGA/O','PILAR','PSICOLOGA/O','mariana_sv3@hotmail.com',3),(85,'María José DOÑA-ABOGADA/O','PINAMAR','ABOGADA/O','estudiojuridicodona@gmail.com',3),(86,'Matilde PAGGI-PSICOLOGA/O','PINAMAR','PSICOLOGA/O','matutaur2@hotmail.com',3),(87,'María José RIVERO-PSICOLOGA/O','PINAMAR','PSICOLOGA/O','RIVEROMARIAJ@GMAIL.COM',3),(88,'Alejandra CACERES-TS','QUILMES','TS','alejandracaceres07@yahoo.com',3),(89,'CAROLINA PALACIOS-ADMINISTRATIVA/O','QUILMES','ADMINISTRATIVA/O','palacios669@hotmail.com',2),(90,'Marina RIVAROLA-ABOGADA/O','QUILMES','ABOGADA/O','rivarolamarinag@gmail.com',3),(91,'Carolina VENOSA-PSICOLOGA/A','QUILMES','PSICOLOGA/A','carolinavenosa@gmail.com',3),(92,'Florencia CAMPI-ABOGADA/O','SAN FERNANDO','ABOGADA/O','campiflorencia@hotmail.com',3),(93,'María Inés DAVERIO-ADMINISTRATIVA/O','SAN FERNANDO','ADMINISTRATIVA/O','midaverio@hotmail.com',2),(94,'Maria Emilia MATHE-ABOGADA/O','SAN FERNANDO','ABOGADA/O','mariaemiliamathe@gmail.com',3),(95,'María Julia PALLAVICINI-PSICOLOGA/O','SAN FERNANDO','PSICOLOGA/O','jupa_8@hotmail.com',3),(96,'Verónica SORIANO-ADMINISTRATIVA/O','SAN FERNANDO','ADMINISTRATIVA/O','veronicasoriano@yahoo.com',2),(97,'Carolina BUSQUIER-PSICOLOGA/O','SAN MARTIN','PSICOLOGA/O','carobusquier@yahoo.com.ar',3),(98,'Daiana CORDOBA-ABOGADA/O','SAN MARTIN','ABOGADA/O','daianabrendacordoba@yahoo.com.ar',3),(99,'Diego DALLA TORRE-ABOGADA/O','SAN MARTIN','ABOGADA/O','estudiodt@gmail.com',3),(100,'Lorena MAGISTA-ADMINISTRATIVA/O','SAN MARTIN','ADMINISTRATIVA/O','loremagista@gmail.com',2),(101,'Micaela ALCUAZ-ABOGADA/O','TANDIL','ABOGADA/O','alcuazm@hotmail.com',3),(102,'Silvana CERDA-PSICOLOGA/O','TANDIL','PSICOLOGA/O','casilvana@hotmail.com',3),(103,'Lucía PIROVANI-ABOGADA/O','TANDIL','ABOGADA/O','lutipirovani@hotmail.com',3),(104,'Alicia RUBILAR-TS','TANDIL','TS','alicia_rubilar@hotmail.com',3),(105,'Verónica ATTALA-PSICOLOGA/O','VICENTE LOPEZ','PSICOLOGA/O','verocracea@yahoo.com',3),(106,'Lucila Natalia  RAMALLAL-ABOGADA','VICENTE LOPEZ','ABOGADA','lucilanramallal@gmail.com',3),(107,'Lucía FRACCAROLLI-ABOGADA/O','ZARATE','ABOGADA/O','l.fraccarolli@live.com',3),(108,'Natalia CRIBELLI-PSICOLOGA/O','ZARATE','PSICOLOGA/O','nataliacribelli@hotmail.com',3),(109,'Juan Devicenzi-ADMIN','LA PLATA','ADMIN','j.devincenzi@spb.gba.gov.ar',1),(110,'Lucía Moreno-ADMIN','LA PLATA','ADMIN','lucia.moreno@outlook.com.ar',1),(111,'Lucky SANCHEZ-ADMIN','LA PLATA','ADMIN','xul27@hotmail.com',1);
/*!40000 ALTER TABLE `usuarios` ENABLE KEYS */;
UNLOCK TABLES;

--
-- Table structure for table `victim_im`
--

DROP TABLE IF EXISTS `victim_im`;
/*!40101 SET @saved_cs_client     = @@character_set_client */;
/*!40101 SET character_set_client = utf8 */;
CREATE TABLE `victim_im` (
  `id` int(11) unsigned NOT NULL AUTO_INCREMENT,
  `idVictim` int(11) DEFAULT NULL,
  `idImputado` int(11) DEFAULT NULL,
  `vinculo_victima` int(11) DEFAULT NULL,
  `vinculo_otro` varchar(100) DEFAULT NULL,
  PRIMARY KEY (`id`)
) ENGINE=InnoDB AUTO_INCREMENT=140 DEFAULT CHARSET=latin1;
/*!40101 SET character_set_client = @saved_cs_client */;

--
-- Dumping data for table `victim_im`
--

LOCK TABLES `victim_im` WRITE;
/*!40000 ALTER TABLE `victim_im` DISABLE KEYS */;
INSERT INTO `victim_im` VALUES (1,3,1,4,NULL),(2,11,2,2,NULL),(3,12,3,7,NULL),(4,10,4,6,'EX PAREJA'),(5,13,5,7,NULL),(6,14,6,4,NULL),(7,13,7,7,NULL),(8,17,8,4,NULL),(9,20,9,1,NULL),(10,17,10,4,NULL),(11,22,11,2,NULL),(12,21,12,6,'EX PAREJA'),(13,23,13,2,NULL),(14,24,14,1,NULL),(15,25,15,7,NULL),(16,25,16,7,NULL),(17,25,17,7,NULL),(18,29,18,1,NULL),(19,32,19,6,'EX PAREJA'),(20,30,20,4,NULL),(21,35,21,6,'PADRASTRO'),(22,39,22,1,NULL),(23,43,23,7,NULL),(24,45,24,1,NULL),(25,42,25,4,NULL),(26,48,26,2,NULL),(27,49,27,7,NULL),(28,49,28,7,NULL),(29,44,29,6,'pareja de la mama'),(30,44,30,6,'pareja de la mama'),(31,47,31,2,NULL),(32,54,32,2,NULL),(33,57,33,2,NULL),(34,60,34,2,NULL),(35,62,35,1,NULL),(36,64,36,2,NULL),(37,65,37,4,NULL),(38,70,38,3,NULL),(39,69,39,2,NULL),(40,78,40,4,NULL),(41,79,41,6,'CUMPLE TAREAS EN SU LUGAR DE TRABAJO'),(42,85,42,4,NULL),(43,85,43,4,NULL),(44,87,44,7,NULL),(45,91,45,1,NULL),(46,90,46,6,'NOVIO'),(47,92,47,2,NULL),(49,96,48,6,'PAREJA DE LA MADRE'),(50,95,49,4,NULL),(51,103,50,1,NULL),(52,104,51,7,NULL),(53,103,52,1,NULL),(54,103,53,1,NULL),(55,108,54,2,NULL),(56,113,55,7,NULL),(57,114,56,6,'EX PAREJA'),(58,116,57,7,NULL),(59,115,58,1,NULL),(60,118,59,7,NULL),(61,119,60,6,'PADRASTRO'),(62,121,61,2,NULL),(63,121,62,7,NULL),(64,125,63,6,'PADRE DE CRIANZA'),(65,124,64,2,NULL),(66,121,65,2,NULL),(67,127,66,1,NULL),(68,128,67,1,NULL),(69,131,68,6,'EX PAREJA'),(70,132,69,1,NULL),(71,137,70,2,NULL),(72,145,71,6,'VECINO'),(73,147,72,2,NULL),(74,143,73,6,'EMPLEADOR'),(75,150,74,4,NULL),(76,148,75,4,NULL),(77,151,76,4,NULL),(78,152,77,4,NULL),(79,148,78,4,NULL),(80,148,79,4,NULL),(81,155,80,2,NULL),(82,148,81,4,NULL),(83,148,82,4,NULL),(84,148,83,4,NULL),(85,160,84,6,'PERSONAL DE LA CLINICA DONDE ESTAN ALOJADOS'),(86,161,85,1,NULL),(87,164,86,6,'EX PAREJA'),(88,159,87,4,NULL),(89,168,88,2,NULL),(90,172,89,2,NULL),(91,171,90,4,NULL),(92,171,91,4,NULL),(93,180,92,1,NULL),(94,181,93,6,'EX PAREJA'),(95,179,94,3,NULL),(96,171,95,4,NULL),(97,182,96,2,NULL),(98,184,97,2,NULL),(99,189,98,6,'EX PAREJA'),(100,187,99,7,NULL),(101,190,100,2,NULL),(102,195,101,4,NULL),(103,199,102,6,'EX PAREJA'),(104,198,103,4,NULL),(105,198,104,4,NULL),(106,200,105,6,'EX PAREJA'),(107,202,106,4,NULL),(108,201,107,2,NULL),(109,204,108,1,NULL),(110,193,109,2,NULL),(111,209,110,7,NULL),(112,215,111,6,'000'),(113,217,112,6,'PAREWJA DE ABUELA MATERNA'),(114,219,113,2,NULL),(115,218,114,7,NULL),(116,220,115,6,'AMIGO DE LA FAMILIA'),(117,221,116,4,NULL),(118,222,117,4,NULL),(119,225,118,7,NULL),(120,228,119,6,'EX PAREJA'),(121,230,120,7,NULL),(122,229,121,6,'PAREJA DE LA MADRE'),(123,233,122,1,NULL),(124,234,122,4,NULL),(125,234,123,6,'OTRO VINCULO'),(126,236,124,4,NULL),(127,237,124,3,NULL),(128,238,125,2,NULL),(129,242,126,1,NULL),(130,246,127,1,NULL),(131,247,128,6,'PADRASTRO'),(132,248,129,6,'EX PAREJA'),(133,249,130,2,NULL),(134,250,131,7,NULL),(135,251,132,6,'EX PAREJA'),(136,252,133,7,NULL),(137,252,134,7,NULL),(138,252,135,7,NULL),(139,253,136,6,'PAREJA DE MADRE');
/*!40000 ALTER TABLE `victim_im` ENABLE KEYS */;
UNLOCK TABLES;

--
-- Table structure for table `victim_pa`
--

DROP TABLE IF EXISTS `victim_pa`;
/*!40101 SET @saved_cs_client     = @@character_set_client */;
/*!40101 SET character_set_client = utf8 */;
CREATE TABLE `victim_pa` (
  `id` int(11) unsigned NOT NULL AUTO_INCREMENT,
  `idVictim` int(11) DEFAULT NULL,
  `idPersona` int(11) DEFAULT NULL,
  `vinculo_victima` int(11) DEFAULT NULL,
  `vinculo_otro` varchar(100) DEFAULT NULL,
  PRIMARY KEY (`id`)
) ENGINE=InnoDB AUTO_INCREMENT=86 DEFAULT CHARSET=latin1;
/*!40101 SET character_set_client = @saved_cs_client */;

--
-- Dumping data for table `victim_pa`
--

LOCK TABLES `victim_pa` WRITE;
/*!40000 ALTER TABLE `victim_pa` DISABLE KEYS */;
INSERT INTO `victim_pa` VALUES (1,1,1,1,NULL),(2,2,1,1,NULL),(3,3,2,1,NULL),(4,12,3,1,NULL),(5,12,4,1,NULL),(6,17,5,1,NULL),(7,21,6,1,NULL),(8,33,7,1,NULL),(9,42,8,1,NULL),(10,61,9,1,NULL),(11,74,10,1,NULL),(12,84,11,1,NULL),(13,86,12,1,NULL),(14,91,13,1,NULL),(18,95,16,1,NULL),(19,95,17,1,NULL),(20,95,18,1,NULL),(21,102,19,1,NULL),(23,111,21,1,NULL),(24,113,22,1,NULL),(25,115,23,1,NULL),(26,92,24,1,NULL),(27,137,25,1,NULL),(28,139,26,1,NULL),(29,141,27,1,NULL),(30,150,28,1,NULL),(31,152,29,1,NULL),(32,151,30,1,NULL),(33,158,31,1,NULL),(34,156,32,2,NULL),(35,160,33,1,NULL),(36,160,34,1,NULL),(37,159,35,1,NULL),(38,161,36,1,NULL),(39,180,37,1,NULL),(40,179,38,1,NULL),(41,179,39,1,NULL),(42,185,40,1,NULL),(43,187,41,1,NULL),(44,193,42,1,NULL),(45,195,43,4,'CONOCIDO'),(46,195,44,1,NULL),(47,202,45,1,NULL),(48,205,46,1,NULL),(49,211,47,1,NULL),(50,212,48,1,NULL),(51,214,49,1,NULL),(52,217,50,1,NULL),(53,220,51,1,NULL),(54,221,52,1,NULL),(55,222,53,1,NULL),(56,224,54,1,NULL),(57,225,55,1,NULL),(58,225,56,1,NULL),(59,226,57,1,NULL),(60,228,58,1,NULL),(61,229,59,1,NULL),(62,230,60,1,NULL),(63,231,61,1,NULL),(64,233,62,1,NULL),(65,234,62,2,NULL),(66,235,63,1,NULL),(67,235,64,1,NULL),(68,235,65,3,NULL),(69,235,66,2,NULL),(70,235,67,3,NULL),(71,236,68,1,NULL),(72,236,69,2,NULL),(73,236,70,1,NULL),(74,236,71,2,NULL),(75,236,72,3,NULL),(76,236,73,1,NULL),(77,236,74,2,NULL),(78,236,75,2,NULL),(79,237,68,2,NULL),(80,238,76,2,NULL),(81,246,77,1,NULL),(82,247,78,1,NULL),(83,250,79,1,NULL),(84,252,80,1,NULL),(85,253,81,1,NULL);
/*!40000 ALTER TABLE `victim_pa` ENABLE KEYS */;
UNLOCK TABLES;

--
-- Table structure for table `victim_ra`
--

DROP TABLE IF EXISTS `victim_ra`;
/*!40101 SET @saved_cs_client     = @@character_set_client */;
/*!40101 SET character_set_client = utf8 */;
CREATE TABLE `victim_ra` (
  `id` int(11) unsigned NOT NULL AUTO_INCREMENT,
  `idVictim` int(11) DEFAULT NULL,
  `idConviviente` int(11) DEFAULT NULL,
  `vinculo_victima` int(11) DEFAULT NULL,
  `vinculo_otro` varchar(100) DEFAULT NULL,
  PRIMARY KEY (`id`)
) ENGINE=InnoDB AUTO_INCREMENT=61 DEFAULT CHARSET=latin1;
/*!40101 SET character_set_client = @saved_cs_client */;

--
-- Dumping data for table `victim_ra`
--

LOCK TABLES `victim_ra` WRITE;
/*!40000 ALTER TABLE `victim_ra` DISABLE KEYS */;
INSERT INTO `victim_ra` VALUES (1,13,1,5,NULL),(2,13,2,5,NULL),(3,13,3,5,NULL),(4,14,4,1,NULL),(5,20,5,2,NULL),(6,22,6,1,NULL),(7,22,7,1,NULL),(8,24,8,2,NULL),(9,26,9,1,NULL),(10,30,10,2,NULL),(11,30,11,5,NULL),(12,39,12,1,NULL),(13,45,13,1,NULL),(14,49,14,1,NULL),(15,49,15,1,NULL),(16,52,16,1,NULL),(17,57,17,5,NULL),(18,62,18,1,NULL),(19,74,19,1,NULL),(20,79,20,1,NULL),(21,80,21,1,NULL),(22,81,22,3,NULL),(23,82,21,1,NULL),(24,87,23,1,NULL),(25,88,24,1,NULL),(26,92,25,3,NULL),(28,96,26,1,NULL),(29,104,27,1,NULL),(32,115,30,1,NULL),(33,118,31,2,NULL),(34,119,32,1,NULL),(35,137,33,1,NULL),(36,145,34,2,NULL),(37,146,35,1,NULL),(38,148,36,1,NULL),(39,148,37,1,NULL),(40,150,38,1,NULL),(41,163,39,1,NULL),(42,171,40,6,'HIJA'),(43,171,41,6,'HIJO'),(44,182,42,1,NULL),(45,190,43,5,NULL),(46,190,44,5,NULL),(47,198,45,2,NULL),(48,204,46,1,NULL),(49,209,47,3,NULL),(50,212,48,1,NULL),(51,225,49,5,NULL),(52,229,50,1,NULL),(53,233,51,2,NULL),(54,234,52,2,NULL),(55,234,51,3,NULL),(56,236,53,3,NULL),(57,237,53,4,NULL),(58,238,54,2,NULL),(59,247,55,3,NULL),(60,250,56,3,NULL);
/*!40000 ALTER TABLE `victim_ra` ENABLE KEYS */;
UNLOCK TABLES;

--
-- Table structure for table `victima_discapacidad`
--

DROP TABLE IF EXISTS `victima_discapacidad`;
/*!40101 SET @saved_cs_client     = @@character_set_client */;
/*!40101 SET character_set_client = utf8 */;
CREATE TABLE `victima_discapacidad` (
  `id` int(10) unsigned NOT NULL AUTO_INCREMENT,
  `victima_id` int(11) DEFAULT NULL,
  `discapacidad_id` int(11) DEFAULT NULL,
  PRIMARY KEY (`id`)
) ENGINE=InnoDB AUTO_INCREMENT=10 DEFAULT CHARSET=latin1;
/*!40101 SET character_set_client = @saved_cs_client */;

--
-- Dumping data for table `victima_discapacidad`
--

LOCK TABLES `victima_discapacidad` WRITE;
/*!40000 ALTER TABLE `victima_discapacidad` DISABLE KEYS */;
INSERT INTO `victima_discapacidad` VALUES (1,33,2),(2,59,2),(3,61,2),(4,65,2),(5,65,3),(6,167,1),(7,171,1),(8,183,2),(9,208,2);
/*!40000 ALTER TABLE `victima_discapacidad` ENABLE KEYS */;
UNLOCK TABLES;

--
-- Table structure for table `victima_limitacion`
--

DROP TABLE IF EXISTS `victima_limitacion`;
/*!40101 SET @saved_cs_client     = @@character_set_client */;
/*!40101 SET character_set_client = utf8 */;
CREATE TABLE `victima_limitacion` (
  `id` int(10) unsigned NOT NULL AUTO_INCREMENT,
  `victima_id` int(11) DEFAULT NULL,
  `limitacion_id` int(11) DEFAULT NULL,
  PRIMARY KEY (`id`)
) ENGINE=InnoDB AUTO_INCREMENT=6 DEFAULT CHARSET=latin1;
/*!40101 SET character_set_client = @saved_cs_client */;

--
-- Dumping data for table `victima_limitacion`
--

LOCK TABLES `victima_limitacion` WRITE;
/*!40000 ALTER TABLE `victima_limitacion` DISABLE KEYS */;
INSERT INTO `victima_limitacion` VALUES (1,75,4),(2,83,4),(3,94,3),(4,95,4),(5,106,4);
/*!40000 ALTER TABLE `victima_limitacion` ENABLE KEYS */;
UNLOCK TABLES;

--
-- Table structure for table `victima_necesidad`
--

DROP TABLE IF EXISTS `victima_necesidad`;
/*!40101 SET @saved_cs_client     = @@character_set_client */;
/*!40101 SET character_set_client = utf8 */;
CREATE TABLE `victima_necesidad` (
  `id` int(10) unsigned NOT NULL AUTO_INCREMENT,
  `victima_id` int(11) DEFAULT NULL,
  `necesidad_id` int(11) DEFAULT NULL,
  PRIMARY KEY (`id`)
) ENGINE=InnoDB AUTO_INCREMENT=44 DEFAULT CHARSET=latin1;
/*!40101 SET character_set_client = @saved_cs_client */;

--
-- Dumping data for table `victima_necesidad`
--

LOCK TABLES `victima_necesidad` WRITE;
/*!40000 ALTER TABLE `victima_necesidad` DISABLE KEYS */;
INSERT INTO `victima_necesidad` VALUES (1,1,1),(2,1,2),(3,1,3),(4,1,4),(5,2,1),(6,2,2),(7,2,3),(8,2,4),(9,80,1),(10,80,3),(11,82,1),(12,82,3),(13,92,1),(14,96,2),(15,96,5),(16,124,2),(17,143,1),(18,143,2),(19,143,3),(20,143,4),(21,143,7),(22,153,2),(23,167,1),(24,167,2),(25,167,3),(26,167,4),(27,167,7),(28,171,1),(29,171,2),(30,171,3),(31,171,4),(32,171,7),(33,182,1),(34,182,3),(35,186,1),(36,186,3),(37,198,1),(38,198,2),(39,198,3),(40,198,4),(41,198,7),(42,201,1),(43,202,1);
/*!40000 ALTER TABLE `victima_necesidad` ENABLE KEYS */;
UNLOCK TABLES;

--
-- Table structure for table `victima_programa`
--

DROP TABLE IF EXISTS `victima_programa`;
/*!40101 SET @saved_cs_client     = @@character_set_client */;
/*!40101 SET character_set_client = utf8 */;
CREATE TABLE `victima_programa` (
  `id` int(10) unsigned NOT NULL AUTO_INCREMENT,
  `victima_id` int(11) DEFAULT NULL,
  `programa_id` int(11) DEFAULT NULL,
  PRIMARY KEY (`id`)
) ENGINE=InnoDB AUTO_INCREMENT=21 DEFAULT CHARSET=latin1;
/*!40101 SET character_set_client = @saved_cs_client */;

--
-- Dumping data for table `victima_programa`
--

LOCK TABLES `victima_programa` WRITE;
/*!40000 ALTER TABLE `victima_programa` DISABLE KEYS */;
INSERT INTO `victima_programa` VALUES (1,23,2),(2,75,2),(3,75,5),(4,92,1),(5,92,2),(6,96,2),(7,103,1),(8,116,5),(9,135,2),(10,143,2),(11,168,2),(12,173,2),(13,182,2),(14,186,2),(15,186,5),(16,198,2),(17,198,5),(18,201,2),(19,234,1),(20,234,2);
/*!40000 ALTER TABLE `victima_programa` ENABLE KEYS */;
UNLOCK TABLES;

--
-- Table structure for table `victims`
--

DROP TABLE IF EXISTS `victims`;
/*!40101 SET @saved_cs_client     = @@character_set_client */;
/*!40101 SET character_set_client = utf8 */;
CREATE TABLE `victims` (
  `id` int(10) unsigned NOT NULL AUTO_INCREMENT,
  `victima_nombre_y_apellido` varchar(255) DEFAULT NULL,
  `genero` int(11) DEFAULT NULL,
  `victima_fecha_nacimiento` varchar(50) DEFAULT NULL,
  `victima_edad` int(20) DEFAULT NULL,
  `franjaetaria` int(11) DEFAULT NULL,
  `tienedoc` varchar(11) DEFAULT NULL,
  `tipodocumento` varchar(11) DEFAULT NULL,
  `tipo_documento_otro` varchar(255) DEFAULT NULL,
  `residenciaprecaria` int(11) DEFAULT NULL,
  `victima_numero_documento` varchar(20) DEFAULT NULL,
  `niveleducativo` int(11) DEFAULT NULL,
  `condiciones_de_trabajo` int(11) NOT NULL,
  `necesidades_socioeconomicas_insatisfechas` int(11) DEFAULT NULL,
  `necesidades_socioeconomicas_insatisfechas_otro` varchar(255) DEFAULT NULL,
  `programa_subsidio` int(11) DEFAULT NULL,
  `programa_subsidio_otro` varchar(255) DEFAULT NULL,
  `embarazorelevamiento` int(11) DEFAULT NULL,
  `tiene_discapacidad` int(11) DEFAULT NULL,
  `tienelesion` int(11) DEFAULT NULL,
  `tipo_lesion` varchar(255) DEFAULT NULL,
  `enfermedadcronica` int(11) DEFAULT NULL,
  `tipo_enfermedad_cronica` varchar(255) DEFAULT NULL,
  `tiene_limitacion` int(11) DEFAULT NULL,
  `limitacion_otro` varchar(255) DEFAULT NULL,
  `persona_asistida` int(11) DEFAULT NULL,
  `otras_personas_asistidas` int(11) DEFAULT NULL,
  `idCaso` int(11) DEFAULT NULL,
  `userID_create` int(11) DEFAULT NULL,
  `created_at` timestamp NULL DEFAULT NULL,
  `userID_modify` int(11) DEFAULT NULL,
  `updated_at` timestamp NULL DEFAULT NULL,
  `activo` int(11) DEFAULT NULL,
  PRIMARY KEY (`id`)
) ENGINE=InnoDB AUTO_INCREMENT=254 DEFAULT CHARSET=latin1;
/*!40101 SET character_set_client = @saved_cs_client */;

--
-- Dumping data for table `victims`
--

LOCK TABLES `victims` WRITE;
/*!40000 ALTER TABLE `victims` DISABLE KEYS */;
INSERT INTO `victims` VALUES (1,'Ana Ortiz',1,'1900-01-01',6,1,'1','1',NULL,NULL,'0',2,4,1,NULL,3,NULL,2,2,2,NULL,3,NULL,2,NULL,2,1,3,11,'2019-09-05 15:54:40',NULL,'2019-09-05 15:54:40',NULL),(2,'FRANCO ORTIZ',3,'1900-01-01',7,1,'1','1',NULL,NULL,'0',2,4,1,NULL,3,NULL,NULL,2,2,NULL,3,NULL,2,NULL,2,1,3,11,'2019-09-05 15:58:49',NULL,'2019-09-05 15:58:49',NULL),(3,'ZOE MURIEL GERPE',1,'2007-02-28',12,2,'1','1',NULL,NULL,'47757275',2,5,2,NULL,3,NULL,2,3,3,NULL,3,NULL,3,NULL,2,1,4,50,'2019-09-05 16:08:37',NULL,'2019-09-05 16:08:37',NULL),(5,'BRISA PALMIERI',1,'1900-01-01',16,2,'4',NULL,NULL,NULL,NULL,8,2,3,NULL,2,NULL,2,2,2,NULL,2,NULL,2,NULL,2,1,7,44,'2019-09-05 16:14:51',NULL,'2019-09-05 16:14:51',NULL),(6,'ABRIL BOGADO',1,'1900-01-01',12,2,'4',NULL,NULL,NULL,NULL,2,4,2,NULL,2,NULL,2,2,2,NULL,2,NULL,2,NULL,2,1,2,29,'2019-09-05 16:15:04',NULL,'2019-09-05 16:15:04',NULL),(7,'BRISA PALMIERI',1,'1900-01-01',16,2,'4',NULL,NULL,NULL,NULL,8,2,3,NULL,2,NULL,2,2,2,NULL,2,NULL,2,NULL,2,1,7,44,'2019-09-05 16:15:23',NULL,'2019-09-05 16:15:23',NULL),(8,'BRISA PALMIERI',1,'1900-01-01',16,2,'4',NULL,NULL,NULL,NULL,8,2,3,NULL,2,NULL,2,2,2,NULL,2,NULL,2,NULL,2,1,7,44,'2019-09-05 16:15:49',NULL,'2019-09-05 16:15:49',NULL),(9,'KEVIN SANUEZA',3,'1900-01-01',27,3,'4',NULL,NULL,NULL,NULL,6,1,2,NULL,2,NULL,NULL,3,3,NULL,3,NULL,2,NULL,1,2,10,17,'2019-09-05 16:16:58',NULL,'2019-09-05 16:16:58',NULL),(10,'BRISA PALMIERI',1,'1900-01-01',16,2,'2',NULL,NULL,NULL,NULL,8,5,2,NULL,2,NULL,2,2,2,NULL,2,NULL,2,NULL,2,1,11,44,'2019-09-05 16:20:06',NULL,'2019-09-05 16:20:06',NULL),(11,'GISELLA SOLIS CALLE',1,'1900-01-01',47,4,'2',NULL,NULL,NULL,NULL,7,3,2,NULL,2,NULL,2,2,2,NULL,2,NULL,2,NULL,2,1,9,21,'2019-09-05 16:22:06',NULL,'2019-09-05 16:22:06',NULL),(12,'LUDUEÑA  LUCAS',3,'1900-01-01',26,3,'1','1',NULL,NULL,'40664686',8,5,3,NULL,3,NULL,NULL,2,3,NULL,2,NULL,2,NULL,2,1,8,48,'2019-09-05 16:26:19',NULL,'2019-09-05 16:26:19',NULL),(13,'BERNAVE ALEX CHOQUE VALLEJOS',3,'1900-01-01',33,4,'1','1',NULL,NULL,'95160607',8,2,3,NULL,3,NULL,NULL,2,3,NULL,3,NULL,2,NULL,1,2,12,45,'2019-09-05 16:29:57',NULL,'2019-09-05 16:29:57',NULL),(14,'CACERES YOLANDA  ANDREA',1,'1900-01-01',48,4,'1','1',NULL,NULL,'21815575',8,5,3,NULL,3,NULL,2,2,1,'CICATRICES EN SUS MANOS Y BRAZOS',2,NULL,3,NULL,1,2,13,50,'2019-09-05 16:32:00',NULL,'2019-09-05 16:32:00',NULL),(15,'ROXANA CHAZARRETA',1,'1900-01-01',45,4,'1','1',NULL,NULL,'0',5,3,2,NULL,2,NULL,2,2,2,NULL,2,NULL,2,NULL,1,1,14,37,'2019-09-05 16:35:19',NULL,'2019-09-05 16:35:19',NULL),(16,'BAUTISTA PALMIERI',3,'1900-01-01',10,1,'4',NULL,NULL,NULL,NULL,8,5,2,NULL,2,NULL,NULL,2,2,NULL,2,NULL,2,NULL,2,1,11,44,'2019-09-05 16:37:20',NULL,'2019-09-05 16:37:20',NULL),(17,'RODRIGO TORRES',3,'1900-01-01',18,2,'1','1',NULL,NULL,'0',8,5,2,NULL,3,NULL,NULL,2,2,NULL,2,NULL,2,NULL,2,1,15,23,'2019-09-05 16:45:09',NULL,'2019-09-05 16:45:09',NULL),(18,'CARLOS FARFAN',3,'1900-01-01',54,5,'4',NULL,NULL,NULL,NULL,8,5,3,NULL,3,NULL,NULL,3,3,NULL,3,NULL,3,NULL,1,1,17,89,'2019-09-05 16:47:28',NULL,'2019-09-05 16:47:28',NULL),(19,'ARIANA DAFNE ARIAS',1,'1900-01-01',17,2,'4',NULL,NULL,NULL,NULL,4,4,2,NULL,2,NULL,2,2,2,NULL,2,NULL,2,NULL,2,1,16,29,'2019-09-05 16:50:05',NULL,'2019-09-05 16:50:05',NULL),(20,'YESICA GONZALEZ',1,'1900-01-01',28,3,'1','1',NULL,NULL,'0',8,5,2,NULL,3,NULL,2,3,2,NULL,3,NULL,3,NULL,1,2,18,50,'2019-09-05 16:52:40',NULL,'2019-09-05 16:52:40',NULL),(21,'NOEMI CRISTINA RODRIGUEZ',1,'1900-01-01',51,5,'4',NULL,NULL,NULL,NULL,8,3,2,NULL,2,NULL,2,3,3,NULL,3,NULL,2,NULL,2,1,19,21,'2019-09-05 16:56:39',NULL,'2019-09-05 16:56:39',NULL),(22,'ROXANA CHAZARRETA',1,'1900-01-01',45,4,'1','1',NULL,NULL,'0',5,3,2,NULL,2,NULL,2,2,2,NULL,2,NULL,2,NULL,1,2,20,37,'2019-09-05 16:56:44',NULL,'2019-09-05 16:56:44',NULL),(23,'Miriam Graciela Sánchez',1,'1900-01-01',38,4,'1','1',NULL,NULL,'0',4,2,2,NULL,1,NULL,2,2,2,NULL,2,NULL,2,NULL,1,2,21,12,'2019-09-05 17:03:58',NULL,'2019-09-05 17:03:58',NULL),(24,'YESICA ESTHER PORCO CARLOS',1,'1983-02-23',41,4,'1','1',NULL,NULL,'29703906',8,5,2,NULL,2,NULL,2,2,3,NULL,3,NULL,3,NULL,1,2,23,50,'2019-09-05 17:10:33',NULL,'2019-09-05 17:10:33',NULL),(25,'BERENICE BETANCOURT',1,'1900-01-01',24,3,'4',NULL,NULL,NULL,NULL,8,5,3,NULL,3,NULL,2,3,3,NULL,3,NULL,3,NULL,1,2,26,89,'2019-09-05 17:18:19',NULL,'2019-09-05 17:18:19',NULL),(26,'MARIA ESPERANZA HERNANDEZ',1,'1900-01-01',15,2,'1','1',NULL,NULL,'0',4,4,2,NULL,3,NULL,2,2,2,NULL,2,NULL,3,NULL,2,1,27,23,'2019-09-05 17:19:49',NULL,'2019-09-05 17:19:49',NULL),(27,'BASTIAN COFFARO',3,'1900-01-01',5,1,'4',NULL,NULL,NULL,NULL,8,5,2,NULL,3,NULL,NULL,3,3,NULL,3,NULL,3,NULL,2,1,25,45,'2019-09-05 17:20:24',NULL,'2019-09-05 17:20:24',NULL),(28,'MARIANO GONZALEZ SCHWINDT',3,'1900-01-01',26,3,'4',NULL,NULL,NULL,NULL,6,2,2,NULL,3,NULL,NULL,2,3,NULL,3,NULL,2,NULL,2,1,30,21,'2019-09-05 17:22:18',NULL,'2019-09-05 17:22:18',NULL),(29,'BANCES SANTAMARIA ANA MARIA',1,'1900-01-01',56,5,'1','1',NULL,NULL,'94291968',8,5,3,NULL,2,NULL,2,2,2,NULL,2,NULL,2,NULL,1,2,28,48,'2019-09-05 17:23:50',NULL,'2019-09-05 17:23:50',NULL),(30,'LEONARDO GABRIEL SARMIENTO',3,'1900-01-01',40,4,'4',NULL,NULL,NULL,NULL,8,3,3,NULL,3,NULL,NULL,3,3,NULL,3,NULL,3,NULL,2,2,32,22,'2019-09-05 17:25:09',NULL,'2019-09-05 17:25:09',NULL),(31,'ADRIAN RUBEN SANDOVAL',3,'1900-01-01',50,4,'4',NULL,NULL,NULL,NULL,8,3,3,NULL,3,NULL,NULL,3,1,'HERIDA DE BALA',3,NULL,2,NULL,1,2,24,28,'2019-09-05 17:26:12',NULL,'2019-09-05 17:26:12',NULL),(32,'YANINA MIRANDA',1,'1988-03-23',31,4,'1','1',NULL,NULL,'34331186',8,5,2,NULL,3,NULL,2,3,3,NULL,3,NULL,3,NULL,1,2,33,50,'2019-09-05 17:31:13',NULL,'2019-09-05 17:31:13',NULL),(33,'Gabriela Lugo',1,'1900-01-01',26,3,'1','1',NULL,NULL,'0',4,1,2,NULL,3,NULL,2,1,1,'Producto del homicidio',2,NULL,2,NULL,2,1,31,12,'2019-09-05 17:32:38',NULL,'2019-09-05 17:32:38',NULL),(34,'AGUSTINA SOFIA PAZ',1,'1900-01-01',15,2,'4',NULL,NULL,NULL,NULL,2,4,2,NULL,2,NULL,2,2,2,NULL,2,NULL,2,NULL,1,1,34,29,'2019-09-05 17:34:41',NULL,'2019-09-05 17:34:41',NULL),(35,'ESTEFANIA BARRETO',1,'1900-01-01',23,3,'4',NULL,NULL,NULL,NULL,8,5,3,NULL,3,NULL,2,2,2,NULL,2,NULL,2,NULL,1,1,36,44,'2019-09-05 17:37:47',NULL,'2019-09-05 17:37:47',NULL),(36,'DENISSE BUSTAMANTE',1,'1900-01-01',4,1,'4',NULL,NULL,NULL,NULL,8,5,2,NULL,2,NULL,2,2,2,NULL,2,NULL,2,NULL,2,2,35,17,'2019-09-05 17:37:59',NULL,'2019-09-05 17:37:59',NULL),(37,'PAULA SAMMER',1,'1900-01-01',12,2,'4',NULL,NULL,NULL,NULL,8,5,3,NULL,3,NULL,2,3,3,NULL,3,NULL,3,NULL,1,2,38,89,'2019-09-05 17:40:24',NULL,'2019-09-05 17:40:24',NULL),(38,'Alexis Gabriel Perren',3,'1900-01-01',19,3,'1','1',NULL,NULL,'0',5,2,2,NULL,2,NULL,NULL,2,1,'Producto del homicidio',2,NULL,3,NULL,2,1,39,12,'2019-09-05 17:46:10',NULL,'2019-09-05 17:46:10',NULL),(39,'JUAN IGNACIO QUIROGA',3,'1900-01-01',25,3,'1','1',NULL,NULL,'0',8,5,2,NULL,3,NULL,NULL,3,3,NULL,3,NULL,3,NULL,2,1,37,23,'2019-09-05 17:47:09',NULL,'2019-09-05 17:47:09',NULL),(40,'NARA SUAREZ',1,'1900-01-01',11,1,'4',NULL,NULL,NULL,NULL,8,5,2,NULL,3,NULL,2,2,2,NULL,2,NULL,2,NULL,2,1,36,44,'2019-09-05 17:49:25',NULL,'2019-09-05 17:49:25',NULL),(41,'AYLEN SUAREZ',1,'1900-01-01',17,2,'4',NULL,NULL,NULL,NULL,8,5,3,NULL,2,NULL,2,2,2,NULL,2,NULL,2,NULL,2,1,36,44,'2019-09-05 17:53:41',NULL,'2019-09-05 17:53:41',NULL),(42,'DAVID VALLEJOS',3,'1900-01-01',0,7,'2',NULL,NULL,NULL,NULL,8,5,3,NULL,3,NULL,NULL,2,2,NULL,2,NULL,2,NULL,2,1,41,17,'2019-09-05 17:56:07',NULL,'2019-09-05 17:56:07',NULL),(43,'PAYE YESICA',1,'1900-01-01',0,3,'4',NULL,NULL,NULL,NULL,8,3,2,NULL,2,NULL,2,2,2,NULL,2,NULL,2,NULL,1,2,40,48,'2019-09-05 17:56:11',NULL,'2019-09-05 17:56:11',NULL),(44,'Avendaño Tiara',1,'1900-01-01',0,1,'4',NULL,NULL,NULL,NULL,8,5,3,NULL,3,NULL,2,2,3,NULL,3,NULL,3,NULL,2,1,42,33,'2019-09-05 17:58:32',NULL,'2019-09-05 17:58:32',NULL),(45,'VALENTÍN FERNÁNDEZ',3,'2000-01-18',19,3,'1','1',NULL,NULL,'43253827',8,5,3,NULL,3,NULL,NULL,3,3,NULL,3,NULL,3,NULL,1,2,44,50,'2019-09-05 17:58:50',NULL,'2019-09-05 17:58:50',NULL),(46,'CANDELA AYELEN LEGUIZAMON',1,'1900-01-01',0,7,'4',NULL,NULL,NULL,NULL,8,5,3,NULL,3,NULL,2,3,1,'HOMICIDIO',3,NULL,3,NULL,2,2,43,28,'2019-09-05 17:59:11',NULL,'2019-09-05 17:59:11',NULL),(47,'Carlos Valenzuela',3,'1900-01-01',22,3,'2',NULL,NULL,NULL,NULL,2,1,3,NULL,2,NULL,NULL,2,1,'Producto del homicidio',2,NULL,3,NULL,2,1,45,12,'2019-09-05 17:59:47',NULL,'2019-09-05 17:59:47',NULL),(48,'MERCEDES NOEMI VERA',1,'1900-01-01',0,7,'4',NULL,NULL,NULL,NULL,8,3,2,NULL,3,NULL,2,2,2,NULL,3,NULL,2,NULL,1,2,46,24,'2019-09-05 18:01:39',NULL,'2019-09-05 18:01:39',NULL),(49,'MARIA CRISTINA JUAREZ',1,'1900-01-01',69,6,'1','1',NULL,NULL,'6420606',7,4,2,NULL,2,NULL,2,3,2,NULL,1,'CANCER',2,NULL,2,2,47,82,'2019-09-05 18:02:08',NULL,'2019-09-05 18:02:08',NULL),(50,'RICARDO VALLEJOS',3,'1900-01-01',0,7,'2',NULL,NULL,NULL,NULL,8,5,2,NULL,3,NULL,NULL,3,3,NULL,2,NULL,3,NULL,2,2,41,17,'2019-09-05 18:05:52',NULL,'2019-09-05 18:05:52',NULL),(51,'MARIANA MACIEL',1,'1900-01-01',0,7,'1','1',NULL,NULL,'30314887',8,5,3,NULL,3,NULL,2,2,2,NULL,2,NULL,2,NULL,1,2,53,44,'2019-09-05 18:06:52',NULL,'2019-09-05 18:06:52',NULL),(52,'ANTONELLA SILVEYRA',1,'1900-01-01',21,3,'4',NULL,NULL,NULL,NULL,8,2,2,NULL,2,NULL,2,2,3,NULL,3,NULL,2,NULL,2,1,52,21,'2019-09-05 18:07:39',NULL,'2019-09-05 18:07:39',NULL),(53,'AGUSTIN JIMENEZ',3,'1994-11-05',24,3,'1','1',NULL,NULL,'38602102',8,5,3,NULL,3,NULL,NULL,3,3,NULL,3,NULL,3,NULL,2,1,49,41,'2019-09-05 18:08:31',NULL,'2019-09-05 18:08:31',NULL),(54,'GLADYS BENITEZ',1,'1900-01-01',42,4,'1','1',NULL,NULL,'0',8,2,2,NULL,3,NULL,2,2,2,NULL,3,NULL,2,NULL,1,2,55,37,'2019-09-05 18:10:07',NULL,'2019-09-05 18:10:07',NULL),(55,'WENDY MICHELLE PISANO',1,'1900-01-01',3,1,'1','1',NULL,NULL,'0',1,4,3,NULL,3,NULL,2,2,3,NULL,3,NULL,2,NULL,2,1,50,79,'2019-09-05 18:12:01',NULL,'2019-09-05 18:12:01',NULL),(56,'BASTIAN COFFARO',3,'1900-01-01',5,1,'4',NULL,NULL,NULL,NULL,8,5,3,NULL,3,NULL,NULL,3,3,NULL,3,NULL,3,NULL,2,1,58,45,'2019-09-05 18:12:22',NULL,'2019-09-05 18:12:22',NULL),(57,'FABIANA JARA',1,'1971-08-10',49,4,'1','1',NULL,NULL,'0',5,3,2,NULL,2,NULL,2,2,2,NULL,2,NULL,2,NULL,1,2,56,69,'2019-09-05 18:14:52',NULL,'2019-09-05 18:14:52',NULL),(58,'AZUL CURCIO',1,'1900-01-01',11,1,'1','1',NULL,NULL,'0',2,4,2,NULL,3,NULL,2,2,2,NULL,2,NULL,2,NULL,2,1,54,71,'2019-09-05 18:15:41',NULL,'2019-09-05 18:15:41',NULL),(60,'YANQUELEN YESICA',1,'1900-01-01',23,3,'1','1',NULL,NULL,'38012133',5,2,2,NULL,3,NULL,2,2,2,NULL,2,NULL,2,NULL,1,2,59,62,'2019-09-05 18:21:24',NULL,'2019-09-05 18:21:24',NULL),(61,'MARIA LIA CAMBRE',1,'1900-01-01',49,4,'2',NULL,NULL,NULL,NULL,8,5,3,NULL,3,NULL,2,1,1,'QUEMADURAS EN SU CUERPO',3,NULL,3,NULL,2,1,61,21,'2019-09-05 18:22:25',NULL,'2019-09-05 18:22:25',NULL),(62,'PAOLA ROMERO',1,'1900-01-01',30,3,'1','1',NULL,NULL,'0',8,4,3,NULL,3,NULL,2,2,2,NULL,2,NULL,2,NULL,2,2,60,82,'2019-09-05 18:22:45',NULL,'2019-09-05 18:22:45',NULL),(63,'Rocio Guagliarello',1,'1900-01-01',13,1,'4',NULL,NULL,NULL,NULL,8,5,3,NULL,3,NULL,2,3,1,'golpes fracturas y cortes',3,NULL,3,NULL,2,1,63,33,'2019-09-05 18:24:00',NULL,'2019-09-05 18:24:00',NULL),(64,'LUCIA ORTEGOZA',1,'1900-01-01',0,3,'1','1',NULL,NULL,'0',8,3,2,NULL,3,NULL,2,2,2,NULL,3,NULL,2,NULL,1,2,62,24,'2019-09-05 18:25:52',NULL,'2019-09-05 18:25:52',NULL),(65,'AZUL CIATEO',1,'1900-01-01',16,2,'1','1',NULL,NULL,'0',4,1,3,NULL,2,NULL,2,1,2,NULL,1,'SORDERA DE UN OIDO',2,NULL,1,2,65,37,'2019-09-05 18:28:54',NULL,'2019-09-05 18:28:54',NULL),(66,'VAZQUEZ ANDREA',1,'1900-01-01',49,4,'1','1',NULL,NULL,'0',7,5,2,NULL,2,NULL,2,2,2,NULL,2,NULL,2,NULL,1,2,48,58,'2019-09-05 18:32:22',NULL,'2019-09-05 18:32:22',NULL),(67,'NADIA RICCI',1,'1900-01-01',21,3,'3',NULL,NULL,NULL,NULL,8,5,3,NULL,3,NULL,2,2,3,NULL,3,NULL,2,NULL,1,2,68,21,'2019-09-05 18:34:19',21,'2019-09-05 18:48:39',NULL),(68,'Modia Ciro',3,'1900-01-01',4,1,'4',NULL,NULL,NULL,NULL,8,4,3,NULL,3,NULL,NULL,2,2,NULL,3,NULL,3,NULL,2,1,69,33,'2019-09-05 18:35:59',NULL,'2019-09-05 18:35:59',NULL),(69,'ANDREA SOLEDAD MARCOS',1,'1900-01-01',32,4,'2',NULL,NULL,NULL,NULL,7,3,2,NULL,2,NULL,2,2,1,'GOLPE EN EL ROSTRO HEMATOMA EN EL OJO IZQUIERDO',2,NULL,2,NULL,1,1,66,36,'2019-09-05 18:39:53',NULL,'2019-09-05 18:39:53',NULL),(70,'SENRA EMILIA BRONZATTI',1,'1994-10-29',24,3,'1','1',NULL,NULL,'38525340',6,3,2,NULL,2,NULL,2,2,2,NULL,2,NULL,2,NULL,1,2,70,85,'2019-09-05 18:40:50',NULL,'2019-09-05 18:40:50',NULL),(71,'AGOSTINA DE LA CRUZ',1,'1900-01-01',0,3,'4',NULL,NULL,NULL,NULL,8,5,2,NULL,3,NULL,2,2,2,NULL,2,NULL,2,NULL,1,2,71,71,'2019-09-05 18:42:34',NULL,'2019-09-05 18:42:34',NULL),(72,'ANA MARIA MONTES',1,'1900-01-01',0,6,'1','1',NULL,NULL,'0',8,4,2,NULL,2,NULL,2,2,2,NULL,3,NULL,2,NULL,2,1,72,69,'2019-09-05 18:43:04',NULL,'2019-09-05 18:43:04',NULL),(73,'ARIANA ELIZABETH AVELDAÑO',1,'1900-01-01',11,1,'4',NULL,NULL,NULL,NULL,8,5,3,NULL,3,NULL,2,3,3,NULL,3,NULL,3,NULL,2,2,75,81,'2019-09-05 18:43:43',NULL,'2019-09-05 18:43:43',NULL),(74,'MATEO DEL VALLE',3,'1900-01-01',0,7,'2',NULL,NULL,NULL,NULL,8,5,3,NULL,3,NULL,NULL,3,3,NULL,3,NULL,3,NULL,2,1,74,21,'2019-09-05 18:43:49',NULL,'2019-09-05 18:43:49',NULL),(75,'Claudia Mediba',1,'1900-01-01',36,4,'1','1',NULL,NULL,'0',2,1,2,NULL,1,'Hacemos futuro',2,2,2,NULL,2,NULL,1,'Problemas para expresarse',1,2,73,12,'2019-09-05 18:45:19',NULL,'2019-09-05 18:45:19',NULL),(76,'CLARA LEGUIZAMON',1,'1900-01-01',0,7,'3',NULL,NULL,NULL,NULL,8,5,3,NULL,3,NULL,2,3,3,NULL,3,NULL,3,NULL,2,1,74,21,'2019-09-05 18:47:03',NULL,'2019-09-05 18:47:03',NULL),(77,'Moreira Elicabe Maite',1,'1900-01-01',0,1,'4',NULL,NULL,NULL,NULL,8,5,3,NULL,3,NULL,2,3,3,NULL,3,NULL,3,NULL,2,1,77,33,'2019-09-05 18:48:04',NULL,'2019-09-05 18:48:04',NULL),(78,'SILVANA MARFETAN',1,'1900-01-01',0,7,'4',NULL,NULL,NULL,NULL,8,5,3,NULL,3,NULL,2,2,1,'CORTE',3,NULL,2,NULL,1,2,78,37,'2019-09-05 18:51:11',NULL,'2019-09-05 18:51:11',NULL),(79,'CLAUDIA ROSANA REQUEJO',1,'1900-01-01',0,5,'4',NULL,NULL,NULL,NULL,8,3,2,NULL,3,NULL,2,3,2,NULL,3,NULL,2,NULL,1,2,80,24,'2019-09-05 18:53:37',NULL,'2019-09-05 18:53:37',NULL),(80,'ANA LIZ MAILEN ORTIZ',1,'1900-01-01',0,1,'1','1',NULL,NULL,'0',2,4,1,NULL,3,NULL,2,2,2,NULL,2,NULL,2,NULL,2,1,82,11,'2019-09-05 18:54:53',NULL,'2019-09-05 18:54:53',NULL),(81,'TAMARA MABEL VALDEZ',1,'1900-01-01',0,4,'1','1',NULL,NULL,'34738645',8,5,3,NULL,3,NULL,2,3,3,NULL,3,NULL,3,NULL,1,2,83,50,'2019-09-05 18:56:29',NULL,'2019-09-05 18:56:29',NULL),(82,'FRANCO ORTIZ',3,'2017-05-02',0,1,'1','7',NULL,NULL,'0',2,4,1,NULL,3,NULL,NULL,2,2,NULL,2,NULL,2,NULL,2,2,82,11,'2019-09-05 18:58:37',NULL,'2019-09-05 18:58:37',NULL),(83,'FAUSTINO AGUSTIN NAHUEL',3,'1900-01-01',17,2,'4',NULL,NULL,NULL,NULL,8,5,3,NULL,3,NULL,NULL,3,1,'HOMICIDIO',3,NULL,1,'MUERTE',2,2,84,28,'2019-09-05 18:59:49',NULL,'2019-09-05 18:59:49',NULL),(84,'MAGALI PINEDA',1,'1900-01-01',17,2,'2',NULL,NULL,NULL,NULL,4,5,3,NULL,3,NULL,2,2,3,NULL,3,NULL,3,NULL,2,1,85,21,'2019-09-05 19:00:16',NULL,'2019-09-05 19:00:16',NULL),(85,'VILMA ANZE',1,'1900-01-01',27,3,'1','2',NULL,NULL,'0',7,3,3,NULL,2,NULL,2,2,2,NULL,2,NULL,2,NULL,2,2,67,82,'2019-09-05 19:07:06',NULL,'2019-09-05 19:07:06',NULL),(86,'Claudio Emanuel Ortiz',3,'1900-01-01',21,3,'4',NULL,NULL,NULL,NULL,8,5,3,NULL,3,NULL,NULL,3,1,'ahorcaduras',3,NULL,3,NULL,2,1,89,33,'2019-09-05 19:07:26',NULL,'2019-09-05 19:07:26',NULL),(87,'ENRIQUE FERNANDO CABRAL',3,'1900-01-01',0,3,'2',NULL,NULL,NULL,NULL,8,3,2,NULL,2,NULL,NULL,2,2,NULL,3,NULL,2,NULL,1,2,87,36,'2019-09-05 19:07:42',NULL,'2019-09-05 19:07:42',NULL),(88,'SORIA JAQUELINE BELEN',1,'1996-06-05',22,3,'1','1',NULL,NULL,'40066658',8,5,3,NULL,3,NULL,2,3,3,NULL,3,NULL,3,NULL,1,2,91,50,'2019-09-05 19:10:10',NULL,'2019-09-05 19:10:10',NULL),(89,'ELIANA CHAZARRETA',1,'1900-01-01',32,4,'4',NULL,NULL,NULL,NULL,8,5,3,NULL,3,NULL,2,2,2,NULL,2,NULL,2,NULL,1,2,90,44,'2019-09-05 19:10:14',NULL,'2019-09-05 19:10:14',NULL),(90,'AGUSTINA CENNI',1,'1900-01-01',18,2,'4',NULL,NULL,NULL,NULL,8,5,2,NULL,3,NULL,2,2,2,NULL,3,NULL,2,NULL,1,2,88,37,'2019-09-05 19:10:21',NULL,'2019-09-05 19:10:21',NULL),(91,'MICAELA JENNIFER PEREZ',1,'1900-01-01',17,2,'4',NULL,NULL,NULL,NULL,4,5,3,NULL,3,NULL,2,2,3,NULL,3,NULL,3,NULL,2,1,92,21,'2019-09-05 19:10:30',NULL,'2019-09-05 19:10:30',NULL),(93,'ANA MARIA GIMENEZ',1,'1900-01-01',16,2,'1','1',NULL,NULL,'43600342',4,5,2,NULL,3,NULL,2,2,2,NULL,3,NULL,3,NULL,2,1,95,81,'2019-09-05 19:19:55',NULL,'2019-09-05 19:19:55',NULL),(95,'JUAN  JOSE FIGUEROA',3,'1900-01-01',0,4,'4',NULL,NULL,NULL,NULL,8,2,3,NULL,3,NULL,NULL,3,3,NULL,3,NULL,1,'PRODUCTO DEL DISPARO NO PUEDE HABLAR ESTA REHABILITANDOSE',2,1,94,24,'2019-09-05 19:20:51',NULL,'2019-09-05 19:20:51',NULL),(96,'SANDI JAZMIN',1,'1900-01-01',0,1,'1','1',NULL,NULL,'0',2,1,1,NULL,1,NULL,2,3,2,NULL,3,NULL,3,NULL,2,1,96,85,'2019-09-05 19:21:29',NULL,'2019-09-05 19:21:29',NULL),(97,'SARA AGUSTINA CABRAL',1,'1900-01-01',0,7,'1','1',NULL,NULL,'39101102',8,5,3,NULL,3,NULL,2,3,3,NULL,3,NULL,3,NULL,1,2,97,50,'2019-09-05 19:21:44',NULL,'2019-09-05 19:21:44',NULL),(99,'CARMEN ANGELO',1,'1900-01-01',42,4,'4',NULL,NULL,NULL,NULL,8,5,2,NULL,2,NULL,2,2,2,NULL,2,NULL,2,NULL,1,2,99,44,'2019-09-05 19:24:49',NULL,'2019-09-05 19:24:49',NULL),(100,'GABRIELA AYELEN FLORES',1,'1900-01-01',5,1,'4',NULL,NULL,NULL,NULL,8,5,3,NULL,3,NULL,2,3,3,NULL,3,NULL,3,NULL,1,2,100,28,'2019-09-05 19:28:20',NULL,'2019-09-05 19:28:20',NULL),(101,'Deidema Martin',1,'1900-01-01',54,5,'4',NULL,NULL,NULL,NULL,8,5,3,NULL,3,NULL,2,3,2,NULL,3,NULL,3,NULL,1,2,104,33,'2019-09-05 19:31:44',NULL,'2019-09-05 19:31:44',NULL),(102,'CARLOS CESAR DE FRANCO',3,'1900-01-01',0,4,'4',NULL,NULL,NULL,NULL,7,3,2,NULL,2,NULL,NULL,2,2,NULL,2,NULL,2,NULL,2,1,103,21,'2019-09-05 19:32:29',NULL,'2019-09-05 19:32:29',NULL),(103,'ALICIA GARCIA',1,'1940-01-01',80,6,'1','1',NULL,NULL,'4269765',8,5,2,NULL,1,NULL,2,2,2,NULL,3,NULL,2,NULL,1,2,107,81,'2019-09-05 19:33:37',NULL,'2019-09-05 19:33:37',NULL),(104,'RITA KARINA PONCE',1,'1993-10-21',25,3,'1','1',NULL,NULL,'38128322',8,5,3,NULL,3,NULL,2,3,3,NULL,3,NULL,3,NULL,1,2,106,50,'2019-09-05 19:33:38',NULL,'2019-09-05 19:33:38',NULL),(105,'Adriana Gónzales',1,'1900-01-01',0,4,'4',NULL,NULL,NULL,NULL,5,3,2,NULL,3,NULL,2,2,2,NULL,3,NULL,2,NULL,1,2,98,105,'2019-09-05 19:33:59',NULL,'2019-09-05 19:33:59',NULL),(106,'GASTON AGUIRRE',3,'1900-01-01',27,3,'2',NULL,NULL,NULL,NULL,8,2,2,NULL,3,NULL,NULL,3,3,NULL,3,NULL,1,'MUERTE',2,1,101,41,'2019-09-05 19:34:35',NULL,'2019-09-05 19:34:35',NULL),(107,'Claudia Sosa',1,'1900-01-01',32,4,'1','1',NULL,NULL,'0',8,3,3,NULL,3,NULL,2,2,2,NULL,3,NULL,2,NULL,1,2,110,33,'2019-09-05 19:39:18',NULL,'2019-09-05 19:39:18',NULL),(108,'MELINA NATALIA CRUZ',1,'1900-01-01',0,3,'4',NULL,NULL,NULL,NULL,8,5,3,NULL,3,NULL,2,3,2,NULL,3,NULL,2,NULL,1,2,109,24,'2019-09-05 19:39:56',NULL,'2019-09-05 19:39:56',NULL),(109,'DANIA AGUILAR VELAZQUEZ',1,'2005-07-28',14,2,'1','1',NULL,NULL,'94359233',4,1,2,NULL,3,NULL,1,3,2,NULL,3,NULL,3,NULL,2,1,112,81,'2019-09-05 19:44:54',NULL,'2019-09-05 19:44:54',NULL),(110,'REYES MARIA CRISTINA',1,'1968-11-22',50,4,'1','1',NULL,NULL,'20469256',8,5,3,NULL,3,NULL,2,3,3,NULL,3,NULL,3,NULL,1,2,114,50,'2019-09-05 19:47:41',NULL,'2019-09-05 19:47:41',NULL),(111,'FLORENCIA AYELEN SOSA',1,'1900-01-01',17,2,'4',NULL,NULL,NULL,NULL,4,5,2,NULL,3,NULL,2,2,3,NULL,3,NULL,2,NULL,2,1,113,21,'2019-09-05 19:48:04',NULL,'2019-09-05 19:48:04',NULL),(112,'CLARA BENITEZ',1,'1900-01-01',25,3,'4',NULL,NULL,NULL,NULL,8,5,3,NULL,3,NULL,1,3,3,NULL,3,NULL,3,NULL,1,2,115,28,'2019-09-05 19:51:19',NULL,'2019-09-05 19:51:19',NULL),(113,'NICOLAS BAGAZETTE',3,'1900-01-01',83,6,'2',NULL,NULL,NULL,NULL,8,4,2,NULL,2,NULL,NULL,2,3,NULL,2,NULL,2,NULL,2,1,116,21,'2019-09-05 19:54:44',NULL,'2019-09-05 19:54:44',NULL),(114,'RAMONA IGNACIA ARANDA DE TAMAY',1,'2019-04-21',57,5,'1','1',NULL,NULL,'95119548',8,5,3,NULL,3,NULL,2,3,3,NULL,3,NULL,3,NULL,1,2,117,50,'2019-09-05 19:56:08',NULL,'2019-09-05 19:56:08',NULL),(115,'QUIMEY URZAGASTI',1,'2012-06-20',6,1,'1','1',NULL,NULL,'52607390',8,5,3,NULL,3,NULL,2,2,3,NULL,3,NULL,3,NULL,2,1,119,50,'2019-09-05 20:11:49',NULL,'2019-09-05 20:11:49',NULL),(116,'CATALINA CAMACHO',1,'1900-01-01',18,2,'3','6',NULL,1,'0',5,1,3,NULL,1,'AYUDA SOCIAL UNLP',2,2,2,NULL,2,NULL,2,NULL,1,2,120,36,'2019-09-05 20:14:34',NULL,'2019-09-05 20:14:34',NULL),(117,'DAMIAN FERNANDEZ',3,'1900-01-01',25,3,'4',NULL,NULL,NULL,NULL,8,5,3,NULL,3,NULL,NULL,3,3,NULL,3,NULL,3,NULL,2,1,122,55,'2019-09-05 20:42:25',NULL,'2019-09-05 20:42:25',NULL),(118,'CARLOS ALBERTO ALEGRE',3,'1900-01-01',41,4,'2',NULL,NULL,NULL,NULL,8,5,3,NULL,3,NULL,NULL,3,1,'GOLPES',3,NULL,2,NULL,1,2,123,36,'2019-09-05 20:47:48',NULL,'2019-09-05 20:47:48',NULL),(119,'NATALIA GARCIA MOLINA',1,'1900-01-01',18,2,'4',NULL,NULL,NULL,NULL,5,1,2,NULL,2,NULL,2,2,2,NULL,2,NULL,2,NULL,2,1,124,36,'2019-09-05 21:05:23',NULL,'2019-09-05 21:05:23',NULL),(120,'ADOLFO ANDRADA',3,'1900-01-01',0,4,'1','1',NULL,NULL,'0',5,2,3,NULL,3,NULL,NULL,2,2,NULL,2,NULL,2,NULL,1,1,NULL,4,'2019-09-06 14:30:25',NULL,'2019-09-06 14:30:25',NULL),(121,'ACEVEDO  LIDIA LUCINA',1,'1900-01-01',0,7,'1','1',NULL,NULL,'94938091',8,5,2,NULL,3,NULL,2,2,2,NULL,2,NULL,2,NULL,1,2,126,86,'2019-09-06 14:51:38',NULL,'2019-09-06 14:51:38',NULL),(122,'BASTIAN COFFARO',3,'1900-01-01',5,1,'4',NULL,NULL,NULL,NULL,8,5,3,NULL,3,NULL,NULL,3,3,NULL,3,NULL,3,NULL,2,1,127,45,'2019-09-06 14:54:42',NULL,'2019-09-06 14:54:42',NULL),(123,'ADOLFO ANDRADA',3,'1900-01-01',0,4,'4',NULL,NULL,NULL,NULL,5,2,2,NULL,3,NULL,NULL,2,2,NULL,3,NULL,2,NULL,1,1,128,4,'2019-09-06 15:04:26',NULL,'2019-09-06 15:04:26',NULL),(124,'IRENE CUFRE',1,'1900-01-01',34,4,'4',NULL,NULL,NULL,NULL,8,5,1,NULL,3,NULL,2,2,2,NULL,3,NULL,2,NULL,1,2,129,45,'2019-09-06 15:09:39',NULL,'2019-09-06 15:09:39',NULL),(125,'NAHIARA ABIGAIL VAZQUEZ',1,'2010-10-12',9,1,'1','1',NULL,NULL,'50636930',8,5,2,NULL,3,NULL,2,3,3,NULL,3,NULL,3,NULL,1,1,130,89,'2019-09-06 15:15:37',NULL,'2019-09-06 15:15:37',NULL),(126,'AZUL SELENE GONZALEZ',1,'2008-12-16',10,1,'4',NULL,NULL,NULL,NULL,8,5,3,NULL,3,NULL,2,3,3,NULL,3,NULL,3,NULL,1,1,133,89,'2019-09-06 15:28:13',NULL,'2019-09-06 15:28:13',NULL),(127,'ALBORNOZ DALMIRA',1,'1900-01-01',10,1,'4',NULL,NULL,NULL,NULL,8,2,2,NULL,3,NULL,2,2,2,NULL,2,NULL,2,NULL,2,2,131,64,'2019-09-06 15:30:52',NULL,'2019-09-06 15:30:52',NULL),(128,'VALENTIN SANTIAGO OSTOICH',3,'2012-07-21',6,1,'1','1',NULL,NULL,'52614253',2,1,2,NULL,2,NULL,NULL,3,2,NULL,3,NULL,3,NULL,2,1,135,81,'2019-09-06 15:30:58',NULL,'2019-09-06 15:30:58',NULL),(129,'JOHANA HAYDEE LÓPEZ',1,'1900-01-01',0,7,'4',NULL,NULL,NULL,NULL,8,5,3,NULL,3,NULL,2,3,3,NULL,3,NULL,3,NULL,1,2,134,28,'2019-09-06 15:31:05',NULL,'2019-09-06 15:31:05',NULL),(130,'JESICA VANINA GONZALEZ',1,'1994-06-29',25,3,'4',NULL,NULL,NULL,NULL,8,5,3,NULL,3,NULL,2,3,3,NULL,3,NULL,2,NULL,1,1,136,80,'2019-09-06 15:39:22',NULL,'2019-09-06 15:39:22',NULL),(131,'PAOLA ANDREA VEGA',1,'1987-10-07',32,4,'1','1',NULL,NULL,'95174792',8,5,3,NULL,3,NULL,2,3,3,NULL,3,NULL,3,NULL,1,2,137,89,'2019-09-06 15:39:31',NULL,'2019-09-06 15:39:31',NULL),(132,'SHEILA DALMA LOPEZ',1,'1999-10-08',19,3,'1','1',NULL,NULL,'41926253',8,5,3,NULL,3,NULL,2,2,3,NULL,3,NULL,3,NULL,1,2,138,79,'2019-09-06 15:40:46',NULL,'2019-09-06 15:40:46',NULL),(133,'JESICA VANINA GONZALEZ',1,'1994-06-29',25,3,'4',NULL,NULL,NULL,NULL,8,5,3,NULL,3,NULL,2,3,3,NULL,3,NULL,2,NULL,1,1,136,80,'2019-09-06 15:42:48',NULL,'2019-09-06 15:42:48',NULL),(134,'JESICA VANINA GONZALEZ',1,'1994-06-29',25,3,'4',NULL,NULL,NULL,NULL,8,5,3,NULL,3,NULL,2,3,3,NULL,3,NULL,2,NULL,1,2,136,80,'2019-09-06 15:43:31',NULL,'2019-09-06 15:43:31',NULL),(135,'MELINA SOLEDAD CORONEL',1,'1900-01-01',22,3,'4',NULL,NULL,NULL,NULL,8,5,3,NULL,1,NULL,2,3,3,NULL,3,NULL,3,NULL,1,2,139,28,'2019-09-06 15:47:18',NULL,'2019-09-06 15:47:18',NULL),(136,'LEANDRO ADRIAN ARIEL MORA',1,'1993-08-17',26,3,'1','1',NULL,NULL,'40672634',8,5,3,NULL,3,NULL,2,3,3,NULL,3,NULL,3,NULL,2,1,140,89,'2019-09-06 15:49:57',NULL,'2019-09-06 15:49:57',NULL),(137,'YASMIN FRANCESCA GONZALEZ LEDESMA',1,'1900-01-01',2,1,'1','1',NULL,NULL,'0',1,5,2,NULL,3,NULL,2,2,2,NULL,3,NULL,2,NULL,2,1,141,24,'2019-09-06 15:51:34',NULL,'2019-09-06 15:51:34',NULL),(138,'ARBINI VALENTINA',1,'1900-01-01',12,2,'4',NULL,NULL,NULL,NULL,3,4,2,NULL,3,NULL,2,2,2,NULL,2,NULL,2,NULL,2,1,143,64,'2019-09-06 16:01:01',NULL,'2019-09-06 16:01:01',NULL),(139,'MILAGROS ABIGAIL GONZALEZ',1,'2005-08-10',14,2,'4',NULL,NULL,NULL,NULL,8,5,3,NULL,3,NULL,2,3,3,NULL,3,NULL,3,NULL,2,1,144,80,'2019-09-06 16:02:39',NULL,'2019-09-06 16:02:39',NULL),(140,'NAHUEL NICOLAS PAMPIN',3,'1900-01-01',20,3,'4',NULL,NULL,NULL,NULL,8,5,3,NULL,3,NULL,NULL,3,3,NULL,3,NULL,3,NULL,1,2,145,28,'2019-09-06 16:06:09',NULL,'2019-09-06 16:06:09',NULL),(141,'PIA AGOSTINA ARCE',1,'1900-01-01',0,1,'4',NULL,NULL,NULL,NULL,8,5,3,NULL,3,NULL,2,3,3,NULL,3,NULL,3,NULL,2,1,146,45,'2019-09-06 16:10:25',NULL,'2019-09-06 16:10:25',NULL),(142,'TIZIANA MAILEN FERREYRA',1,'1999-12-29',19,3,'1','1',NULL,NULL,'42295017',8,2,3,NULL,3,NULL,2,2,2,NULL,3,NULL,2,NULL,1,2,147,81,'2019-09-06 16:11:37',NULL,'2019-09-06 16:11:37',NULL),(143,'Delia Aleja Alvarez',1,'1978-08-23',41,4,'1','2',NULL,NULL,'94290703',2,2,1,NULL,1,NULL,2,2,2,NULL,2,NULL,2,NULL,1,2,142,57,'2019-09-06 16:16:11',NULL,'2019-09-06 16:16:11',NULL),(144,'ARIAS MENDEZ EVELYN',1,'1900-01-01',18,2,'6',NULL,NULL,NULL,NULL,3,1,2,NULL,3,NULL,2,2,2,NULL,2,NULL,2,NULL,2,1,148,64,'2019-09-06 16:17:00',64,'2019-09-06 16:29:35',NULL),(145,'GRISELDA ISABEL ACOSTA',1,'1969-10-30',50,4,'1','1',NULL,NULL,'21120590',8,5,3,NULL,3,NULL,2,2,2,NULL,3,NULL,2,NULL,1,2,150,24,'2019-09-06 16:19:51',NULL,'2019-09-06 16:19:51',NULL),(146,'MARTINA ALUMINE FIGUEROA',1,'1900-01-01',18,2,'4',NULL,NULL,NULL,NULL,8,5,3,NULL,3,NULL,2,3,3,NULL,3,NULL,3,NULL,2,1,149,36,'2019-09-06 16:22:38',NULL,'2019-09-06 16:22:38',NULL),(147,'VALERIA SILVA',1,'1900-01-01',0,7,'4',NULL,NULL,NULL,NULL,8,5,3,NULL,3,NULL,2,3,3,NULL,3,NULL,2,NULL,1,2,151,45,'2019-09-06 16:22:43',NULL,'2019-09-06 16:22:43',NULL),(148,'SERGIO FILIBERTO',3,'1900-01-01',27,3,'1','1',NULL,NULL,'0',8,1,2,NULL,2,NULL,NULL,2,2,NULL,2,NULL,2,NULL,2,1,152,79,'2019-09-06 16:25:09',NULL,'2019-09-06 16:25:09',NULL),(149,'NAILA BELEN RAMAYON',1,'2004-09-25',14,2,'1','1',NULL,NULL,'46137240',4,1,2,NULL,3,NULL,2,3,3,NULL,3,NULL,3,NULL,2,1,153,81,'2019-09-06 16:27:31',NULL,'2019-09-06 16:27:31',NULL),(150,'LUZ MALENA CELIZ',1,'2014-10-23',3,1,'1','1',NULL,NULL,'0',8,5,3,NULL,3,NULL,2,2,2,NULL,3,NULL,2,NULL,2,1,154,24,'2019-09-06 16:33:58',NULL,'2019-09-06 16:33:58',NULL),(151,'LAURA PAVON',1,'1900-01-01',43,4,'4',NULL,NULL,NULL,NULL,8,5,3,NULL,3,NULL,2,2,1,'PRODUCTO DEL ACCIDENTE LAURA PRESENTA UNA PIERNA ENYESADA CON FRACTURA EXPUESTA',3,NULL,2,NULL,1,1,155,45,'2019-09-06 16:37:47',NULL,'2019-09-06 16:37:47',NULL),(152,'JULIAN SANTIAGO SETRINI',3,'1900-01-01',20,3,'4',NULL,NULL,NULL,NULL,8,2,2,NULL,2,NULL,NULL,3,3,NULL,3,NULL,2,NULL,2,1,158,36,'2019-09-06 16:38:57',NULL,'2019-09-06 16:38:57',NULL),(153,'ANTONELLA BELEN SOSA',1,'1992-12-06',25,3,'4',NULL,NULL,NULL,NULL,8,5,1,NULL,3,NULL,2,3,3,NULL,3,NULL,3,NULL,1,2,157,28,'2019-09-06 16:39:00',NULL,'2019-09-06 16:39:00',NULL),(154,'CAMILA ACOSTA',1,'1900-01-01',17,2,'1','1',NULL,NULL,'0',4,4,2,NULL,3,NULL,2,2,2,NULL,3,NULL,2,NULL,1,1,161,72,'2019-09-06 16:42:44',NULL,'2019-09-06 16:42:44',NULL),(155,'BECCARIA MARCELA GUADALUPE',1,'1900-01-01',43,4,'4',NULL,NULL,NULL,NULL,8,2,2,NULL,3,NULL,2,2,2,NULL,2,NULL,2,NULL,1,2,162,64,'2019-09-06 16:42:57',NULL,'2019-09-06 16:42:57',NULL),(156,'PAZ DANIEL RAUL',3,'1961-10-14',59,5,'1','1',NULL,NULL,'21090577',8,5,3,NULL,3,NULL,NULL,3,3,NULL,3,NULL,3,NULL,2,1,160,50,'2019-09-06 16:44:54',NULL,'2019-09-06 16:44:54',NULL),(157,'MORENA ZAMORA',1,'2008-01-28',11,1,'1','1',NULL,NULL,'48434054',2,1,2,NULL,3,NULL,2,2,3,NULL,3,NULL,3,NULL,2,1,165,81,'2019-09-06 16:46:24',NULL,'2019-09-06 16:46:24',NULL),(158,'ZOE BARRIONUEVO',1,'1900-01-01',8,1,'4',NULL,NULL,NULL,NULL,2,5,2,NULL,2,NULL,2,3,2,NULL,2,NULL,3,NULL,2,1,164,1,'2019-09-06 16:48:29',NULL,'2019-09-06 16:48:29',NULL),(159,'LORENA NATALIA BLANCO',1,'1900-01-01',35,4,'4',NULL,NULL,NULL,NULL,8,5,3,NULL,3,NULL,2,3,3,NULL,3,NULL,3,NULL,2,1,163,80,'2019-09-06 16:49:28',NULL,'2019-09-06 16:49:28',NULL),(160,'DYLAN COMAN',3,'1900-01-01',0,7,'4',NULL,NULL,NULL,NULL,8,5,3,NULL,3,NULL,NULL,3,3,NULL,3,NULL,3,NULL,2,1,166,24,'2019-09-06 16:49:41',NULL,'2019-09-06 16:49:41',NULL),(161,'PAZ BIJARRA ZEGA',1,'1900-01-01',3,1,'4',NULL,NULL,NULL,NULL,1,4,2,NULL,3,NULL,2,2,2,NULL,2,NULL,2,NULL,2,1,169,64,'2019-09-06 16:54:09',NULL,'2019-09-06 16:54:09',NULL),(162,'LUCIA COMAN',1,'1900-01-01',0,7,'4',NULL,NULL,NULL,NULL,8,5,3,NULL,3,NULL,2,3,3,NULL,3,NULL,3,NULL,2,1,166,24,'2019-09-06 16:55:21',NULL,'2019-09-06 16:55:21',NULL),(163,'AYELEN SAUCEDO',1,'1900-01-01',19,3,'1','1',NULL,NULL,'41764333',8,5,2,NULL,3,NULL,2,2,2,NULL,3,NULL,2,NULL,2,2,170,11,'2019-09-06 16:59:18',NULL,'2019-09-06 16:59:18',NULL),(164,'ORTIZ MARIA DEL ROSARIO',1,'1900-01-01',25,3,'4',NULL,NULL,NULL,NULL,6,3,2,NULL,2,NULL,2,2,1,'GOLPES EN EL ROSTRO',3,NULL,2,NULL,1,2,174,36,'2019-09-06 17:01:36',NULL,'2019-09-06 17:01:36',NULL),(165,'ADA CRISTINA GAVILAN',1,'1900-01-01',11,1,'1','1',NULL,NULL,'0',2,4,3,NULL,3,NULL,2,2,2,NULL,3,NULL,3,NULL,2,1,172,72,'2019-09-06 17:02:11',NULL,'2019-09-06 17:02:11',NULL),(166,'SOFIA ROJAS',1,'1900-01-01',18,2,'1','1',NULL,NULL,'0',5,1,2,NULL,3,NULL,2,2,2,NULL,2,NULL,2,NULL,1,2,168,2,'2019-09-06 17:03:09',NULL,'2019-09-06 17:03:09',NULL),(167,'LILIANA HERRERA',1,'1900-01-01',0,7,'1','1',NULL,NULL,'26918383',4,2,1,NULL,2,NULL,2,1,2,NULL,1,'TUMOR CEREBRAL EN TRATAMIENTO',2,NULL,1,1,167,56,'2019-09-06 17:04:27',NULL,'2019-09-06 17:04:27',NULL),(168,'BURGOS MONICA PATRICIA',1,'1900-01-01',35,4,'4',NULL,NULL,NULL,NULL,3,2,2,NULL,1,NULL,1,2,2,NULL,2,NULL,2,NULL,1,1,176,64,'2019-09-06 17:04:41',NULL,'2019-09-06 17:04:41',NULL),(169,'GONZÁLEZ OSCAR DANIEL',3,'1977-02-08',42,4,'1','1',NULL,NULL,'25741679',8,5,3,NULL,3,NULL,NULL,3,1,'QUEMADURAS Y DAÑOS EN EL OIDO IZQUIERDO',3,NULL,3,NULL,1,2,173,50,'2019-09-06 17:05:16',NULL,'2019-09-06 17:05:16',NULL),(170,'CAMILA SCANARO',1,'1900-01-01',28,3,'1','1',NULL,NULL,'0',6,3,2,NULL,2,NULL,2,2,2,NULL,2,NULL,2,NULL,1,2,175,69,'2019-09-06 17:06:14',NULL,'2019-09-06 17:06:14',NULL),(171,'LILIANA HERRERA',1,'1900-01-01',0,7,'1','1',NULL,NULL,'26918383',4,2,1,NULL,2,NULL,2,1,2,NULL,1,'TUMOR CEREBRAL EN TRATAMIENTO',2,NULL,1,2,167,56,'2019-09-06 17:06:22',NULL,'2019-09-06 17:06:22',NULL),(172,'MARIANO SANCHEZ',3,'1900-01-01',0,4,'1','1',NULL,NULL,'0',8,3,2,NULL,2,NULL,NULL,2,2,NULL,3,NULL,2,NULL,1,2,179,24,'2019-09-06 17:07:21',NULL,'2019-09-06 17:07:21',NULL),(173,'YESICA VARGAS',1,'1900-01-01',28,3,'4',NULL,NULL,NULL,NULL,8,2,2,NULL,1,NULL,2,2,2,NULL,3,NULL,2,NULL,1,2,178,1,'2019-09-06 17:07:59',NULL,'2019-09-06 17:07:59',NULL),(174,'ANDRES IVAN BBRITEZ',3,'2006-03-11',13,2,'4',NULL,NULL,NULL,NULL,8,5,3,NULL,3,NULL,NULL,3,3,NULL,3,NULL,3,NULL,2,1,177,28,'2019-09-06 17:08:14',NULL,'2019-09-06 17:08:14',NULL),(175,'NOELIA ROMINA JORGE',1,'1982-08-25',37,4,'1','1',NULL,NULL,'29470480',8,1,2,NULL,2,NULL,2,2,2,NULL,3,NULL,2,NULL,2,2,171,75,'2019-09-06 17:08:27',NULL,'2019-09-06 17:08:27',NULL),(176,'MIA JAZMIN SPERA',1,'2016-08-04',4,1,'1','1',NULL,NULL,'54966844',2,1,3,NULL,3,NULL,2,3,3,NULL,3,NULL,3,NULL,2,1,180,81,'2019-09-06 17:09:29',NULL,'2019-09-06 17:09:29',NULL),(177,'CANARIO MIA MAGALI',1,'1900-01-01',8,1,'4',NULL,NULL,NULL,NULL,2,4,2,NULL,2,NULL,2,2,2,NULL,2,NULL,2,NULL,2,1,186,64,'2019-09-06 17:14:35',NULL,'2019-09-06 17:14:35',NULL),(178,'JOHANA SORIA',1,'1900-01-01',35,4,'4',NULL,NULL,NULL,NULL,8,5,2,NULL,2,NULL,2,2,1,'MUERTE',3,NULL,3,NULL,2,1,183,37,'2019-09-06 17:15:01',NULL,'2019-09-06 17:15:01',NULL),(179,'JUAN ELVECIO MURO',3,'1900-01-01',14,2,'1','1',NULL,NULL,'0',8,5,3,NULL,3,NULL,NULL,3,3,NULL,3,NULL,3,NULL,2,1,188,24,'2019-09-06 17:17:55',NULL,'2019-09-06 17:17:55',NULL),(180,'NICOL ARIANA ORELLANA',1,'2004-07-16',14,2,'1','1',NULL,NULL,'45928969',8,5,3,NULL,3,NULL,2,3,3,NULL,3,NULL,3,NULL,2,1,187,50,'2019-09-06 17:18:02',NULL,'2019-09-06 17:18:02',NULL),(181,'ROMINA ALEJANDRA DÍAZ',1,'1998-05-28',21,3,'4',NULL,NULL,NULL,NULL,8,5,3,NULL,3,NULL,2,3,3,NULL,3,NULL,3,NULL,1,2,181,89,'2019-09-06 17:18:55',NULL,'2019-09-06 17:18:55',NULL),(182,'ANA ROSA ZABALA',1,'1900-01-01',44,4,'1','1',NULL,NULL,'0',4,1,1,NULL,1,NULL,2,2,2,NULL,3,NULL,2,NULL,1,2,185,70,'2019-09-06 17:19:00',NULL,'2019-09-06 17:19:00',NULL),(183,'BERNARDITA CALLEGARI',1,'1900-01-01',21,3,'1','1',NULL,NULL,'0',6,3,2,NULL,2,NULL,2,1,2,NULL,2,NULL,2,NULL,1,2,184,71,'2019-09-06 17:22:12',NULL,'2019-09-06 17:22:12',NULL),(184,'CARO LILIAN MARCELA',1,'1900-01-01',43,4,'4',NULL,NULL,NULL,NULL,3,2,2,NULL,3,NULL,2,2,2,NULL,2,NULL,2,NULL,1,2,189,64,'2019-09-06 17:24:18',NULL,'2019-09-06 17:24:18',NULL),(185,'CELESTE ROSALES',1,'1900-01-01',14,2,'1','1',NULL,NULL,'0',3,4,2,NULL,2,NULL,2,2,2,NULL,2,NULL,2,NULL,2,1,190,69,'2019-09-06 17:26:59',NULL,'2019-09-06 17:26:59',NULL),(186,'ANA ROSA ZABALA',1,'1900-01-01',44,4,'1','1',NULL,NULL,'0',4,1,1,NULL,1,'BOLSON DE ALIMENTOS MENSUALES DE LA MUNICIPALIDAD',2,2,2,NULL,2,NULL,2,NULL,1,2,185,70,'2019-09-06 17:28:40',NULL,'2019-09-06 17:28:40',NULL),(187,'Matias Sebastian Zurita',3,'1900-01-01',21,3,'1','1',NULL,NULL,'0',5,1,3,NULL,2,NULL,NULL,2,3,NULL,2,NULL,3,NULL,2,1,191,12,'2019-09-06 17:30:04',NULL,'2019-09-06 17:30:04',NULL),(188,'ALICIA SEGOVIA',1,'1900-01-01',0,7,'4',NULL,NULL,NULL,NULL,8,5,3,NULL,3,NULL,2,3,3,NULL,3,NULL,3,NULL,1,2,192,28,'2019-09-06 17:30:58',NULL,'2019-09-06 17:30:58',NULL),(189,'NELIDA ERMELINDA SAMPAYO',1,'1978-01-24',41,4,'1','1',NULL,NULL,'26146893',8,5,3,NULL,3,NULL,2,3,3,NULL,3,NULL,3,NULL,1,2,194,50,'2019-09-06 17:32:00',NULL,'2019-09-06 17:32:00',NULL),(190,'MORAN MAGDALENA',1,'1984-06-04',35,4,'1','1',NULL,NULL,'30774930',7,3,2,NULL,2,NULL,2,2,2,NULL,2,NULL,2,NULL,1,2,193,77,'2019-09-06 17:34:41',NULL,'2019-09-06 17:34:41',NULL),(191,'MELANY ALDANA MALDONADO',1,'2004-01-26',15,2,'1','1',NULL,NULL,'0',8,5,3,NULL,3,NULL,2,3,3,NULL,3,NULL,3,NULL,2,1,195,81,'2019-09-06 17:35:42',NULL,'2019-09-06 17:35:42',NULL),(192,'CASTILLO BIANCA MAYLEN',1,'1900-01-01',10,1,'4',NULL,NULL,NULL,NULL,2,4,2,NULL,3,NULL,2,2,2,NULL,2,NULL,2,NULL,2,1,196,64,'2019-09-06 17:37:35',NULL,'2019-09-06 17:37:35',NULL),(193,'MABEL CASTILLO',1,'1900-01-01',46,4,'1','1',NULL,NULL,'23039828',7,3,2,NULL,2,NULL,2,2,1,'FISURAS EN LA MANO',2,NULL,2,NULL,1,1,198,1,'2019-09-06 17:40:17',NULL,'2019-09-06 17:40:17',NULL),(194,'SERGIO ALMONACID',3,'1900-01-01',56,5,'4',NULL,NULL,NULL,NULL,8,2,2,NULL,2,NULL,NULL,2,3,NULL,3,NULL,3,NULL,2,1,197,2,'2019-09-06 17:42:32',NULL,'2019-09-06 17:42:32',NULL),(195,'ANTONELLA ARIAS',1,'1900-01-01',9,1,'4',NULL,NULL,NULL,NULL,2,5,3,NULL,3,NULL,2,3,3,NULL,3,NULL,3,NULL,2,1,202,24,'2019-09-06 17:45:50',NULL,'2019-09-06 17:45:50',NULL),(196,'OLGA SPROVIERI',1,'1900-01-01',0,6,'4',NULL,NULL,NULL,NULL,8,4,3,NULL,3,NULL,2,2,3,NULL,3,NULL,3,NULL,2,1,201,101,'2019-09-06 17:46:28',NULL,'2019-09-06 17:46:28',NULL),(197,'DALMA YANINA BUSTAMANTE',1,'2003-10-24',15,2,'1','1',NULL,NULL,'45425819',8,5,3,NULL,3,NULL,2,3,3,NULL,3,NULL,3,NULL,1,1,199,89,'2019-09-06 17:48:47',NULL,'2019-09-06 17:48:47',NULL),(198,'GARCIA SABINA',1,'1900-01-01',33,4,'1','2',NULL,NULL,'94546564',8,2,1,NULL,1,'tarjeta de alimento',2,2,2,NULL,2,NULL,2,NULL,1,2,200,59,'2019-09-06 17:49:09',NULL,'2019-09-06 17:49:09',NULL),(199,'NATALIA ZACCARDO',1,'1987-10-09',32,4,'1','1',NULL,NULL,'33482419',8,5,3,NULL,3,NULL,2,3,3,NULL,3,NULL,3,NULL,1,2,203,50,'2019-09-06 17:50:31',NULL,'2019-09-06 17:50:31',NULL),(200,'NATALIA VERON',1,'1986-02-11',33,4,'1','1',NULL,NULL,'32091726',8,5,3,NULL,3,NULL,2,3,3,NULL,3,NULL,3,NULL,1,2,205,50,'2019-09-06 18:01:19',NULL,'2019-09-06 18:01:19',NULL),(201,'Rocio Belen Lopez',1,'1900-01-01',24,3,'1','1',NULL,NULL,'0',5,3,1,NULL,1,NULL,1,2,1,'Lesiones en sus brazos y en su cuello',2,NULL,2,NULL,1,2,206,12,'2019-09-06 18:05:49',NULL,'2019-09-06 18:05:49',NULL),(202,'CANDELA SPERONI',1,'1900-01-01',13,2,'1','1',NULL,NULL,'52662844',2,4,1,NULL,2,NULL,2,2,3,NULL,2,NULL,2,NULL,2,1,208,11,'2019-09-06 18:07:22',NULL,'2019-09-06 18:07:22',NULL),(203,'ACOSTA MARCELA',1,'1900-01-01',19,3,'1','1',NULL,NULL,'44208158',8,5,2,NULL,2,NULL,2,2,1,'GOLPES Y PERDIDA DE UN EMBARAZO',3,NULL,2,NULL,1,1,207,86,'2019-09-06 18:09:55',NULL,'2019-09-06 18:09:55',NULL),(204,'LUIS ALBERTO PAZ',3,'1900-01-01',0,5,'1','1',NULL,NULL,'8446742',1,2,2,NULL,2,NULL,NULL,2,2,NULL,2,NULL,2,NULL,1,2,209,77,'2019-09-06 18:12:42',NULL,'2019-09-06 18:12:42',NULL),(205,'ACOSTA DANIEL',3,'1900-01-01',16,2,'6',NULL,NULL,NULL,NULL,8,5,3,NULL,3,NULL,NULL,2,3,NULL,3,NULL,3,NULL,2,1,125,100,'2019-09-06 18:12:49',100,'2019-09-06 18:13:34',NULL),(207,'FRANCO BUSTOS',3,'1900-01-01',14,2,'1','1',NULL,NULL,'0',8,4,2,NULL,3,NULL,NULL,2,3,NULL,3,NULL,3,NULL,2,1,213,69,'2019-09-06 18:20:06',NULL,'2019-09-06 18:20:06',NULL),(208,'MARIA BELEN TORCIGLIANI',1,'1900-01-01',28,3,'1','1',NULL,NULL,'42418509',4,2,3,NULL,3,NULL,1,1,2,NULL,3,NULL,2,NULL,1,2,214,81,'2019-09-06 18:24:06',NULL,'2019-09-06 18:24:06',NULL),(209,'Daniel Dacovich',3,'1900-01-01',45,4,'1','1',NULL,NULL,'0',8,2,2,NULL,2,NULL,NULL,2,2,NULL,2,NULL,2,NULL,1,2,212,104,'2019-09-06 18:29:15',NULL,'2019-09-06 18:29:15',NULL),(210,'ALBORNOZ LUANA GUADALUPE',1,'1900-01-01',15,2,'4',NULL,NULL,NULL,NULL,8,5,3,NULL,3,NULL,2,2,2,NULL,3,NULL,2,NULL,2,1,215,100,'2019-09-06 18:38:21',NULL,'2019-09-06 18:38:21',NULL),(211,'NAHIR KAREN LOURDES MARTINEZ',1,'1990-07-15',19,3,'1','1',NULL,NULL,'42037961',8,5,3,NULL,3,NULL,2,3,3,NULL,3,NULL,3,NULL,2,1,216,50,'2019-09-06 18:45:37',NULL,'2019-09-06 18:45:37',NULL),(212,'CASO ANABELLA BUSTOS',1,'1900-01-01',13,2,'4',NULL,NULL,NULL,NULL,8,5,3,NULL,3,NULL,2,3,3,NULL,3,NULL,3,NULL,1,1,217,89,'2019-09-06 18:51:32',NULL,'2019-09-06 18:51:32',NULL),(213,'MAITE YULIANA MAGALI POLOLA',1,'2005-08-15',13,2,'1','1',NULL,NULL,'47383805',8,1,3,NULL,3,NULL,2,3,3,NULL,3,NULL,3,NULL,2,1,218,81,'2019-09-06 18:53:26',NULL,'2019-09-06 18:53:26',NULL),(214,'FLORENCIA ROCIO SANDEZ',1,'2003-02-15',16,2,'1','1',NULL,NULL,'44707218',8,5,3,NULL,3,NULL,2,3,3,NULL,3,NULL,3,NULL,1,1,221,89,'2019-09-06 19:01:56',NULL,'2019-09-06 19:01:56',NULL),(215,'MARCELA ALFARO',1,'1900-01-01',52,5,'1','1',NULL,NULL,'18527501',7,3,2,NULL,2,NULL,2,2,2,NULL,3,NULL,2,NULL,1,2,220,104,'2019-09-06 19:05:09',NULL,'2019-09-06 19:05:09',NULL),(216,'MORA NINFA',1,'1959-01-09',60,5,'1','1',NULL,NULL,'92457703',8,5,3,NULL,3,NULL,2,3,3,NULL,3,NULL,3,NULL,1,2,219,50,'2019-09-06 19:09:01',NULL,'2019-09-06 19:09:01',NULL),(217,'MIA AYLEN ABIGAIL RIOS',1,'2009-08-02',6,1,'1','1',NULL,NULL,'49680610',8,5,3,NULL,3,NULL,2,3,3,NULL,3,NULL,3,NULL,2,1,223,50,'2019-09-06 19:15:53',NULL,'2019-09-06 19:15:53',NULL),(218,'ARCE VICTOR OMAR',3,'1900-01-01',45,4,'4',NULL,NULL,NULL,NULL,8,5,3,NULL,3,NULL,NULL,3,3,NULL,3,NULL,3,NULL,2,1,222,98,'2019-09-06 19:16:30',NULL,'2019-09-06 19:16:30',NULL),(219,'ARANA LORENA LETICIA',1,'1900-01-01',0,4,'4',NULL,NULL,NULL,NULL,8,1,2,NULL,3,NULL,2,2,1,'HOMICIDIO',2,NULL,2,NULL,2,1,224,85,'2019-09-06 19:16:54',NULL,'2019-09-06 19:16:54',NULL),(220,'ZARNIK MELANY NICOLE',1,'1900-01-01',0,7,'1','1',NULL,NULL,'49626445',8,5,3,NULL,3,NULL,2,3,3,NULL,3,NULL,3,NULL,2,1,226,50,'2019-09-06 19:24:14',NULL,'2019-09-06 19:24:14',NULL),(221,'FLORENCIA MELANIE SAUCEDO',1,'2004-05-12',15,2,'1','1',NULL,NULL,'45307178',8,5,3,NULL,3,NULL,2,3,3,NULL,3,NULL,3,NULL,1,1,225,89,'2019-09-06 19:24:30',NULL,'2019-09-06 19:24:30',NULL),(222,'GUILLERMINA CIRONE',1,'1900-01-01',27,3,'2',NULL,NULL,NULL,NULL,8,5,2,NULL,3,NULL,2,3,3,NULL,3,NULL,3,NULL,2,1,227,21,'2019-09-06 19:30:39',NULL,'2019-09-06 19:30:39',NULL),(223,'CRUZ ROBERTO',3,'1900-01-01',0,5,'4',NULL,NULL,NULL,NULL,8,2,2,NULL,2,NULL,NULL,2,2,NULL,2,NULL,2,NULL,1,1,228,85,'2019-09-06 19:32:12',NULL,'2019-09-06 19:32:12',NULL),(224,'MÁXIMA ATHINA BERODIA',1,'1900-01-01',0,7,'1','1',NULL,NULL,'47033487',8,5,3,NULL,3,NULL,2,3,3,NULL,3,NULL,3,NULL,2,1,229,50,'2019-09-06 19:32:15',NULL,'2019-09-06 19:32:15',NULL),(226,'PAOLA CABALLERO',1,'1900-01-01',22,3,'4',NULL,NULL,NULL,NULL,8,5,3,NULL,3,NULL,2,3,3,NULL,3,NULL,3,NULL,2,1,231,21,'2019-09-06 19:50:56',NULL,'2019-09-06 19:50:56',NULL),(227,'MARINA RODRIGUEZ',1,'1900-01-01',0,7,'2',NULL,NULL,NULL,NULL,8,5,3,NULL,3,NULL,2,3,3,NULL,3,NULL,2,NULL,1,2,232,21,'2019-09-06 19:57:40',NULL,'2019-09-06 19:57:40',NULL),(228,'MARTINEZ YANINA ADRIANA',1,'1992-11-30',26,3,'1','1',NULL,NULL,'37387751',8,5,3,NULL,3,NULL,2,3,3,NULL,3,NULL,3,NULL,1,1,233,50,'2019-09-06 19:58:28',NULL,'2019-09-06 19:58:28',NULL),(229,'ALGARIN REYES JUANA',1,'1900-01-01',7,1,'4',NULL,NULL,NULL,NULL,8,5,3,NULL,3,NULL,2,2,2,NULL,3,NULL,2,NULL,2,1,234,100,'2019-09-06 20:10:37',NULL,'2019-09-06 20:10:37',NULL),(230,'MAITA CELESTE MAGALI',1,'2005-03-03',13,2,'1','1',NULL,NULL,'46655536',8,5,2,NULL,3,NULL,2,3,3,NULL,3,NULL,3,NULL,2,1,235,50,'2019-09-06 20:14:41',NULL,'2019-09-06 20:14:41',NULL),(231,'MAIDA DAIANA BOGARIN',1,'1900-01-01',0,7,'1','1',NULL,NULL,'37808928',8,5,3,NULL,3,NULL,2,3,3,NULL,3,NULL,3,NULL,2,1,236,50,'2019-09-06 20:36:56',NULL,'2019-09-06 20:36:56',NULL),(232,'MILAGROS PINTOS',1,'1900-01-01',11,1,'4',NULL,NULL,NULL,NULL,8,5,3,NULL,2,NULL,2,2,2,NULL,2,NULL,2,NULL,2,2,237,44,'2019-09-06 21:51:51',NULL,'2019-09-06 21:51:51',NULL),(233,'PRUEBA II',3,'1900-01-01',44,4,'1','2',NULL,NULL,'2531231',4,2,3,NULL,3,NULL,NULL,3,3,NULL,3,NULL,3,NULL,1,1,238,11,'2019-09-06 22:27:46',NULL,'2019-09-06 22:27:46',NULL),(234,'PRUEBA IIBIS',3,'1900-01-01',0,7,'2',NULL,NULL,NULL,NULL,3,1,2,NULL,1,NULL,NULL,2,2,NULL,2,NULL,2,NULL,1,1,238,11,'2019-09-06 22:32:29',NULL,'2019-09-06 22:32:29',NULL),(235,'PRUEBAIII',3,'1900-01-01',44,4,'1','1',NULL,NULL,'0',7,2,2,NULL,2,NULL,NULL,2,2,NULL,2,NULL,2,NULL,1,1,239,34,'2019-09-06 22:47:28',NULL,'2019-09-06 22:47:28',NULL),(236,'PRUEBA',3,'1900-01-01',44,4,'1','1',NULL,NULL,'203212313',3,2,2,NULL,2,NULL,NULL,2,2,NULL,2,NULL,2,NULL,2,1,240,7,'2019-09-07 01:34:43',NULL,'2019-09-07 01:34:43',NULL),(237,'PRUEBAII',3,'1900-01-01',33,4,'2',NULL,NULL,NULL,NULL,2,2,2,NULL,2,NULL,NULL,2,2,NULL,2,NULL,2,NULL,2,1,240,7,'2019-09-07 01:45:34',NULL,'2019-09-07 01:45:34',NULL),(239,'MARIA LUCIA ARGUELLO',1,'1900-01-01',31,4,'4',NULL,NULL,NULL,NULL,8,5,3,NULL,3,NULL,2,2,2,NULL,3,NULL,2,NULL,2,1,242,76,'2019-09-08 01:37:20',NULL,'2019-09-08 01:37:20',NULL),(240,'MONICA CORTINEZ',1,'1900-01-01',0,7,'4',NULL,NULL,NULL,NULL,8,5,3,NULL,3,NULL,2,3,2,NULL,3,NULL,2,NULL,1,2,243,76,'2019-09-08 02:02:17',NULL,'2019-09-08 02:02:17',NULL),(241,'DENISE HOURCADE',1,'1900-01-01',0,7,'4',NULL,NULL,NULL,NULL,6,1,2,NULL,2,NULL,2,2,2,NULL,3,NULL,2,NULL,1,2,244,76,'2019-09-08 02:15:14',NULL,'2019-09-08 02:15:14',NULL),(242,'ACOSTA SHEILA',1,'1900-01-01',0,7,'1','7',NULL,NULL,'0',8,5,2,NULL,3,NULL,2,2,2,NULL,2,NULL,2,NULL,1,2,246,86,'2019-09-09 13:44:03',NULL,'2019-09-09 13:44:03',NULL),(243,'AGUAYO   KARINA',1,'1900-01-01',0,7,'4',NULL,NULL,NULL,NULL,8,5,2,NULL,3,NULL,2,2,2,NULL,2,NULL,2,NULL,1,2,247,86,'2019-09-09 14:03:13',NULL,'2019-09-09 14:03:13',NULL),(244,'ADOLFO ANDRADA',3,'1900-01-01',0,4,'1','1',NULL,NULL,'0',4,2,3,NULL,2,NULL,NULL,2,2,NULL,2,NULL,2,NULL,1,1,250,4,'2019-09-09 14:23:26',NULL,'2019-09-09 14:23:26',NULL),(245,'AGUIRRE PERALTA  MILAGROS ZOE',1,'1900-01-01',14,2,'1','1',NULL,NULL,'45394692',4,1,2,NULL,2,NULL,2,2,3,NULL,2,NULL,2,NULL,2,1,249,86,'2019-09-09 14:24:07',NULL,'2019-09-09 14:24:07',NULL),(246,'LUJAN VERÓN',1,'2003-03-12',17,2,'1','1',NULL,NULL,'45069399',8,5,3,NULL,3,NULL,2,3,3,NULL,3,NULL,3,NULL,2,1,251,50,'2019-09-09 14:39:33',NULL,'2019-09-09 14:39:33',NULL),(247,'LUCAS VALENTÍN SORAIRE',3,'2010-05-25',8,1,'1','1',NULL,NULL,'50305546',8,5,3,NULL,3,NULL,NULL,3,3,NULL,3,NULL,3,NULL,2,1,252,50,'2019-09-09 14:51:27',NULL,'2019-09-09 14:51:27',NULL),(248,'LORENA PAOLA ALFONSO',1,'1982-07-21',36,4,'1','1',NULL,NULL,'29557646',8,5,3,NULL,3,NULL,2,3,3,NULL,3,NULL,3,NULL,1,2,255,50,'2019-09-09 15:04:02',NULL,'2019-09-09 15:04:02',NULL),(249,'ALBARENGO MARIA DE LOS ANGELES',1,'1900-01-01',0,7,'1','1',NULL,NULL,'38553808',8,5,2,NULL,3,NULL,2,2,2,NULL,2,NULL,2,NULL,1,2,256,86,'2019-09-09 15:07:26',NULL,'2019-09-09 15:07:26',NULL),(250,'LISANDRO BENJAMÍN REYES',3,'2010-05-01',8,1,'1','1',NULL,NULL,'50243680',8,5,3,NULL,3,NULL,NULL,3,3,NULL,3,NULL,3,NULL,2,1,257,50,'2019-09-09 15:12:31',NULL,'2019-09-09 15:12:31',NULL),(251,'MARTINEZ BENITEZ LIDIA',1,'1972-06-28',47,4,'1','1',NULL,NULL,'94574080',8,5,3,NULL,3,NULL,2,3,3,NULL,3,NULL,3,NULL,1,2,259,50,'2019-09-09 15:20:41',NULL,'2019-09-09 15:20:41',NULL),(252,'LEANDRO DAMIAN SANTA CRUZ',3,'1900-01-01',17,2,'1','1',NULL,NULL,'41393231',8,5,3,NULL,3,NULL,NULL,3,3,NULL,3,NULL,3,NULL,2,1,260,50,'2019-09-09 15:29:55',NULL,'2019-09-09 15:29:55',NULL),(253,'KEYLA LUDMILA BRIZUELA',1,'2013-12-27',5,1,'1','1',NULL,NULL,'53672470',8,5,3,NULL,3,NULL,2,3,3,NULL,3,NULL,3,NULL,2,1,261,50,'2019-09-09 15:43:11',NULL,'2019-09-09 15:43:11',NULL);
/*!40000 ALTER TABLE `victims` ENABLE KEYS */;
UNLOCK TABLES;

--
-- Table structure for table `vistas`
--

DROP TABLE IF EXISTS `vistas`;
/*!40101 SET @saved_cs_client     = @@character_set_client */;
/*!40101 SET character_set_client = utf8 */;
CREATE TABLE `vistas` (
  `id` int(11) NOT NULL,
  `nombre` varchar(255) COLLATE utf8mb4_bin NOT NULL,
  `url` varchar(255) COLLATE utf8mb4_bin NOT NULL,
  PRIMARY KEY (`id`)
) ENGINE=InnoDB DEFAULT CHARSET=utf8mb4 COLLATE=utf8mb4_bin;
/*!40101 SET character_set_client = @saved_cs_client */;

--
-- Dumping data for table `vistas`
--

LOCK TABLES `vistas` WRITE;
/*!40000 ALTER TABLE `vistas` DISABLE KEYS */;
INSERT INTO `vistas` VALUES (1,'Eje A: Datos institucionales','agregarCaso'),(2,'Eje B: Caracterización de la victima y su contexto','agregarVictima'),(3,'Eje C: Referentes Afectivos','agregarconviviente'),(5,'Eje D: Datos del imputado','agregarimputado'),(6,'Eje E: Atención del caso','agregarOrganismo'),(7,'Eje F: Documentación','agregarDocumento'),(8,'Eje G: Agregar Intervención-Informe de Seguimiento','agregarIntervencion'),(9,'Informe','informe');
/*!40000 ALTER TABLE `vistas` ENABLE KEYS */;
UNLOCK TABLES;
/*!40103 SET TIME_ZONE=@OLD_TIME_ZONE */;

/*!40101 SET SQL_MODE=@OLD_SQL_MODE */;
/*!40014 SET FOREIGN_KEY_CHECKS=@OLD_FOREIGN_KEY_CHECKS */;
/*!40014 SET UNIQUE_CHECKS=@OLD_UNIQUE_CHECKS */;
/*!40101 SET CHARACTER_SET_CLIENT=@OLD_CHARACTER_SET_CLIENT */;
/*!40101 SET CHARACTER_SET_RESULTS=@OLD_CHARACTER_SET_RESULTS */;
/*!40101 SET COLLATION_CONNECTION=@OLD_COLLATION_CONNECTION */;
/*!40111 SET SQL_NOTES=@OLD_SQL_NOTES */;

-- Dump completed on 2019-09-09 15:19:39
